Workbook

Sheet Players - Men
A1: H & S Singles Tournament 2026
B6: Men Division 1
A7: 1 | B7: Trevor Rutter
A8: 2 | B8: Jean Attard
A9: 3 | B9: Josef Cristiano
A10: 4 | B10: Sebastian Sanchez
A11: 5 | B11: Jean Carl Azzopardi
A12: 6 | B12: Karl Debattista
A13: 7 | B13: Fotios Evangelou
B15: Men Division 2 - Group A | E15: Men Division 2 - Group B
A16: 1 | B16: Kristen Cachia | D16: 1 | E16: Jonathan Martinelli
A17: 2 | B17: Emman Xuereb | D17: 2 | E17: Peter Khiev
A18: 3 | B18: Sandro Pecorella | D18: 3 | E18: John Mifsud
A19: 4 | B19: Justin Graeme Christie | D19: 4 | E19: Luke Genuis
A20: 5 | B20: Ivan Cassar | D20: 5 | E20: Tobias Kristensen
A21: 6 | B21: Jurgen Farrugia | D21: 6 | E21: Etienne Formosa Carabez
A22: 7 | B22: Jean Paul Vella | D22: 7 | E22: Steve Gambin
B24: Men Division 3 - Group A | E24: Men Division 3 Group B
A25: 1 | B25: Manuel Mifsud | D25: 1 | E25: Matthias Sciriha
A26: 2 | B26: Matthew Caruana | D26: 2 | E26: Kenneth Farrugia
A27: 3 | B27: Juan Sammut | D27: 3 | E27: Simone Re
A28: 4 | B28: Artiom Kricenko | D28: 4 | E28: Matthew Micallef
A29: 5 | B29: Jason Lee Evans | D29: 5 | E29: Jurgen Cachia
A30: 6 | B30: Chris Vella | D30: 6 | E30: Redent Scicluna
B32: Men Division 4 - Group A | E32: Men Division 4 Group B
A33: 1 | B33: Clive Silvio Borg | D33: 1 | E33: David Camilleri
A34: 2 | B34: Julian Galea Naudi | D34: 2 | E34: Braydon Galea
A35: 3 | B35: JP Sciberras | D35: 3 | E35: Isaac Joseph Zammit
A36: 4 | B36: Matthias Cremona | D36: 4 | E36: Daniele Privitera
A37: 5 | B37: Mickey Mitic | D37: 5 | E37: Kevin Sciberras
A38: 6 | B38: Sean Cachia | D38: 6 | E38: Glenn Micallef
B41: Men Division 5
A42: 1 | B42: Twesigye Twekye
A43: 2 | B43: Justin Scicluna
A44: 3 | B44: Frank Agius
A45: 4 | B45: Chris Boot
A46: 5 | B46: Oliver Brincat
A47: 6 | B47: Mark Napier
A48: 7 | B48: Antoine Bugeja

Sheet Men Div 1
A1: H & S Singles Tournament 2026
A5: Division 1
A7: Players | B7: Set Scores | H7: Tie | P7: Players | Q7: Set Scores | W7: Tie | AE7: Player | AF7: Matches Played | AG7: Points Overall | AH7: Games Won | AI7: Sets Won
B8: Score | C8: Set 1 Work | E8: Score | F8: Set 2 Work | H8: Score | I8: Tie Work | J8: Game Played | K8: Sets Points Work | L8: Sets & Tie Points Work | M8: Games Wins Work | N8: Sets Wins Work | Q8: Score | R8: Set 1 Work | T8: Score | U8: Set 2 Work | W8: Score | X8: Tie Work | Y8: Game Played | Z8: Sets Points Work | AA8: Sets & Tie Points Work | AB8: Games Wins Work | AC8: Sets Wins Work | AJ8: Winner Working | AK8: Total Games Work | AL8: Winner
A9: =AE9 -> Trevor Rutter | B9: 3 | C9: =IF(B9>B11,1,0) -> 0 | E9: 4 | F9: =IF(E9>E11,1,0) -> 0 | I9: =IF(H9>H11,1,0) -> 0 | J9: =IF(B9="",0,1) -> 1 | K9: =IF(C9+F9=2,3,IF(C9+F9=1,1,0)) -> 0 | L9: =IF(K9=3,3,IF(I9+K9=2,2,IF(K9=1,1,0))) -> 0 | M9: =B9+E9 -> 7 | N9: =C9+F9+I9 -> 0 | P9: =AE9 -> Trevor Rutter | Q9: 6 | R9: =IF(Q9>Q11,1,0) -> 1 | T9: 6 | U9: =IF(T9>T11,1,0) -> 1 | X9: =IF(W9>W11,1,0) -> 0 | Y9: =IF(Q9="",0,1) -> 1 | Z9: =IF(R9+U9=2,3,IF(R9+U9=1,1,0)) -> 3 | AA9: =IF(Z9=3,3,IF(X9+Z9=2,2,IF(Z9=1,1,0))) -> 3 | AB9: =Q9+T9 -> 12 | AC9: =R9+U9+X9 -> 2 | AE9: ='Players - Men'!B7 -> Trevor Rutter | AF9: =J9+Y9+J13+Y13+J17+J49 -> 5 | AG9: =L9+AA9+L13+AA13+L17+L49 -> 11 | AH9: =M9+AB9+M13+AB13+M17+M49 -> 56 | AI9: =N9+AC9+N13+AC13+N17+N49 -> 8 | AJ9: =MAX(AG9:AG19) -> 11 | AK9: =SUM(AF9:AF19) -> 26 | AL9: =IF(AG9=$AJ$9,AE9,IF(AG11=$AJ$9,AE11,IF(AG13=$AJ$9,AE13,IF(AG15=$AJ$9,AE15,IF(AG17=$AJ$9,AE17,IF(AG19=$AJ$9,AE19,"")))))) -> Trevor Rutter
A10: vs. | P10: vs.
A11: =AE11 -> Jean Attard | B11: 6 | C11: =IF(B11>B9,1,0) -> 1 | E11: 6 | F11: =IF(E11>E9,1,0) -> 1 | I11: =IF(H11>H9,1,0) -> 0 | J11: =IF(B11="",0,1) -> 1 | K11: =IF(C11+F11=2,3,IF(C11+F11=1,1,0)) -> 3 | L11: =IF(K11=3,3,IF(I11+K11=2,2,IF(K11=1,1,0))) -> 3 | M11: =B11+E11 -> 12 | N11: =C11+F11+I11 -> 2 | P11: =AE13 -> Josef Cristiano | Q11: 1 | R11: =IF(Q11>Q9,1,0) -> 0 | T11: 1 | U11: =IF(T11>T9,1,0) -> 0 | X11: =IF(W11>W9,1,0) -> 0 | Y11: =IF(Q11="",0,1) -> 1 | Z11: =IF(R11+U11=2,3,IF(R11+U11=1,1,0)) -> 0 | AA11: =IF(Z11=3,3,IF(X11+Z11=2,2,IF(Z11=1,1,0))) -> 0 | AB11: =Q11+T11 -> 2 | AC11: =R11+U11+X11 -> 0 | AE11: ='Players - Men'!B8 -> Jean Attard | AF11: =J11+Y25+J25+Y21+J21+Y45 -> 4 | AG11: =L11+AA25+L25+AA21+L21+AA45 -> 6 | AH11: =M11+AB25+M25+AB21+M21+AB45 -> 35 | AI11: =N11+AC25+N25+AC21+N21+AC45 -> 4
A13: =AE9 -> Trevor Rutter | B13: 7 | C13: =IF(B13>B15,1,0) -> 1 | E13: 6 | F13: =IF(E13>E15,1,0) -> 0 | H13: 10 | I13: =IF(H13>H15,1,0) -> 1 | J13: =IF(B13="",0,1) -> 1 | K13: =IF(C13+F13=2,3,IF(C13+F13=1,1,0)) -> 1 | L13: =IF(K13=3,3,IF(I13+K13=2,2,IF(K13=1,1,0))) -> 2 | M13: =B13+E13 -> 13 | N13: =C13+F13+I13 -> 2 | P13: =AE9 -> Trevor Rutter | R13: =IF(Q13>Q15,1,0) -> 0 | U13: =IF(T13>T15,1,0) -> 0 | X13: =IF(W13>W15,1,0) -> 0 | Y13: =IF(Q13="",0,1) -> 0 | Z13: =IF(R13+U13=2,3,IF(R13+U13=1,1,0)) -> 0 | AA13: =IF(Z13=3,3,IF(X13+Z13=2,2,IF(Z13=1,1,0))) -> 0 | AB13: =Q13+T13 -> 0 | AC13: =R13+U13+X13 -> 0 | AE13: ='Players - Men'!B9 -> Josef Cristiano | AF13: =Y29+Y11+Y33+J33+J23+J45 -> 5 | AG13: =AA29+AA11+AA33+L33+L23+L45 -> 6 | AH13: =AB29+AB11+AB33+M33+M23+M45 -> 40 | AI13: =AC29+AC11+AC33+N33+N23+N45 -> 5
A14: vs. | P14: vs.
A15: =AE15 -> Sebastian Sanchez | B15: 6 | C15: =IF(B15>B13,1,0) -> 0 | E15: 7 | F15: =IF(E15>E13,1,0) -> 1 | H15: 8 | I15: =IF(H15>H13,1,0) -> 0 | J15: =IF(B15="",0,1) -> 1 | K15: =IF(C15+F15=2,3,IF(C15+F15=1,1,0)) -> 1 | L15: =IF(K15=3,3,IF(I15+K15=2,2,IF(K15=1,1,0))) -> 1 | M15: =B15+E15 -> 13 | N15: =C15+F15+I15 -> 1 | P15: =AE17 -> Jean Carl Azzopardi | R15: =IF(Q15>Q13,1,0) -> 0 | U15: =IF(T15>T13,1,0) -> 0 | X15: =IF(W15>W13,1,0) -> 0 | Y15: =IF(Q15="",0,1) -> 0 | Z15: =IF(R15+U15=2,3,IF(R15+U15=1,1,0)) -> 0 | AA15: =IF(Z15=3,3,IF(X15+Z15=2,2,IF(Z15=1,1,0))) -> 0 | AB15: =Q15+T15 -> 0 | AC15: =R15+U15+X15 -> 0 | AE15: ='Players - Men'!B10 -> Sebastian Sanchez | AF15: =Y31+J37+J15+Y23+J29+J43 -> 4 | AG15: =AA31+L37+L15+AA23+L29+L43 -> 8 | AH15: =AB31+M37+M15+AB23+M29+M43 -> 45 | AI15: =AC31+N37+N15+AC23+N29+N43 -> 6
A17: =AE9 -> Trevor Rutter | B17: 6 | C17: =IF(B17>B19,1,0) -> 1 | E17: 6 | F17: =IF(E17>E19,1,0) -> 1 | I17: =IF(H17>H19,1,0) -> 0 | J17: =IF(B17="",0,1) -> 1 | K17: =IF(C17+F17=2,3,IF(C17+F17=1,1,0)) -> 3 | L17: =IF(K17=3,3,IF(I17+K17=2,2,IF(K17=1,1,0))) -> 3 | M17: =B17+E17 -> 12 | N17: =C17+F17+I17 -> 2 | P17: =AE17 -> Jean Carl Azzopardi | R17: =IF(Q17>Q19,1,0) -> 0 | U17: =IF(T17>T19,1,0) -> 0 | X17: =IF(W17>W19,1,0) -> 0 | Y17: =IF(Q17="",0,1) -> 0 | Z17: =IF(R17+U17=2,3,IF(R17+U17=1,1,0)) -> 0 | AA17: =IF(Z17=3,3,IF(X17+Z17=2,2,IF(Z17=1,1,0))) -> 0 | AB17: =Q17+T17 -> 0 | AC17: =R17+U17+X17 -> 0 | AE17: ='Players - Men'!B11 -> Jean Carl Azzopardi | AF17: =Y17+J39+J27+Y15+J35+Y41 -> 4 | AG17: =AA17+L39+L27+AA15+L35+AA41 -> 11 | AH17: =AB17+M39+M27+AB15+M35+AB41 -> 47 | AI17: =AC17+N39+N27+AC15+N35+AC41 -> 8
A18: vs. | P18: vs.
A19: =AE19 -> Karl Debattista | B19: 3 | C19: =IF(B19>B17,1,0) -> 0 | E19: 2 | F19: =IF(E19>E17,1,0) -> 0 | I19: =IF(H19>H17,1,0) -> 0 | J19: =IF(B19="",0,1) -> 1 | K19: =IF(C19+F19=2,3,IF(C19+F19=1,1,0)) -> 0 | L19: =IF(K19=3,3,IF(I19+K19=2,2,IF(K19=1,1,0))) -> 0 | M19: =B19+E19 -> 5 | N19: =C19+F19+I19 -> 0 | P19: =AE19 -> Karl Debattista | R19: =IF(Q19>Q17,1,0) -> 0 | U19: =IF(T19>T17,1,0) -> 0 | X19: =IF(W19>W17,1,0) -> 0 | Y19: =IF(Q19="",0,1) -> 0 | Z19: =IF(R19+U19=2,3,IF(R19+U19=1,1,0)) -> 0 | AA19: =IF(Z19=3,3,IF(X19+Z19=2,2,IF(Z19=1,1,0))) -> 0 | AB19: =Q19+T19 -> 0 | AC19: =R19+U19+X19 -> 0 | AE19: ='Players - Men'!B12 -> Karl Debattista | AF19: =Y19+Y27+Y35+J19+J31+Y39 -> 4 | AG19: =AA19+AA35+L31+AA27+L19+AA39 -> 5 | AH19: =AB19+AB27+AB35+M19+M31+AB39 -> 38 | AI19: =AC19+AC27+AC35+N19+N31+AC39 -> 4
A21: =AE11 -> Jean Attard | B21: 4 | C21: =IF(B21>B23,1,0) -> 0 | E21: 1 | F21: =IF(E21>E23,1,0) -> 0 | I21: =IF(H21>H23,1,0) -> 0 | J21: =IF(B21="",0,1) -> 1 | K21: =IF(C21+F21=2,3,IF(C21+F21=1,1,0)) -> 0 | L21: =IF(K21=3,3,IF(I21+K21=2,2,IF(K21=1,1,0))) -> 0 | M21: =B21+E21 -> 5 | N21: =C21+F21+I21 -> 0 | P21: =AE11 -> Jean Attard | R21: =IF(Q21>Q23,1,0) -> 0 | U21: =IF(T21>T23,1,0) -> 0 | X21: =IF(W21>W23,1,0) -> 0 | Y21: =IF(Q21="",0,1) -> 0 | Z21: =IF(R21+U21=2,3,IF(R21+U21=1,1,0)) -> 0 | AA21: =IF(Z21=3,3,IF(X21+Z21=2,2,IF(Z21=1,1,0))) -> 0 | AB21: =Q21+T21 -> 0 | AC21: =R21+U21+X21 -> 0 | AE21: ='Players - Men'!B13 -> Fotios Evangelou | AF21: =J41+J47+J51+Y37+Y43+Y47 -> 6 | AG21: =L41+L47+L51+AA37+AA43+AA47 -> 1 | AH21: =M41+M47+M51+AB37+AB43+AB47 -> 27 | AI21: =N41+N47+N51+AC37+AC43+AC47 -> 1
A22: vs. | P22: vs.
A23: =AE13 -> Josef Cristiano | B23: 6 | C23: =IF(B23>B21,1,0) -> 1 | E23: 6 | F23: =IF(E23>E21,1,0) -> 1 | I23: =IF(H23>H21,1,0) -> 0 | J23: =IF(B23="",0,1) -> 1 | K23: =IF(C23+F23=2,3,IF(C23+F23=1,1,0)) -> 3 | L23: =IF(K23=3,3,IF(I23+K23=2,2,IF(K23=1,1,0))) -> 3 | M23: =B23+E23 -> 12 | N23: =C23+F23+I23 -> 2 | P23: =AE15 -> Sebastian Sanchez | R23: =IF(Q23>Q21,1,0) -> 0 | U23: =IF(T23>T21,1,0) -> 0 | X23: =IF(W23>W21,1,0) -> 0 | Y23: =IF(Q23="",0,1) -> 0 | Z23: =IF(R23+U23=2,3,IF(R23+U23=1,1,0)) -> 0 | AA23: =IF(Z23=3,3,IF(X23+Z23=2,2,IF(Z23=1,1,0))) -> 0 | AB23: =Q23+T23 -> 0 | AC23: =R23+U23+X23 -> 0 | AE23: Division Winner
A25: =AE11 -> Jean Attard | B25: 5 | C25: =IF(B25>B27,1,0) -> 0 | E25: 1 | F25: =IF(E25>E27,1,0) -> 0 | I25: =IF(H25>H27,1,0) -> 0 | J25: =IF(B25="",0,1) -> 1 | K25: =IF(C25+F25=2,3,IF(C25+F25=1,1,0)) -> 0 | L25: =IF(K25=3,3,IF(I25+K25=2,2,IF(K25=1,1,0))) -> 0 | M25: =B25+E25 -> 6 | N25: =C25+F25+I25 -> 0 | P25: =AE11 -> Jean Attard | U25: =IF(T25>T27,1,0) -> 0 | X25: =IF(W25>W27,1,0) -> 0 | Y25: =IF(Q25="",0,1) -> 0 | Z25: =IF(R25+U25=2,3,IF(R25+U25=1,1,0)) -> 0 | AA25: =IF(Z25=3,3,IF(X25+Z25=2,2,IF(Z25=1,1,0))) -> 0 | AB25: =Q25+T25 -> 0 | AC25: =R25+U25+X25 -> 0
A26: vs. | P26: vs. | AE26: Division Runner UP
A27: =AE17 -> Jean Carl Azzopardi | B27: 7 | C27: =IF(B27>B25,1,0) -> 1 | E27: 6 | F27: =IF(E27>E25,1,0) -> 1 | I27: =IF(H27>H25,1,0) -> 0 | J27: =IF(B27="",0,1) -> 1 | K27: =IF(C27+F27=2,3,IF(C27+F27=1,1,0)) -> 3 | L27: =IF(K27=3,3,IF(I27+K27=2,2,IF(K27=1,1,0))) -> 3 | M27: =B27+E27 -> 13 | N27: =C27+F27+I27 -> 2 | P27: =AE19 -> Karl Debattista | U27: =IF(T27>T25,1,0) -> 0 | X27: =IF(W27>W25,1,0) -> 0 | Y27: =IF(Q27="",0,1) -> 0 | Z27: =IF(R27+U27=2,3,IF(R27+U27=1,1,0)) -> 0 | AA27: =IF(Z27=3,3,IF(X27+Z27=2,2,IF(Z27=1,1,0))) -> 0 | AB27: =Q27+T27 -> 0 | AC27: =R27+U27+X27 -> 0
A29: =AE15 -> Sebastian Sanchez | B29: 6 | C29: =IF(B29>B31,1,0) -> 1 | E29: 7 | F29: =IF(E29>E31,1,0) -> 1 | I29: =IF(H29>H31,1,0) -> 0 | J29: =IF(B29="",0,1) -> 1 | K29: =IF(C29+F29=2,3,IF(C29+F29=1,1,0)) -> 3 | L29: =IF(K29=3,3,IF(I29+K29=2,2,IF(K29=1,1,0))) -> 3 | M29: =B29+E29 -> 13 | N29: =C29+F29+I29 -> 2 | P29: =AE13 -> Josef Cristiano | R29: =IF(Q29>Q31,1,0) -> 0 | U29: =IF(T29>T31,1,0) -> 0 | X29: =IF(W29>W31,1,0) -> 0 | Y29: =IF(Q29="",0,1) -> 0 | Z29: =IF(R29+U29=2,3,IF(R29+U29=1,1,0)) -> 0 | AA29: =IF(Z29=3,3,IF(X29+Z29=2,2,IF(Z29=1,1,0))) -> 0 | AB29: =Q29+T29 -> 0 | AC29: =R29+U29+X29 -> 0
A30: vs. | P30: vs.
A31: =AE19 -> Karl Debattista | B31: 4 | C31: =IF(B31>B29,1,0) -> 0 | E31: 5 | F31: =IF(E31>E29,1,0) -> 0 | I31: =IF(H31>H29,1,0) -> 0 | J31: =IF(B31="",0,1) -> 1 | K31: =IF(C31+F31=2,3,IF(C31+F31=1,1,0)) -> 0 | L31: =IF(K31=3,3,IF(I31+K31=2,2,IF(K31=1,1,0))) -> 0 | M31: =B31+E31 -> 9 | N31: =C31+F31+I31 -> 0 | P31: =AE15 -> Sebastian Sanchez | R31: =IF(Q31>Q29,1,0) -> 0 | U31: =IF(T31>T29,1,0) -> 0 | X31: =IF(W31>W29,1,0) -> 0 | Y31: =IF(Q31="",0,1) -> 0 | Z31: =IF(R31+U31=2,3,IF(R31+U31=1,1,0)) -> 0 | AA31: =IF(Z31=3,3,IF(X31+Z31=2,2,IF(Z31=1,1,0))) -> 0 | AB31: =Q31+T31 -> 0 | AC31: =R31+U31+X31 -> 0
A33: =AE13 -> Josef Cristiano | B33: 3 | C33: =IF(B33>B35,1,0) -> 0 | E33: 2 | F33: =IF(E33>E35,1,0) -> 0 | I33: =IF(H33>H35,1,0) -> 0 | J33: =IF(B33="",0,1) -> 1 | K33: =IF(C33+F33=2,3,IF(C33+F33=1,1,0)) -> 0 | L33: =IF(K33=3,3,IF(I33+K33=2,2,IF(K33=1,1,0))) -> 0 | M33: =B33+E33 -> 5 | N33: =C33+F33+I33 -> 0 | P33: =AE13 -> Josef Cristiano | Q33: 7 | R33: =IF(Q33>Q35,1,0) -> 1 | T33: 5 | U33: =IF(T33>T35,1,0) -> 0 | W33: 4 | X33: =IF(W33>W35,1,0) -> 0 | Y33: =IF(Q33="",0,1) -> 1 | Z33: =IF(R33+U33=2,3,IF(R33+U33=1,1,0)) -> 1 | AA33: =IF(Z33=3,3,IF(X33+Z33=2,2,IF(Z33=1,1,0))) -> 1 | AB33: =Q33+T33 -> 12 | AC33: =R33+U33+X33 -> 1
A34: vs. | P34: vs.
A35: =AE17 -> Jean Carl Azzopardi | B35: 6 | C35: =IF(B35>B33,1,0) -> 1 | E35: 6 | F35: =IF(E35>E33,1,0) -> 1 | I35: =IF(H35>H33,1,0) -> 0 | J35: =IF(B35="",0,1) -> 1 | K35: =IF(C35+F35=2,3,IF(C35+F35=1,1,0)) -> 3 | L35: =IF(K35=3,3,IF(I35+K35=2,2,IF(K35=1,1,0))) -> 3 | M35: =B35+E35 -> 12 | N35: =C35+F35+I35 -> 2 | P35: =AE19 -> Karl Debattista | Q35: 5 | R35: =IF(Q35>Q33,1,0) -> 0 | T35: 7 | U35: =IF(T35>T33,1,0) -> 1 | W35: 10 | X35: =IF(W35>W33,1,0) -> 1 | Y35: =IF(Q35="",0,1) -> 1 | Z35: =IF(R35+U35=2,3,IF(R35+U35=1,1,0)) -> 1 | AA35: =IF(Z35=3,3,IF(X35+Z35=2,2,IF(Z35=1,1,0))) -> 2 | AB35: =Q35+T35 -> 12 | AC35: =R35+U35+X35 -> 2
A37: =AE15 -> Sebastian Sanchez | B37: 6 | C37: =IF(B37>B39,1,0) -> 1 | E37: 1 | F37: =IF(E37>E39,1,0) -> 0 | H37: 0 | I37: =IF(H37>H39,1,0) -> 0 | J37: =IF(B37="",0,1) -> 1 | K37: =IF(C37+F37=2,3,IF(C37+F37=1,1,0)) -> 1 | L37: =IF(K37=3,3,IF(I37+K37=2,2,IF(K37=1,1,0))) -> 1 | M37: =B37+E37 -> 7 | N37: =C37+F37+I37 -> 1 | P37: =AE21 -> Fotios Evangelou | Q37: 1 | R37: =IF(Q37>Q39,1,0) -> 0 | T37: 1 | U37: =IF(T37>T39,1,0) -> 0 | X37: =IF(W37>W35,1,0) -> 0 | Y37: =IF(Q37="",0,1) -> 1 | Z37: =IF(R37+U37=2,3,IF(R37+U37=1,1,0)) -> 0 | AA37: =IF(Z37=3,3,IF(X37+Z37=2,2,IF(Z37=1,1,0))) -> 0 | AB37: =Q37+T37 -> 2 | AC37: =R37+U37+X37 -> 0
A38: vs. | P38: vs.
A39: =AE17 -> Jean Carl Azzopardi | B39: 4 | C39: =IF(B39>B37,1,0) -> 0 | E39: 6 | F39: =IF(E39>E37,1,0) -> 1 | H39: 10 | I39: =IF(H39>H37,1,0) -> 1 | J39: =IF(B39="",0,1) -> 1 | K39: =IF(C39+F39=2,3,IF(C39+F39=1,1,0)) -> 1 | L39: =IF(K39=3,3,IF(I39+K39=2,2,IF(K39=1,1,0))) -> 2 | M39: =B39+E39 -> 10 | N39: =C39+F39+I39 -> 2 | P39: =AE19 -> Karl Debattista | Q39: 6 | R39: =IF(Q39>Q37,1,0) -> 1 | T39: 6 | U39: =IF(T39>T37,1,0) -> 1 | X39: =IF(W39>W37,1,0) -> 0 | Y39: =IF(Q39="",0,1) -> 1 | Z39: =IF(R39+U39=2,3,IF(R39+U39=1,1,0)) -> 3 | AA39: =IF(Z39=3,3,IF(X39+Z39=2,2,IF(Z39=1,1,0))) -> 3 | AB39: =Q39+T39 -> 12 | AC39: =R39+U39+X39 -> 2
A41: =AE21 -> Fotios Evangelou | B41: 3 | C41: =IF(B41>B43,1,0) -> 0 | E41: 2 | F41: =IF(E41>E43,1,0) -> 0 | I41: =IF(H41>H39,1,0) -> 0 | J41: =IF(B41="",0,1) -> 1 | K41: =IF(C41+F41=2,3,IF(C41+F41=1,1,0)) -> 0 | L41: =IF(K41=3,3,IF(I41+K41=2,2,IF(K41=1,1,0))) -> 0 | M41: =B41+E41 -> 5 | N41: =C41+F41+I41 -> 0 | P41: =AE17 -> Jean Carl Azzopardi | Q41: 6 | R41: =IF(Q41>Q43,1,0) -> 1 | T41: 6 | U41: =IF(T41>T43,1,0) -> 1 | X41: =IF(W41>W39,1,0) -> 0 | Y41: =IF(Q41="",0,1) -> 1 | Z41: =IF(R41+U41=2,3,IF(R41+U41=1,1,0)) -> 3 | AA41: =IF(Z41=3,3,IF(X41+Z41=2,2,IF(Z41=1,1,0))) -> 3 | AB41: =Q41+T41 -> 12 | AC41: =R41+U41+X41 -> 2
A42: vs. | P42: vs.
A43: =AE15 -> Sebastian Sanchez | B43: 6 | C43: =IF(B43>B41,1,0) -> 1 | E43: 6 | F43: =IF(E43>E41,1,0) -> 1 | I43: =IF(H43>H41,1,0) -> 0 | J43: =IF(B43="",0,1) -> 1 | K43: =IF(C43+F43=2,3,IF(C43+F43=1,1,0)) -> 3 | L43: =IF(K43=3,3,IF(I43+K43=2,2,IF(K43=1,1,0))) -> 3 | M43: =B43+E43 -> 12 | N43: =C43+F43+I43 -> 2 | P43: =AE21 -> Fotios Evangelou | Q43: 2 | R43: =IF(Q43>Q41,1,0) -> 0 | T43: 1 | U43: =IF(T43>T41,1,0) -> 0 | X43: =IF(W43>W41,1,0) -> 0 | Y43: =IF(Q43="",0,1) -> 1 | Z43: =IF(R43+U43=2,3,IF(R43+U43=1,1,0)) -> 0 | AA43: =IF(Z43=3,3,IF(X43+Z43=2,2,IF(Z43=1,1,0))) -> 0 | AB43: =Q43+T43 -> 3 | AC43: =R43+U43+X43 -> 0
A45: =AE13 -> Josef Cristiano | B45: 3 | C45: =IF(B45>B47,1,0) -> 0 | E45: 6 | F45: =IF(E45>E47,1,0) -> 1 | H45: 10 | I45: =IF(H45>H43,1,0) -> 1 | J45: =IF(B45="",0,1) -> 1 | K45: =IF(C45+F45=2,3,IF(C45+F45=1,1,0)) -> 1 | L45: =IF(K45=3,3,IF(I45+K45=2,2,IF(K45=1,1,0))) -> 2 | M45: =B45+E45 -> 9 | N45: =C45+F45+I45 -> 2 | P45: =AE11 -> Jean Attard | Q45: 6 | R45: =IF(Q45>Q47,1,0) -> 1 | T45: 6 | U45: =IF(T45>T47,1,0) -> 1 | X45: =IF(W45>W43,1,0) -> 0 | Y45: =IF(Q45="",0,1) -> 1 | Z45: =IF(R45+U45=2,3,IF(R45+U45=1,1,0)) -> 3 | AA45: =IF(Z45=3,3,IF(X45+Z45=2,2,IF(Z45=1,1,0))) -> 3 | AB45: =Q45+T45 -> 12 | AC45: =R45+U45+X45 -> 2
A46: vs. | P46: vs.
A47: =AE21 -> Fotios Evangelou | B47: 6 | C47: =IF(B47>B45,1,0) -> 1 | E47: 2 | F47: =IF(E47>E45,1,0) -> 0 | H47: 7 | I47: =IF(H47>H45,1,0) -> 0 | J47: =IF(B47="",0,1) -> 1 | K47: =IF(C47+F47=2,3,IF(C47+F47=1,1,0)) -> 1 | L47: =IF(K47=3,3,IF(I47+K47=2,2,IF(K47=1,1,0))) -> 1 | M47: =B47+E47 -> 8 | N47: =C47+F47+I47 -> 1 | P47: =AE21 -> Fotios Evangelou | Q47: 1 | R47: =IF(Q47>Q45,1,0) -> 0 | T47: 3 | U47: =IF(T47>T45,1,0) -> 0 | X47: =IF(W47>W45,1,0) -> 0 | Y47: =IF(Q47="",0,1) -> 1 | Z47: =IF(R47+U47=2,3,IF(R47+U47=1,1,0)) -> 0 | AA47: =IF(Z47=3,3,IF(X47+Z47=2,2,IF(Z47=1,1,0))) -> 0 | AB47: =Q47+T47 -> 4 | AC47: =R47+U47+X47 -> 0
A49: =AE9 -> Trevor Rutter | B49: 6 | C49: =IF(B49>B51,1,0) -> 1 | E49: 6 | F49: =IF(E49>E51,1,0) -> 1 | I49: =IF(H49>H47,1,0) -> 0 | J49: =IF(B49="",0,1) -> 1 | K49: =IF(C49+F49=2,3,IF(C49+F49=1,1,0)) -> 3 | L49: =IF(K49=3,3,IF(I49+K49=2,2,IF(K49=1,1,0))) -> 3 | M49: =B49+E49 -> 12 | N49: =C49+F49+I49 -> 2
A50: vs.
A51: =AE21 -> Fotios Evangelou | B51: 3 | C51: =IF(B51>B49,1,0) -> 0 | E51: 2 | F51: =IF(E51>E49,1,0) -> 0 | I51: =IF(H51>H49,1,0) -> 0 | J51: =IF(B51="",0,1) -> 1 | K51: =IF(C51+F51=2,3,IF(C51+F51=1,1,0)) -> 0 | L51: =IF(K51=3,3,IF(I51+K51=2,2,IF(K51=1,1,0))) -> 0 | M51: =B51+E51 -> 5 | N51: =C51+F51+I51 -> 0

Sheet Men Div 2
A1: H & S Singles Tournament 2026
A5: Division 2 - Group A
A7: Players | B7: Set Scores | H7: Tie | P7: Players | Q7: Set Scores | W7: Tie | AE7: Player | AF7: Matches Played | AG7: Points Overall | AH7: Games Won | AI7: Sets Won
B8: Score | C8: Set 1 Work | E8: Score | F8: Set 2 Work | H8: Score | I8: Tie Work | J8: Game Played | K8: Sets Points Work | L8: Sets & Tie Points Work | M8: Games Wins Work | N8: Sets Wins Work | Q8: Score | R8: Set 1 Work | T8: Score | U8: Set 2 Work | W8: Score | X8: Tie Work | Y8: Game Played | Z8: Sets Points Work | AA8: Sets & Tie Points Work | AB8: Games Wins Work | AC8: Sets Wins Work | AJ8: Winner Working | AK8: Total Games Work | AL8: Winner
A9: =AE9 -> Kristen Cachia | B9: 0 | C9: =IF(B9>B11,1,0) -> 0 | E9: 0 | F9: =IF(E9>E11,1,0) -> 0 | I9: =IF(H9>H11,1,0) -> 0 | J9: =IF(B9="",0,1) -> 1 | K9: =IF(C9+F9=2,3,IF(C9+F9=1,1,0)) -> 0 | L9: =IF(K9=3,3,IF(I9+K9=2,2,IF(K9=1,1,0))) -> 0 | M9: =B9+E9 -> 0 | N9: =C9+F9+I9 -> 0 | P9: =AE9 -> Kristen Cachia | Q9: 6 | R9: =IF(Q9>Q11,1,0) -> 1 | T9: 6 | U9: =IF(T9>T11,1,0) -> 1 | X9: =IF(W9>W11,1,0) -> 0 | Y9: =IF(Q9="",0,1) -> 1 | Z9: =IF(R9+U9=2,3,IF(R9+U9=1,1,0)) -> 3 | AA9: =IF(Z9=3,3,IF(X9+Z9=2,2,IF(Z9=1,1,0))) -> 3 | AB9: =Q9+T9 -> 12 | AC9: =R9+U9+X9 -> 2 | AE9: ='Players - Men'!B16 -> Kristen Cachia | AF9: =J9+Y9+J13+Y13+J17+J49 -> 5 | AG9: =L9+AA9+L13+AA13+L17+L49 -> 9 | AH9: =M9+AB9+M13+AB13+M17+M49 -> 41 | AI9: =N9+AC9+N13+AC13+N17+N49 -> 6 | AJ9: =MAX(AG9:AG19) -> 11 | AK9: =SUM(AF9:AF19) -> 32 | AL9: =IF(AG9=$AJ$9,AE9,IF(AG11=$AJ$9,AE11,IF(AG13=$AJ$9,AE13,IF(AG15=$AJ$9,AE15,IF(AG17=$AJ$9,AE17,IF(AG19=$AJ$9,AE19,"")))))) -> Justin Graeme Christie
A10: vs. | P10: vs.
A11: =AE11 -> Emman Xuereb | B11: 0 | C11: =IF(B11>B9,1,0) -> 0 | E11: 0 | F11: =IF(E11>E9,1,0) -> 0 | I11: =IF(H11>H9,1,0) -> 0 | J11: =IF(B11="",0,1) -> 1 | K11: =IF(C11+F11=2,3,IF(C11+F11=1,1,0)) -> 0 | L11: =IF(K11=3,3,IF(I11+K11=2,2,IF(K11=1,1,0))) -> 0 | M11: =B11+E11 -> 0 | N11: =C11+F11+I11 -> 0 | P11: =AE13 -> Sandro Pecorella | Q11: 1 | R11: =IF(Q11>Q9,1,0) -> 0 | T11: 3 | U11: =IF(T11>T9,1,0) -> 0 | X11: =IF(W11>W9,1,0) -> 0 | Y11: =IF(Q11="",0,1) -> 1 | Z11: =IF(R11+U11=2,3,IF(R11+U11=1,1,0)) -> 0 | AA11: =IF(Z11=3,3,IF(X11+Z11=2,2,IF(Z11=1,1,0))) -> 0 | AB11: =Q11+T11 -> 4 | AC11: =R11+U11+X11 -> 0 | AE11: ='Players - Men'!B17 -> Emman Xuereb | AF11: =J11+Y25+J25+Y21+J21+Y45 -> 6 | AG11: =L11+AA25+L25+AA21+L21+AA45 -> 0 | AH11: =M11+AB25+M25+AB21+M21+AB45 -> 0 | AI11: =N11+AC25+N25+AC21+N21+AC45 -> 0
A13: =AE9 -> Kristen Cachia | B13: 0 | C13: =IF(B13>B15,1,0) -> 0 | E13: 5 | F13: =IF(E13>E15,1,0) -> 0 | I13: =IF(H13>H15,1,0) -> 0 | J13: =IF(B13="",0,1) -> 1 | K13: =IF(C13+F13=2,3,IF(C13+F13=1,1,0)) -> 0 | L13: =IF(K13=3,3,IF(I13+K13=2,2,IF(K13=1,1,0))) -> 0 | M13: =B13+E13 -> 5 | N13: =C13+F13+I13 -> 0 | P13: =AE9 -> Kristen Cachia | Q13: 6 | R13: =IF(Q13>Q15,1,0) -> 1 | T13: 6 | U13: =IF(T13>T15,1,0) -> 1 | X13: =IF(W13>W15,1,0) -> 0 | Y13: =IF(Q13="",0,1) -> 1 | Z13: =IF(R13+U13=2,3,IF(R13+U13=1,1,0)) -> 3 | AA13: =IF(Z13=3,3,IF(X13+Z13=2,2,IF(Z13=1,1,0))) -> 3 | AB13: =Q13+T13 -> 12 | AC13: =R13+U13+X13 -> 2 | AE13: ='Players - Men'!B18 -> Sandro Pecorella | AF13: =Y29+Y11+Y33+J33+J23+J45 -> 6 | AG13: =AA29+AA11+AA33+L33+L23+L45 -> 2 | AH13: =AB29+AB11+AB33+M33+M23+M45 -> 23 | AI13: =AC29+AC11+AC33+N33+N23+N45 -> 2
A14: vs. | P14: vs.
A15: =AE15 -> Justin Graeme Christie | B15: 6 | C15: =IF(B15>B13,1,0) -> 1 | E15: 7 | F15: =IF(E15>E13,1,0) -> 1 | I15: =IF(H15>H13,1,0) -> 0 | J15: =IF(B15="",0,1) -> 1 | K15: =IF(C15+F15=2,3,IF(C15+F15=1,1,0)) -> 3 | L15: =IF(K15=3,3,IF(I15+K15=2,2,IF(K15=1,1,0))) -> 3 | M15: =B15+E15 -> 13 | N15: =C15+F15+I15 -> 2 | P15: =AE17 -> Ivan Cassar | Q15: 4 | R15: =IF(Q15>Q13,1,0) -> 0 | T15: 3 | U15: =IF(T15>T13,1,0) -> 0 | X15: =IF(W15>W13,1,0) -> 0 | Y15: =IF(Q15="",0,1) -> 1 | Z15: =IF(R15+U15=2,3,IF(R15+U15=1,1,0)) -> 0 | AA15: =IF(Z15=3,3,IF(X15+Z15=2,2,IF(Z15=1,1,0))) -> 0 | AB15: =Q15+T15 -> 7 | AC15: =R15+U15+X15 -> 0 | AE15: ='Players - Men'!B19 -> Justin Graeme Christie | AF15: =Y31+J37+J15+Y23+J29+J43 -> 5 | AG15: =AA31+L37+L15+AA23+L29+L43 -> 11 | AH15: =AB31+M37+M15+AB23+M29+M43 -> 49 | AI15: =AC31+N37+N15+AC23+N29+N43 -> 8
A17: =AE9 -> Kristen Cachia | C17: =IF(B17>B19,1,0) -> 0 | F17: =IF(E17>E19,1,0) -> 0 | I17: =IF(H17>H19,1,0) -> 0 | J17: =IF(B17="",0,1) -> 0 | K17: =IF(C17+F17=2,3,IF(C17+F17=1,1,0)) -> 0 | L17: =IF(K17=3,3,IF(I17+K17=2,2,IF(K17=1,1,0))) -> 0 | M17: =B17+E17 -> 0 | N17: =C17+F17+I17 -> 0 | P17: =AE17 -> Ivan Cassar | Q17: 2 | R17: =IF(Q17>Q19,1,0) -> 0 | T17: 0 | U17: =IF(T17>T19,1,0) -> 0 | X17: =IF(W17>W19,1,0) -> 0 | Y17: =IF(Q17="",0,1) -> 1 | Z17: =IF(R17+U17=2,3,IF(R17+U17=1,1,0)) -> 0 | AA17: =IF(Z17=3,3,IF(X17+Z17=2,2,IF(Z17=1,1,0))) -> 0 | AB17: =Q17+T17 -> 2 | AC17: =R17+U17+X17 -> 0 | AE17: ='Players - Men'!B20 -> Ivan Cassar | AF17: =Y17+J39+J27+Y15+J35+Y41 -> 5 | AG17: =AA17+L39+L27+AA15+L35+AA41 -> 6 | AH17: =AB17+M39+M27+AB15+M35+AB41 -> 34 | AI17: =AC17+N39+N27+AC15+N35+AC41 -> 4
A18: vs. | P18: vs.
A19: =AE19 -> Jurgen Farrugia | C19: =IF(B19>B17,1,0) -> 0 | F19: =IF(E19>E17,1,0) -> 0 | I19: =IF(H19>H17,1,0) -> 0 | J19: =IF(B19="",0,1) -> 0 | K19: =IF(C19+F19=2,3,IF(C19+F19=1,1,0)) -> 0 | L19: =IF(K19=3,3,IF(I19+K19=2,2,IF(K19=1,1,0))) -> 0 | M19: =B19+E19 -> 0 | N19: =C19+F19+I19 -> 0 | P19: =AE19 -> Jurgen Farrugia | Q19: 6 | R19: =IF(Q19>Q17,1,0) -> 1 | T19: 6 | U19: =IF(T19>T17,1,0) -> 1 | X19: =IF(W19>W17,1,0) -> 0 | Y19: =IF(Q19="",0,1) -> 1 | Z19: =IF(R19+U19=2,3,IF(R19+U19=1,1,0)) -> 3 | AA19: =IF(Z19=3,3,IF(X19+Z19=2,2,IF(Z19=1,1,0))) -> 3 | AB19: =Q19+T19 -> 12 | AC19: =R19+U19+X19 -> 2 | AE19: ='Players - Men'!B21 -> Jurgen Farrugia | AF19: =Y19+Y27+Y35+J19+J31+Y39 -> 5 | AG19: =AA19+AA35+L31+AA27+L19+AA39 -> 10 | AH19: =AB19+AB27+AB35+M19+M31+AB39 -> 44 | AI19: =AC19+AC27+AC35+N19+N31+AC39 -> 7
A21: =AE11 -> Emman Xuereb | B21: 0 | C21: =IF(B21>B23,1,0) -> 0 | E21: 0 | F21: =IF(E21>E23,1,0) -> 0 | I21: =IF(H21>H23,1,0) -> 0 | J21: =IF(B21="",0,1) -> 1 | K21: =IF(C21+F21=2,3,IF(C21+F21=1,1,0)) -> 0 | L21: =IF(K21=3,3,IF(I21+K21=2,2,IF(K21=1,1,0))) -> 0 | M21: =B21+E21 -> 0 | N21: =C21+F21+I21 -> 0 | P21: =AE11 -> Emman Xuereb | Q21: 0 | R21: =IF(Q21>Q23,1,0) -> 0 | T21: 0 | U21: =IF(T21>T23,1,0) -> 0 | X21: =IF(W21>W23,1,0) -> 0 | Y21: =IF(Q21="",0,1) -> 1 | Z21: =IF(R21+U21=2,3,IF(R21+U21=1,1,0)) -> 0 | AA21: =IF(Z21=3,3,IF(X21+Z21=2,2,IF(Z21=1,1,0))) -> 0 | AB21: =Q21+T21 -> 0 | AC21: =R21+U21+X21 -> 0 | AE21: ='Players - Men'!B22 -> Jean Paul Vella | AF21: =J41+J47+J51+Y37+Y43+Y47 -> 6 | AG21: =L41+L47+L51+AA37+AA43+AA47 -> 1 | AH21: =M41+M47+M51+AB37+AB43+AB47 -> 23 | AI21: =N41+N47+N51+AC37+AC43+AC47 -> 1
A22: vs. | P22: vs.
A23: =AE13 -> Sandro Pecorella | B23: 0 | C23: =IF(B23>B21,1,0) -> 0 | E23: 0 | F23: =IF(E23>E21,1,0) -> 0 | I23: =IF(H23>H21,1,0) -> 0 | J23: =IF(B23="",0,1) -> 1 | K23: =IF(C23+F23=2,3,IF(C23+F23=1,1,0)) -> 0 | L23: =IF(K23=3,3,IF(I23+K23=2,2,IF(K23=1,1,0))) -> 0 | M23: =B23+E23 -> 0 | N23: =C23+F23+I23 -> 0 | P23: =AE15 -> Justin Graeme Christie | Q23: 0 | R23: =IF(Q23>Q21,1,0) -> 0 | T23: 0 | U23: =IF(T23>T21,1,0) -> 0 | X23: =IF(W23>W21,1,0) -> 0 | Y23: =IF(Q23="",0,1) -> 1 | Z23: =IF(R23+U23=2,3,IF(R23+U23=1,1,0)) -> 0 | AA23: =IF(Z23=3,3,IF(X23+Z23=2,2,IF(Z23=1,1,0))) -> 0 | AB23: =Q23+T23 -> 0 | AC23: =R23+U23+X23 -> 0
AE24: Group A Winner
A25: =AE11 -> Emman Xuereb | B25: 0 | C25: =IF(B25>B27,1,0) -> 0 | E25: 0 | F25: =IF(E25>E27,1,0) -> 0 | I25: =IF(H25>H27,1,0) -> 0 | J25: =IF(B25="",0,1) -> 1 | K25: =IF(C25+F25=2,3,IF(C25+F25=1,1,0)) -> 0 | L25: =IF(K25=3,3,IF(I25+K25=2,2,IF(K25=1,1,0))) -> 0 | M25: =B25+E25 -> 0 | N25: =C25+F25+I25 -> 0 | P25: =AE11 -> Emman Xuereb | Q25: 0 | R25: =IF(Q25>Q27,1,0) -> 0 | T25: 0 | U25: =IF(T25>T27,1,0) -> 0 | X25: =IF(W25>W27,1,0) -> 0 | Y25: =IF(Q25="",0,1) -> 1 | Z25: =IF(R25+U25=2,3,IF(R25+U25=1,1,0)) -> 0 | AA25: =IF(Z25=3,3,IF(X25+Z25=2,2,IF(Z25=1,1,0))) -> 0 | AB25: =Q25+T25 -> 0 | AC25: =R25+U25+X25 -> 0
A26: vs. | P26: vs.
A27: =AE17 -> Ivan Cassar | B27: 0 | C27: =IF(B27>B25,1,0) -> 0 | E27: 0 | F27: =IF(E27>E25,1,0) -> 0 | I27: =IF(H27>H25,1,0) -> 0 | J27: =IF(B27="",0,1) -> 1 | K27: =IF(C27+F27=2,3,IF(C27+F27=1,1,0)) -> 0 | L27: =IF(K27=3,3,IF(I27+K27=2,2,IF(K27=1,1,0))) -> 0 | M27: =B27+E27 -> 0 | N27: =C27+F27+I27 -> 0 | P27: =AE19 -> Jurgen Farrugia | Q27: 0 | R27: =IF(Q27>Q25,1,0) -> 0 | T27: 0 | U27: =IF(T27>T25,1,0) -> 0 | X27: =IF(W27>W25,1,0) -> 0 | Y27: =IF(Q27="",0,1) -> 1 | Z27: =IF(R27+U27=2,3,IF(R27+U27=1,1,0)) -> 0 | AA27: =IF(Z27=3,3,IF(X27+Z27=2,2,IF(Z27=1,1,0))) -> 0 | AB27: =Q27+T27 -> 0 | AC27: =R27+U27+X27 -> 0
A29: =AE15 -> Justin Graeme Christie | B29: 6 | C29: =IF(B29>B31,1,0) -> 1 | E29: 6 | F29: =IF(E29>E31,1,0) -> 0 | H29: 10 | I29: =IF(H29>H31,1,0) -> 1 | J29: =IF(B29="",0,1) -> 1 | K29: =IF(C29+F29=2,3,IF(C29+F29=1,1,0)) -> 1 | L29: =IF(K29=3,3,IF(I29+K29=2,2,IF(K29=1,1,0))) -> 2 | M29: =B29+E29 -> 12 | N29: =C29+F29+I29 -> 2 | P29: =AE13 -> Sandro Pecorella | Q29: 0 | R29: =IF(Q29>Q31,1,0) -> 0 | T29: 1 | U29: =IF(T29>T31,1,0) -> 0 | X29: =IF(W29>W31,1,0) -> 0 | Y29: =IF(Q29="",0,1) -> 1 | Z29: =IF(R29+U29=2,3,IF(R29+U29=1,1,0)) -> 0 | AA29: =IF(Z29=3,3,IF(X29+Z29=2,2,IF(Z29=1,1,0))) -> 0 | AB29: =Q29+T29 -> 1 | AC29: =R29+U29+X29 -> 0
A30: vs. | P30: vs.
A31: =AE19 -> Jurgen Farrugia | B31: 1 | C31: =IF(B31>B29,1,0) -> 0 | E31: 7 | F31: =IF(E31>E29,1,0) -> 1 | H31: 7 | I31: =IF(H31>H29,1,0) -> 0 | J31: =IF(B31="",0,1) -> 1 | K31: =IF(C31+F31=2,3,IF(C31+F31=1,1,0)) -> 1 | L31: =IF(K31=3,3,IF(I31+K31=2,2,IF(K31=1,1,0))) -> 1 | M31: =B31+E31 -> 8 | N31: =C31+F31+I31 -> 1 | P31: =AE15 -> Justin Graeme Christie | Q31: 6 | R31: =IF(Q31>Q29,1,0) -> 1 | T31: 6 | U31: =IF(T31>T29,1,0) -> 1 | X31: =IF(W31>W29,1,0) -> 0 | Y31: =IF(Q31="",0,1) -> 1 | Z31: =IF(R31+U31=2,3,IF(R31+U31=1,1,0)) -> 3 | AA31: =IF(Z31=3,3,IF(X31+Z31=2,2,IF(Z31=1,1,0))) -> 3 | AB31: =Q31+T31 -> 12 | AC31: =R31+U31+X31 -> 2
A33: =AE13 -> Sandro Pecorella | B33: 4 | C33: =IF(B33>B35,1,0) -> 0 | E33: 1 | F33: =IF(E33>E35,1,0) -> 0 | I33: =IF(H33>H35,1,0) -> 0 | J33: =IF(B33="",0,1) -> 1 | K33: =IF(C33+F33=2,3,IF(C33+F33=1,1,0)) -> 0 | L33: =IF(K33=3,3,IF(I33+K33=2,2,IF(K33=1,1,0))) -> 0 | M33: =B33+E33 -> 5 | N33: =C33+F33+I33 -> 0 | P33: =AE13 -> Sandro Pecorella | Q33: 3 | R33: =IF(Q33>Q35,1,0) -> 0 | T33: 0 | U33: =IF(T33>T35,1,0) -> 0 | X33: =IF(W33>W35,1,0) -> 0 | Y33: =IF(Q33="",0,1) -> 1 | Z33: =IF(R33+U33=2,3,IF(R33+U33=1,1,0)) -> 0 | AA33: =IF(Z33=3,3,IF(X33+Z33=2,2,IF(Z33=1,1,0))) -> 0 | AB33: =Q33+T33 -> 3 | AC33: =R33+U33+X33 -> 0
A34: vs. | P34: vs.
A35: =AE17 -> Ivan Cassar | B35: 6 | C35: =IF(B35>B33,1,0) -> 1 | E35: 6 | F35: =IF(E35>E33,1,0) -> 1 | I35: =IF(H35>H33,1,0) -> 0 | J35: =IF(B35="",0,1) -> 1 | K35: =IF(C35+F35=2,3,IF(C35+F35=1,1,0)) -> 3 | L35: =IF(K35=3,3,IF(I35+K35=2,2,IF(K35=1,1,0))) -> 3 | M35: =B35+E35 -> 12 | N35: =C35+F35+I35 -> 2 | P35: =AE19 -> Jurgen Farrugia | Q35: 6 | R35: =IF(Q35>Q33,1,0) -> 1 | T35: 6 | U35: =IF(T35>T33,1,0) -> 1 | X35: =IF(W35>W33,1,0) -> 0 | Y35: =IF(Q35="",0,1) -> 1 | Z35: =IF(R35+U35=2,3,IF(R35+U35=1,1,0)) -> 3 | AA35: =IF(Z35=3,3,IF(X35+Z35=2,2,IF(Z35=1,1,0))) -> 3 | AB35: =Q35+T35 -> 12 | AC35: =R35+U35+X35 -> 2
A37: =AE15 -> Justin Graeme Christie | C37: =IF(B37>B39,1,0) -> 0 | F37: =IF(E37>E39,1,0) -> 0 | I37: =IF(H37>H39,1,0) -> 0 | J37: =IF(B37="",0,1) -> 0 | K37: =IF(C37+F37=2,3,IF(C37+F37=1,1,0)) -> 0 | L37: =IF(K37=3,3,IF(I37+K37=2,2,IF(K37=1,1,0))) -> 0 | M37: =B37+E37 -> 0 | N37: =C37+F37+I37 -> 0 | P37: =AE21 -> Jean Paul Vella | Q37: 2 | R37: =IF(Q37>Q39,1,0) -> 0 | T37: 1 | U37: =IF(T37>T39,1,0) -> 0 | X37: =IF(W37>W39,1,0) -> 0 | Y37: =IF(Q37="",0,1) -> 1 | Z37: =IF(R37+U37=2,3,IF(R37+U37=1,1,0)) -> 0 | AA37: =IF(Z37=3,3,IF(X37+Z37=2,2,IF(Z37=1,1,0))) -> 0 | AB37: =Q37+T37 -> 3 | AC37: =R37+U37+X37 -> 0
A38: vs. | P38: vs.
A39: =AE17 -> Ivan Cassar | C39: =IF(B39>B37,1,0) -> 0 | F39: =IF(E39>E37,1,0) -> 0 | I39: =IF(H39>H37,1,0) -> 0 | J39: =IF(B39="",0,1) -> 0 | K39: =IF(C39+F39=2,3,IF(C39+F39=1,1,0)) -> 0 | L39: =IF(K39=3,3,IF(I39+K39=2,2,IF(K39=1,1,0))) -> 0 | M39: =B39+E39 -> 0 | N39: =C39+F39+I39 -> 0 | P39: =AE19 -> Jurgen Farrugia | Q39: 6 | R39: =IF(Q39>Q37,1,0) -> 1 | T39: 6 | U39: =IF(T39>T37,1,0) -> 1 | X39: =IF(W39>W37,1,0) -> 0 | Y39: =IF(Q39="",0,1) -> 1 | Z39: =IF(R39+U39=2,3,IF(R39+U39=1,1,0)) -> 3 | AA39: =IF(Z39=3,3,IF(X39+Z39=2,2,IF(Z39=1,1,0))) -> 3 | AB39: =Q39+T39 -> 12 | AC39: =R39+U39+X39 -> 2
A41: =AE21 -> Jean Paul Vella | B41: 0 | C41: =IF(B41>B43,1,0) -> 0 | E41: 0 | F41: =IF(E41>E43,1,0) -> 0 | I41: =IF(H41>H43,1,0) -> 0 | J41: =IF(B41="",0,1) -> 1 | K41: =IF(C41+F41=2,3,IF(C41+F41=1,1,0)) -> 0 | L41: =IF(K41=3,3,IF(I41+K41=2,2,IF(K41=1,1,0))) -> 0 | M41: =B41+E41 -> 0 | N41: =C41+F41+I41 -> 0 | P41: =AE17 -> Ivan Cassar | Q41: 6 | R41: =IF(Q41>Q43,1,0) -> 1 | T41: 7 | U41: =IF(T41>T43,1,0) -> 1 | X41: =IF(W41>W43,1,0) -> 0 | Y41: =IF(Q41="",0,1) -> 1 | Z41: =IF(R41+U41=2,3,IF(R41+U41=1,1,0)) -> 3 | AA41: =IF(Z41=3,3,IF(X41+Z41=2,2,IF(Z41=1,1,0))) -> 3 | AB41: =Q41+T41 -> 13 | AC41: =R41+U41+X41 -> 2
A42: vs. | P42: vs.
A43: =AE15 -> Justin Graeme Christie | B43: 6 | C43: =IF(B43>B41,1,0) -> 1 | E43: 6 | F43: =IF(E43>E41,1,0) -> 1 | I43: =IF(H43>H41,1,0) -> 0 | J43: =IF(B43="",0,1) -> 1 | K43: =IF(C43+F43=2,3,IF(C43+F43=1,1,0)) -> 3 | L43: =IF(K43=3,3,IF(I43+K43=2,2,IF(K43=1,1,0))) -> 3 | M43: =B43+E43 -> 12 | N43: =C43+F43+I43 -> 2 | P43: =AE21 -> Jean Paul Vella | Q43: 1 | R43: =IF(Q43>Q41,1,0) -> 0 | T43: 5 | U43: =IF(T43>T41,1,0) -> 0 | X43: =IF(W43>W41,1,0) -> 0 | Y43: =IF(Q43="",0,1) -> 1 | Z43: =IF(R43+U43=2,3,IF(R43+U43=1,1,0)) -> 0 | AA43: =IF(Z43=3,3,IF(X43+Z43=2,2,IF(Z43=1,1,0))) -> 0 | AB43: =Q43+T43 -> 6 | AC43: =R43+U43+X43 -> 0
A45: =AE13 -> Sandro Pecorella | B45: 7 | C45: =IF(B45>B47,1,0) -> 1 | E45: 3 | F45: =IF(E45>E47,1,0) -> 0 | H45: 10 | I45: =IF(H45>H47,1,0) -> 1 | J45: =IF(B45="",0,1) -> 1 | K45: =IF(C45+F45=2,3,IF(C45+F45=1,1,0)) -> 1 | L45: =IF(K45=3,3,IF(I45+K45=2,2,IF(K45=1,1,0))) -> 2 | M45: =B45+E45 -> 10 | N45: =C45+F45+I45 -> 2 | P45: =AE11 -> Emman Xuereb | Q45: 0 | R45: =IF(Q45>Q47,1,0) -> 0 | T45: 0 | U45: =IF(T45>T47,1,0) -> 0 | X45: =IF(W45>W47,1,0) -> 0 | Y45: =IF(Q45="",0,1) -> 1 | Z45: =IF(R45+U45=2,3,IF(R45+U45=1,1,0)) -> 0 | AA45: =IF(Z45=3,3,IF(X45+Z45=2,2,IF(Z45=1,1,0))) -> 0 | AB45: =Q45+T45 -> 0 | AC45: =R45+U45+X45 -> 0
A46: vs. | P46: vs.
A47: =AE21 -> Jean Paul Vella | B47: 5 | C47: =IF(B47>B45,1,0) -> 0 | E47: 6 | F47: =IF(E47>E45,1,0) -> 1 | H47: 6 | I47: =IF(H47>H45,1,0) -> 0 | J47: =IF(B47="",0,1) -> 1 | K47: =IF(C47+F47=2,3,IF(C47+F47=1,1,0)) -> 1 | L47: =IF(K47=3,3,IF(I47+K47=2,2,IF(K47=1,1,0))) -> 1 | M47: =B47+E47 -> 11 | N47: =C47+F47+I47 -> 1 | P47: =AE21 -> Jean Paul Vella | Q47: 0 | R47: =IF(Q47>Q45,1,0) -> 0 | T47: 0 | U47: =IF(T47>T45,1,0) -> 0 | X47: =IF(W47>W45,1,0) -> 0 | Y47: =IF(Q47="",0,1) -> 1 | Z47: =IF(R47+U47=2,3,IF(R47+U47=1,1,0)) -> 0 | AA47: =IF(Z47=3,3,IF(X47+Z47=2,2,IF(Z47=1,1,0))) -> 0 | AB47: =Q47+T47 -> 0 | AC47: =R47+U47+X47 -> 0
A49: =AE9 -> Kristen Cachia | B49: 6 | C49: =IF(B49>B51,1,0) -> 1 | E49: 6 | F49: =IF(E49>E51,1,0) -> 1 | I49: =IF(H49>H51,1,0) -> 0 | J49: =IF(B49="",0,1) -> 1 | K49: =IF(C49+F49=2,3,IF(C49+F49=1,1,0)) -> 3 | L49: =IF(K49=3,3,IF(I49+K49=2,2,IF(K49=1,1,0))) -> 3 | M49: =B49+E49 -> 12 | N49: =C49+F49+I49 -> 2
A50: vs.
A51: =AE21 -> Jean Paul Vella | B51: 0 | C51: =IF(B51>B49,1,0) -> 0 | E51: 3 | F51: =IF(E51>E49,1,0) -> 0 | I51: =IF(H51>H49,1,0) -> 0 | J51: =IF(B51="",0,1) -> 1 | K51: =IF(C51+F51=2,3,IF(C51+F51=1,1,0)) -> 0 | L51: =IF(K51=3,3,IF(I51+K51=2,2,IF(K51=1,1,0))) -> 0 | M51: =B51+E51 -> 3 | N51: =C51+F51+I51 -> 0
A54: Division 2 - Group B
A56: Players | B56: Set Scores | H56: Tie | P56: Players | Q56: Set Scores | W56: Tie | AE56: Player | AF56: Matches Played | AG56: Points Overall | AH56: Games Won | AI56: Sets Won
B57: Score | C57: Set 1 Work | E57: Score | F57: Set 2 Work | H57: Score | I57: Tie Work | J57: Game Played | K57: Sets Points Work | L57: Sets & Tie Points Work | M57: Games Wins Work | N57: Sets Wins Work | Q57: Score | R57: Set 1 Work | T57: Score | U57: Set 2 Work | W57: Score | X57: Tie Work | Y57: Game Played | Z57: Sets Points Work | AA57: Sets & Tie Points Work | AB57: Games Wins Work | AC57: Sets Wins Work | AJ57: Winner Working | AK57: Total Games Work | AL57: Winner
A58: =AE58 -> Jonathan Martinelli | C58: =IF(B58>B60,1,0) -> 0 | F58: =IF(E58>E60,1,0) -> 0 | I58: =IF(H58>H60,1,0) -> 0 | J58: =IF(B58="",0,1) -> 0 | K58: =IF(C58+F58=2,3,IF(C58+F58=1,1,0)) -> 0 | L58: =IF(K58=3,3,IF(I58+K58=2,2,IF(K58=1,1,0))) -> 0 | M58: =B58+E58 -> 0 | N58: =C58+F58+I58 -> 0 | P58: =AE58 -> Jonathan Martinelli | R58: =IF(Q58>Q60,1,0) -> 0 | U58: =IF(T58>T60,1,0) -> 0 | X58: =IF(W58>W60,1,0) -> 0 | Y58: =IF(Q58="",0,1) -> 0 | Z58: =IF(R58+U58=2,3,IF(R58+U58=1,1,0)) -> 0 | AA58: =IF(Z58=3,3,IF(X58+Z58=2,2,IF(Z58=1,1,0))) -> 0 | AB58: =Q58+T58 -> 0 | AC58: =R58+U58+X58 -> 0 | AE58: ='Players - Men'!E16 -> Jonathan Martinelli | AF58: =J58+Y58+J62+Y62+J66+J98 -> 3 | AG58: =L58+AA58+L62+AA62+L66+L98 -> 6 | AH58: =M58+AB58+M62+AB62+M66+M98 -> 24 | AI58: =N58+AC58+N62+AC62+N66+N98 -> 4 | AJ58: =MAX(AG58:AG68) -> 9 | AK58: =SUM(AF58:AF68) -> 26 | AL58: =IF(AG58=$AJ$58,AE58,IF(AG60=$AJ$58,AE60,IF(AG62=$AJ$58,AE62,IF(AG64=$AJ$58,AE64,IF(AG66=$AJ$58,AE66,IF(AG68=$AJ$58,AE68,"")))))) -> Peter Khiev
A59: vs. | P59: vs.
A60: =AE60 -> Peter Khiev | C60: =IF(B60>B58,1,0) -> 0 | F60: =IF(E60>E58,1,0) -> 0 | I60: =IF(H60>H58,1,0) -> 0 | J60: =IF(B60="",0,1) -> 0 | K60: =IF(C60+F60=2,3,IF(C60+F60=1,1,0)) -> 0 | L60: =IF(K60=3,3,IF(I60+K60=2,2,IF(K60=1,1,0))) -> 0 | M60: =B60+E60 -> 0 | N60: =C60+F60+I60 -> 0 | P60: =AE62 -> John Mifsud | R60: =IF(Q60>Q58,1,0) -> 0 | U60: =IF(T60>T58,1,0) -> 0 | X60: =IF(W60>W58,1,0) -> 0 | Y60: =IF(Q60="",0,1) -> 0 | Z60: =IF(R60+U60=2,3,IF(R60+U60=1,1,0)) -> 0 | AA60: =IF(Z60=3,3,IF(X60+Z60=2,2,IF(Z60=1,1,0))) -> 0 | AB60: =Q60+T60 -> 0 | AC60: =R60+U60+X60 -> 0 | AE60: ='Players - Men'!E17 -> Peter Khiev | AF60: =J60+Y74+J74+Y70+J70+Y94 -> 4 | AG60: =L60+AA74+L74+AA70+L70+AA94 -> 9 | AH60: =M60+AB74+M74+AB70+M70+AB94 -> 37 | AI60: =N60+AC74+N74+AC70+N70+AC94 -> 6
A62: =AE58 -> Jonathan Martinelli | B62: 0 | C62: =IF(B62>B64,1,0) -> 0 | E62: 0 | F62: =IF(E62>E64,1,0) -> 0 | I62: =IF(H62>H64,1,0) -> 0 | J62: =IF(B62="",0,1) -> 1 | K62: =IF(C62+F62=2,3,IF(C62+F62=1,1,0)) -> 0 | L62: =IF(K62=3,3,IF(I62+K62=2,2,IF(K62=1,1,0))) -> 0 | M62: =B62+E62 -> 0 | N62: =C62+F62+I62 -> 0 | P62: =AE58 -> Jonathan Martinelli | Q62: 6 | R62: =IF(Q62>Q64,1,0) -> 1 | T62: 6 | U62: =IF(T62>T64,1,0) -> 1 | X62: =IF(W62>W64,1,0) -> 0 | Y62: =IF(Q62="",0,1) -> 1 | Z62: =IF(R62+U62=2,3,IF(R62+U62=1,1,0)) -> 3 | AA62: =IF(Z62=3,3,IF(X62+Z62=2,2,IF(Z62=1,1,0))) -> 3 | AB62: =Q62+T62 -> 12 | AC62: =R62+U62+X62 -> 2 | AE62: ='Players - Men'!E18 -> John Mifsud | AF62: =Y78+Y60+Y82+J82+J72+J94 -> 3 | AG62: =AA78+AA60+AA82+L82+L72+L94 -> 0 | AH62: =AB78+AB60+AB82+M82+M72+M94 -> 10 | AI62: =AC78+AC60+AC82+N82+N72+N94 -> 0
A63: vs. | P63: vs.
A64: =AE64 -> Luke Genuis | B64: 0 | C64: =IF(B64>B62,1,0) -> 0 | E64: 0 | F64: =IF(E64>E62,1,0) -> 0 | I64: =IF(H64>H62,1,0) -> 0 | J64: =IF(B64="",0,1) -> 1 | K64: =IF(C64+F64=2,3,IF(C64+F64=1,1,0)) -> 0 | L64: =IF(K64=3,3,IF(I64+K64=2,2,IF(K64=1,1,0))) -> 0 | M64: =B64+E64 -> 0 | N64: =C64+F64+I64 -> 0 | P64: =AE66 -> Tobias Kristensen | Q64: 0 | R64: =IF(Q64>Q62,1,0) -> 0 | T64: 2 | U64: =IF(T64>T62,1,0) -> 0 | X64: =IF(W64>W62,1,0) -> 0 | Y64: =IF(Q64="",0,1) -> 1 | Z64: =IF(R64+U64=2,3,IF(R64+U64=1,1,0)) -> 0 | AA64: =IF(Z64=3,3,IF(X64+Z64=2,2,IF(Z64=1,1,0))) -> 0 | AB64: =Q64+T64 -> 2 | AC64: =R64+U64+X64 -> 0 | AE64: ='Players - Men'!E19 -> Luke Genuis | AF64: =Y80+J86+J64+Y72+J78+J92 -> 6 | AG64: =AA80+L86+L64+AA72+L78+L92 -> 0 | AH64: =AB80+M86+M64+AB72+M78+M92 -> 0 | AI64: =AC80+N86+N64+AC72+N78+N92 -> 0
A66: =AE58 -> Jonathan Martinelli | C66: =IF(B66>B68,1,0) -> 0 | F66: =IF(E66>E68,1,0) -> 0 | I66: =IF(H66>H68,1,0) -> 0 | J66: =IF(B66="",0,1) -> 0 | K66: =IF(C66+F66=2,3,IF(C66+F66=1,1,0)) -> 0 | L66: =IF(K66=3,3,IF(I66+K66=2,2,IF(K66=1,1,0))) -> 0 | M66: =B66+E66 -> 0 | N66: =C66+F66+I66 -> 0 | P66: =AE66 -> Tobias Kristensen | Q66: 6 | R66: =IF(Q66>Q68,1,0) -> 1 | T66: 4 | U66: =IF(T66>T68,1,0) -> 0 | W66: 9 | X66: =IF(W66>W68,1,0) -> 0 | Y66: =IF(Q66="",0,1) -> 1 | Z66: =IF(R66+U66=2,3,IF(R66+U66=1,1,0)) -> 1 | AA66: =IF(Z66=3,3,IF(X66+Z66=2,2,IF(Z66=1,1,0))) -> 1 | AB66: =Q66+T66 -> 10 | AC66: =R66+U66+X66 -> 1 | AE66: ='Players - Men'!E20 -> Tobias Kristensen | AF66: =Y66+J88+J76+Y64+J84+Y90 -> 6 | AG66: =AA66+L88+L76+AA64+L84+AA90 -> 7 | AH66: =AB66+M88+M76+AB64+M84+AB90 -> 44 | AI66: =AC66+N88+N76+AC64+N84+AC90 -> 5
A67: vs. | P67: vs.
A68: =AE68 -> Etienne Formosa Carabez | C68: =IF(B68>B66,1,0) -> 0 | F68: =IF(E68>E66,1,0) -> 0 | I68: =IF(H68>H66,1,0) -> 0 | J68: =IF(B68="",0,1) -> 0 | K68: =IF(C68+F68=2,3,IF(C68+F68=1,1,0)) -> 0 | L68: =IF(K68=3,3,IF(I68+K68=2,2,IF(K68=1,1,0))) -> 0 | M68: =B68+E68 -> 0 | N68: =C68+F68+I68 -> 0 | P68: =AE68 -> Etienne Formosa Carabez | Q68: 3 | R68: =IF(Q68>Q66,1,0) -> 0 | T68: 6 | U68: =IF(T68>T66,1,0) -> 1 | W68: 11 | X68: =IF(W68>W66,1,0) -> 1 | Y68: =IF(Q68="",0,1) -> 1 | Z68: =IF(R68+U68=2,3,IF(R68+U68=1,1,0)) -> 1 | AA68: =IF(Z68=3,3,IF(X68+Z68=2,2,IF(Z68=1,1,0))) -> 2 | AB68: =Q68+T68 -> 9 | AC68: =R68+U68+X68 -> 2 | AE68: ='Players - Men'!E21 -> Etienne Formosa Carabez | AF68: =Y68+Y76+Y84+J68+J80+Y88 -> 4 | AG68: =AA68+AA84+L80+AA76+L68+AA88 -> 4 | AH68: =AB68+AB76+AB84+M68+M80+AB88 -> 21 | AI68: =AC68+AC76+AC84+N68+N80+AC88 -> 4
A70: =AE60 -> Peter Khiev | C70: =IF(B70>B72,1,0) -> 0 | F70: =IF(E70>E72,1,0) -> 0 | I70: =IF(H70>H72,1,0) -> 0 | J70: =IF(B70="",0,1) -> 0 | K70: =IF(C70+F70=2,3,IF(C70+F70=1,1,0)) -> 0 | L70: =IF(K70=3,3,IF(I70+K70=2,2,IF(K70=1,1,0))) -> 0 | M70: =B70+E70 -> 0 | N70: =C70+F70+I70 -> 0 | P70: =AE60 -> Peter Khiev | Q70: 0 | R70: =IF(Q70>Q72,1,0) -> 0 | T70: 0 | U70: =IF(T70>T72,1,0) -> 0 | X70: =IF(W70>W72,1,0) -> 0 | Y70: =IF(Q70="",0,1) -> 1 | Z70: =IF(R70+U70=2,3,IF(R70+U70=1,1,0)) -> 0 | AA70: =IF(Z70=3,3,IF(X70+Z70=2,2,IF(Z70=1,1,0))) -> 0 | AB70: =Q70+T70 -> 0 | AC70: =R70+U70+X70 -> 0 | AE70: ='Players - Men'!E22 -> Steve Gambin | AF70: =J90+J96+J100+Y86+Y92+Y96 -> 6 | AG70: =L90+L96+L100+AA86+AA92+AA96 -> 4 | AH70: =M90+M96+M100+AB86+AB92+AB96 -> 32 | AI70: =N90+N96+N100+AC86+AC92+AC96 -> 3
A71: vs. | P71: vs.
A72: =AE62 -> John Mifsud | C72: =IF(B72>B70,1,0) -> 0 | F72: =IF(E72>E70,1,0) -> 0 | I72: =IF(H72>H70,1,0) -> 0 | J72: =IF(B72="",0,1) -> 0 | K72: =IF(C72+F72=2,3,IF(C72+F72=1,1,0)) -> 0 | L72: =IF(K72=3,3,IF(I72+K72=2,2,IF(K72=1,1,0))) -> 0 | M72: =B72+E72 -> 0 | N72: =C72+F72+I72 -> 0 | P72: =AE64 -> Luke Genuis | Q72: 0 | R72: =IF(Q72>Q70,1,0) -> 0 | T72: 0 | U72: =IF(T72>T70,1,0) -> 0 | X72: =IF(W72>W70,1,0) -> 0 | Y72: =IF(Q72="",0,1) -> 1 | Z72: =IF(R72+U72=2,3,IF(R72+U72=1,1,0)) -> 0 | AA72: =IF(Z72=3,3,IF(X72+Z72=2,2,IF(Z72=1,1,0))) -> 0 | AB72: =Q72+T72 -> 0 | AC72: =R72+U72+X72 -> 0
AE73: Group B Winner
A74: =AE60 -> Peter Khiev | B74: 7 | C74: =IF(B74>B76,1,0) -> 1 | E74: 6 | F74: =IF(E74>E76,1,0) -> 1 | I74: =IF(H74>H76,1,0) -> 0 | J74: =IF(B74="",0,1) -> 1 | K74: =IF(C74+F74=2,3,IF(C74+F74=1,1,0)) -> 3 | L74: =IF(K74=3,3,IF(I74+K74=2,2,IF(K74=1,1,0))) -> 3 | M74: =B74+E74 -> 13 | N74: =C74+F74+I74 -> 2 | P74: =AE60 -> Peter Khiev | Q74: 6 | R74: =IF(Q74>Q76,1,0) -> 1 | T74: 6 | U74: =IF(T74>T76,1,0) -> 1 | X74: =IF(W74>W76,1,0) -> 0 | Y74: =IF(Q74="",0,1) -> 1 | Z74: =IF(R74+U74=2,3,IF(R74+U74=1,1,0)) -> 3 | AA74: =IF(Z74=3,3,IF(X74+Z74=2,2,IF(Z74=1,1,0))) -> 3 | AB74: =Q74+T74 -> 12 | AC74: =R74+U74+X74 -> 2
A75: vs. | P75: vs.
A76: =AE66 -> Tobias Kristensen | B76: 5 | C76: =IF(B76>B74,1,0) -> 0 | E76: 3 | F76: =IF(E76>E74,1,0) -> 0 | I76: =IF(H76>H74,1,0) -> 0 | J76: =IF(B76="",0,1) -> 1 | K76: =IF(C76+F76=2,3,IF(C76+F76=1,1,0)) -> 0 | L76: =IF(K76=3,3,IF(I76+K76=2,2,IF(K76=1,1,0))) -> 0 | M76: =B76+E76 -> 8 | N76: =C76+F76+I76 -> 0 | P76: =AE68 -> Etienne Formosa Carabez | Q76: 1 | R76: =IF(Q76>Q74,1,0) -> 0 | T76: 1 | U76: =IF(T76>T74,1,0) -> 0 | X76: =IF(W76>W74,1,0) -> 0 | Y76: =IF(Q76="",0,1) -> 1 | Z76: =IF(R76+U76=2,3,IF(R76+U76=1,1,0)) -> 0 | AA76: =IF(Z76=3,3,IF(X76+Z76=2,2,IF(Z76=1,1,0))) -> 0 | AB76: =Q76+T76 -> 2 | AC76: =R76+U76+X76 -> 0
A78: =AE64 -> Luke Genuis | B78: 0 | C78: =IF(B78>B80,1,0) -> 0 | E78: 0 | F78: =IF(E78>E80,1,0) -> 0 | I78: =IF(H78>H80,1,0) -> 0 | J78: =IF(B78="",0,1) -> 1 | K78: =IF(C78+F78=2,3,IF(C78+F78=1,1,0)) -> 0 | L78: =IF(K78=3,3,IF(I78+K78=2,2,IF(K78=1,1,0))) -> 0 | M78: =B78+E78 -> 0 | N78: =C78+F78+I78 -> 0 | P78: =AE62 -> John Mifsud | Q78: 0 | R78: =IF(Q78>Q80,1,0) -> 0 | T78: 0 | U78: =IF(T78>T80,1,0) -> 0 | X78: =IF(W78>W80,1,0) -> 0 | Y78: =IF(Q78="",0,1) -> 1 | Z78: =IF(R78+U78=2,3,IF(R78+U78=1,1,0)) -> 0 | AA78: =IF(Z78=3,3,IF(X78+Z78=2,2,IF(Z78=1,1,0))) -> 0 | AB78: =Q78+T78 -> 0 | AC78: =R78+U78+X78 -> 0
A79: vs. | P79: vs.
A80: =AE68 -> Etienne Formosa Carabez | B80: 0 | C80: =IF(B80>B78,1,0) -> 0 | E80: 0 | F80: =IF(E80>E78,1,0) -> 0 | I80: =IF(H80>H78,1,0) -> 0 | J80: =IF(B80="",0,1) -> 1 | K80: =IF(C80+F80=2,3,IF(C80+F80=1,1,0)) -> 0 | L80: =IF(K80=3,3,IF(I80+K80=2,2,IF(K80=1,1,0))) -> 0 | M80: =B80+E80 -> 0 | N80: =C80+F80+I80 -> 0 | P80: =AE64 -> Luke Genuis | Q80: 0 | R80: =IF(Q80>Q78,1,0) -> 0 | T80: 0 | U80: =IF(T80>T78,1,0) -> 0 | X80: =IF(W80>W78,1,0) -> 0 | Y80: =IF(Q80="",0,1) -> 1 | Z80: =IF(R80+U80=2,3,IF(R80+U80=1,1,0)) -> 0 | AA80: =IF(Z80=3,3,IF(X80+Z80=2,2,IF(Z80=1,1,0))) -> 0 | AB80: =Q80+T80 -> 0 | AC80: =R80+U80+X80 -> 0
A82: =AE62 -> John Mifsud | B82: 3 | C82: =IF(B82>B84,1,0) -> 0 | E82: 1 | F82: =IF(E82>E84,1,0) -> 0 | I82: =IF(H82>H84,1,0) -> 0 | J82: =IF(B82="",0,1) -> 1 | K82: =IF(C82+F82=2,3,IF(C82+F82=1,1,0)) -> 0 | L82: =IF(K82=3,3,IF(I82+K82=2,2,IF(K82=1,1,0))) -> 0 | M82: =B82+E82 -> 4 | N82: =C82+F82+I82 -> 0 | P82: =AE62 -> John Mifsud | R82: =IF(Q82>Q84,1,0) -> 0 | U82: =IF(T82>T84,1,0) -> 0 | X82: =IF(W82>W84,1,0) -> 0 | Y82: =IF(Q82="",0,1) -> 0 | Z82: =IF(R82+U82=2,3,IF(R82+U82=1,1,0)) -> 0 | AA82: =IF(Z82=3,3,IF(X82+Z82=2,2,IF(Z82=1,1,0))) -> 0 | AB82: =Q82+T82 -> 0 | AC82: =R82+U82+X82 -> 0
A83: vs. | P83: vs.
A84: =AE66 -> Tobias Kristensen | B84: 6 | C84: =IF(B84>B82,1,0) -> 1 | E84: 6 | F84: =IF(E84>E82,1,0) -> 1 | I84: =IF(H84>H82,1,0) -> 0 | J84: =IF(B84="",0,1) -> 1 | K84: =IF(C84+F84=2,3,IF(C84+F84=1,1,0)) -> 3 | L84: =IF(K84=3,3,IF(I84+K84=2,2,IF(K84=1,1,0))) -> 3 | M84: =B84+E84 -> 12 | N84: =C84+F84+I84 -> 2 | P84: =AE68 -> Etienne Formosa Carabez | R84: =IF(Q84>Q82,1,0) -> 0 | U84: =IF(T84>T82,1,0) -> 0 | X84: =IF(W84>W82,1,0) -> 0 | Y84: =IF(Q84="",0,1) -> 0 | Z84: =IF(R84+U84=2,3,IF(R84+U84=1,1,0)) -> 0 | AA84: =IF(Z84=3,3,IF(X84+Z84=2,2,IF(Z84=1,1,0))) -> 0 | AB84: =Q84+T84 -> 0 | AC84: =R84+U84+X84 -> 0
A86: =AE64 -> Luke Genuis | B86: 0 | C86: =IF(B86>B88,1,0) -> 0 | E86: 0 | F86: =IF(E86>E88,1,0) -> 0 | I86: =IF(H86>H88,1,0) -> 0 | J86: =IF(B86="",0,1) -> 1 | K86: =IF(C86+F86=2,3,IF(C86+F86=1,1,0)) -> 0 | L86: =IF(K86=3,3,IF(I86+K86=2,2,IF(K86=1,1,0))) -> 0 | M86: =B86+E86 -> 0 | N86: =C86+F86+I86 -> 0 | P86: =AE70 -> Steve Gambin | Q86: 4 | R86: =IF(Q86>Q88,1,0) -> 0 | T86: 6 | U86: =IF(T86>T88,1,0) -> 1 | W86: 7 | X86: =IF(W86>W88,1,0) -> 0 | Y86: =IF(Q86="",0,1) -> 1 | Z86: =IF(R86+U86=2,3,IF(R86+U86=1,1,0)) -> 1 | AA86: =IF(Z86=3,3,IF(X86+Z86=2,2,IF(Z86=1,1,0))) -> 1 | AB86: =Q86+T86 -> 10 | AC86: =R86+U86+X86 -> 1
A87: vs. | P87: vs.
A88: =AE66 -> Tobias Kristensen | B88: 0 | C88: =IF(B88>B86,1,0) -> 0 | E88: 0 | F88: =IF(E88>E86,1,0) -> 0 | I88: =IF(H88>H86,1,0) -> 0 | J88: =IF(B88="",0,1) -> 1 | K88: =IF(C88+F88=2,3,IF(C88+F88=1,1,0)) -> 0 | L88: =IF(K88=3,3,IF(I88+K88=2,2,IF(K88=1,1,0))) -> 0 | M88: =B88+E88 -> 0 | N88: =C88+F88+I88 -> 0 | P88: =AE68 -> Etienne Formosa Carabez | Q88: 6 | R88: =IF(Q88>Q86,1,0) -> 1 | T88: 4 | U88: =IF(T88>T86,1,0) -> 0 | W88: 10 | X88: =IF(W88>W86,1,0) -> 1 | Y88: =IF(Q88="",0,1) -> 1 | Z88: =IF(R88+U88=2,3,IF(R88+U88=1,1,0)) -> 1 | AA88: =IF(Z88=3,3,IF(X88+Z88=2,2,IF(Z88=1,1,0))) -> 2 | AB88: =Q88+T88 -> 10 | AC88: =R88+U88+X88 -> 2
A90: =AE70 -> Steve Gambin | B90: 0 | C90: =IF(B90>B92,1,0) -> 0 | E90: 0 | F90: =IF(E90>E92,1,0) -> 0 | I90: =IF(H90>H92,1,0) -> 0 | J90: =IF(B90="",0,1) -> 1 | K90: =IF(C90+F90=2,3,IF(C90+F90=1,1,0)) -> 0 | L90: =IF(K90=3,3,IF(I90+K90=2,2,IF(K90=1,1,0))) -> 0 | M90: =B90+E90 -> 0 | N90: =C90+F90+I90 -> 0 | P90: =AE66 -> Tobias Kristensen | Q90: 6 | R90: =IF(Q90>Q92,1,0) -> 1 | T90: 6 | U90: =IF(T90>T92,1,0) -> 1 | X90: =IF(W90>W92,1,0) -> 0 | Y90: =IF(Q90="",0,1) -> 1 | Z90: =IF(R90+U90=2,3,IF(R90+U90=1,1,0)) -> 3 | AA90: =IF(Z90=3,3,IF(X90+Z90=2,2,IF(Z90=1,1,0))) -> 3 | AB90: =Q90+T90 -> 12 | AC90: =R90+U90+X90 -> 2
A91: vs. | P91: vs.
A92: =AE64 -> Luke Genuis | B92: 0 | C92: =IF(B92>B90,1,0) -> 0 | E92: 0 | F92: =IF(E92>E90,1,0) -> 0 | I92: =IF(H92>H90,1,0) -> 0 | J92: =IF(B92="",0,1) -> 1 | K92: =IF(C92+F92=2,3,IF(C92+F92=1,1,0)) -> 0 | L92: =IF(K92=3,3,IF(I92+K92=2,2,IF(K92=1,1,0))) -> 0 | M92: =B92+E92 -> 0 | N92: =C92+F92+I92 -> 0 | P92: =AE70 -> Steve Gambin | Q92: 3 | R92: =IF(Q92>Q90,1,0) -> 0 | T92: 2 | U92: =IF(T92>T90,1,0) -> 0 | X92: =IF(W92>W90,1,0) -> 0 | Y92: =IF(Q92="",0,1) -> 1 | Z92: =IF(R92+U92=2,3,IF(R92+U92=1,1,0)) -> 0 | AA92: =IF(Z92=3,3,IF(X92+Z92=2,2,IF(Z92=1,1,0))) -> 0 | AB92: =Q92+T92 -> 5 | AC92: =R92+U92+X92 -> 0
A94: =AE62 -> John Mifsud | B94: 4 | C94: =IF(B94>B96,1,0) -> 0 | E94: 2 | F94: =IF(E94>E96,1,0) -> 0 | I94: =IF(H94>H96,1,0) -> 0 | J94: =IF(B94="",0,1) -> 1 | K94: =IF(C94+F94=2,3,IF(C94+F94=1,1,0)) -> 0 | L94: =IF(K94=3,3,IF(I94+K94=2,2,IF(K94=1,1,0))) -> 0 | M94: =B94+E94 -> 6 | N94: =C94+F94+I94 -> 0 | P94: =AE60 -> Peter Khiev | Q94: 6 | R94: =IF(Q94>Q96,1,0) -> 1 | T94: 6 | U94: =IF(T94>T96,1,0) -> 1 | X94: =IF(W94>W96,1,0) -> 0 | Y94: =IF(Q94="",0,1) -> 1 | Z94: =IF(R94+U94=2,3,IF(R94+U94=1,1,0)) -> 3 | AA94: =IF(Z94=3,3,IF(X94+Z94=2,2,IF(Z94=1,1,0))) -> 3 | AB94: =Q94+T94 -> 12 | AC94: =R94+U94+X94 -> 2
A95: vs. | P95: vs.
A96: =AE70 -> Steve Gambin | B96: 6 | C96: =IF(B96>B94,1,0) -> 1 | E96: 6 | F96: =IF(E96>E94,1,0) -> 1 | I96: =IF(H96>H94,1,0) -> 0 | J96: =IF(B96="",0,1) -> 1 | K96: =IF(C96+F96=2,3,IF(C96+F96=1,1,0)) -> 3 | L96: =IF(K96=3,3,IF(I96+K96=2,2,IF(K96=1,1,0))) -> 3 | M96: =B96+E96 -> 12 | N96: =C96+F96+I96 -> 2 | P96: =AE70 -> Steve Gambin | Q96: 2 | R96: =IF(Q96>Q94,1,0) -> 0 | T96: 1 | U96: =IF(T96>T94,1,0) -> 0 | X96: =IF(W96>W94,1,0) -> 0 | Y96: =IF(Q96="",0,1) -> 1 | Z96: =IF(R96+U96=2,3,IF(R96+U96=1,1,0)) -> 0 | AA96: =IF(Z96=3,3,IF(X96+Z96=2,2,IF(Z96=1,1,0))) -> 0 | AB96: =Q96+T96 -> 3 | AC96: =R96+U96+X96 -> 0
A98: =AE58 -> Jonathan Martinelli | B98: 6 | C98: =IF(B98>B100,1,0) -> 1 | E98: 6 | F98: =IF(E98>E100,1,0) -> 1 | I98: =IF(H98>H100,1,0) -> 0 | J98: =IF(B98="",0,1) -> 1 | K98: =IF(C98+F98=2,3,IF(C98+F98=1,1,0)) -> 3 | L98: =IF(K98=3,3,IF(I98+K98=2,2,IF(K98=1,1,0))) -> 3 | M98: =B98+E98 -> 12 | N98: =C98+F98+I98 -> 2
A99: vs.
A100: =AE70 -> Steve Gambin | B100: 1 | C100: =IF(B100>B98,1,0) -> 0 | E100: 1 | F100: =IF(E100>E98,1,0) -> 0 | I100: =IF(H100>H98,1,0) -> 0 | J100: =IF(B100="",0,1) -> 1 | K100: =IF(C100+F100=2,3,IF(C100+F100=1,1,0)) -> 0 | L100: =IF(K100=3,3,IF(I100+K100=2,2,IF(K100=1,1,0))) -> 0 | M100: =B100+E100 -> 2 | N100: =C100+F100+I100 -> 0
P103: Final
P105: Players | Q105: Set Scores | W105: Tie
Q106: Score | R106: Set 1 Work | T106: Score | U106: Set 2 Work | W106: Score | X106: Tie Work | Y106: Game Played | Z106: Sets Points Work | AA106: Sets & Tie Points Work | AB106: Games Wins Work | AC106: Sets Wins Work
P107: =AE25 | R107: =IF(Q107>Q109,1,0) -> 0 | U107: =IF(T107>T109,1,0) -> 0 | X107: =IF(W107>W109,1,0) -> 0 | Y107: =IF(Q107="",0,1) -> 0 | Z107: =IF(R107+U107=2,3,IF(R107+U107=1,1,0)) -> 0 | AA107: =IF(Z107=3,3,IF(X107+Z107=2,2,IF(Z107=1,1,0))) -> 0 | AB107: =Q107+T107 -> 0 | AC107: =R107+U107+X107 -> 0
P108: vs.
P109: =AE74 | R109: =IF(Q109>Q107,1,0) -> 0 | U109: =IF(T109>T107,1,0) -> 0 | X109: =IF(W109>W107,1,0) -> 0 | Y109: =IF(Q109="",0,1) -> 0 | Z109: =IF(R109+U109=2,3,IF(R109+U109=1,1,0)) -> 0 | AA109: =IF(Z109=3,3,IF(X109+Z109=2,2,IF(Z109=1,1,0))) -> 0 | AB109: =Q109+T109 -> 0 | AC109: =R109+U109+X109 -> 0
P111: Divison Winner
P112: =IF(AA107>AA109,P107,P109)
P115: Divison Runner Up
P116: =IF(AA107<AA109,P107,P109)

Sheet Men Div 3
A1: H & S Singles Tournament 2026
A5: Men Division 3 - Group A
A7: Players | B7: Set Scores | H7: Tie | P7: Players | Q7: Set Scores | W7: Tie | AE7: Player | AF7: Matches Played | AG7: Points Overall | AH7: Games Won | AI7: Sets Won
B8: Score | C8: Set 1 Work | E8: Score | F8: Set 2 Work | H8: Score | I8: Tie Work | J8: Game Played | K8: Sets Points Work | L8: Sets & Tie Points Work | M8: Games Wins Work | N8: Sets Wins Work | Q8: Score | R8: Set 1 Work | T8: Score | U8: Set 2 Work | W8: Score | X8: Tie Work | Y8: Game Played | Z8: Sets Points Work | AA8: Sets & Tie Points Work | AB8: Games Wins Work | AC8: Sets Wins Work | AJ8: Winner Working | AK8: Runner Up Working | AL8: Total Games Work | AM8: Winner | AN8: Runner Up
A9: =AE9 -> Manuel Mifsud | C9: =IF(B9>B11,1,0) -> 0 | F9: =IF(E9>E11,1,0) -> 0 | I9: =IF(H9>H11,1,0) -> 0 | J9: =IF(B9="",0,1) -> 0 | K9: =IF(C9+F9=2,3,IF(C9+F9=1,1,0)) -> 0 | L9: =IF(K9=3,3,IF(I9+K9=2,2,IF(K9=1,1,0))) -> 0 | M9: =B9+E9 -> 0 | N9: =C9+F9+I9 -> 0 | P9: =AE9 -> Manuel Mifsud | Q9: 6 | R9: =IF(Q9>Q11,1,0) -> 1 | T9: 7 | U9: =IF(T9>T11,1,0) -> 1 | X9: =IF(W9>W11,1,0) -> 0 | Y9: =IF(Q9="",0,1) -> 1 | Z9: =IF(R9+U9=2,3,IF(R9+U9=1,1,0)) -> 3 | AA9: =IF(Z9=3,3,IF(X9+Z9=2,2,IF(Z9=1,1,0))) -> 3 | AB9: =Q9+T9 -> 13 | AC9: =R9+U9+X9 -> 2 | AE9: ='Players - Men'!B25 -> Manuel Mifsud | AF9: =J9+Y9+J13+Y13+J17 -> 4 | AG9: =L9+AA9+L13+AA13+L17 -> 9 | AH9: =M9+AB9+M13+AB13+M17 -> 43 | AI9: =N9+AC9+N13+AC13+N17 -> 7 | AJ9: =MAX(AG9:AG19) -> 9 | AK9: =LARGE(AG9:AG19, 2) -> 9 | AL9: =SUM(AF9:AF19) -> 22 | AM9: =IF(AG9=$AJ$9,AE9,IF(AG11=$AJ$9,AE11,IF(AG13=$AJ$9,AE13,IF(AG15=$AJ$9,AE15,IF(AG17=$AJ$9,AE17,""))))) -> Manuel Mifsud | AN9: =IF(AG9=$AK$9,AE9,IF(AG11=$AK$9,AE11,IF(AG13=$AK$9,AE13,IF(AG15=$AK$9,AE15,IF(AG17=$AK$9,AE17,""))))) -> Manuel Mifsud
A10: vs. | P10: vs.
A11: =AE11 -> Matthew Caruana | C11: =IF(B11>B9,1,0) -> 0 | F11: =IF(E11>E9,1,0) -> 0 | I11: =IF(H11>H9,1,0) -> 0 | J11: =IF(B11="",0,1) -> 0 | K11: =IF(C11+F11=2,3,IF(C11+F11=1,1,0)) -> 0 | L11: =IF(K11=3,3,IF(I11+K11=2,2,IF(K11=1,1,0))) -> 0 | M11: =B11+E11 -> 0 | N11: =C11+F11+I11 -> 0 | P11: =AE13 -> Juan Sammut | Q11: 0 | R11: =IF(Q11>Q9,1,0) -> 0 | T11: 5 | U11: =IF(T11>T9,1,0) -> 0 | X11: =IF(W11>W9,1,0) -> 0 | Y11: =IF(Q11="",0,1) -> 1 | Z11: =IF(R11+U11=2,3,IF(R11+U11=1,1,0)) -> 0 | AA11: =IF(Z11=3,3,IF(X11+Z11=2,2,IF(Z11=1,1,0))) -> 0 | AB11: =Q11+T11 -> 5 | AC11: =R11+U11+X11 -> 0 | AE11: ='Players - Men'!B26 -> Matthew Caruana | AF11: =J11+Y25+J25+Y21+J21 -> 3 | AG11: =L11+AA25+L25+AA21+L21 -> 9 | AH11: =M11+AB25+M25+AB21+M21 -> 36 | AI11: =N11+AC25+N25+AC21+N21 -> 6
A13: =AE9 -> Manuel Mifsud | B13: 6 | C13: =IF(B13>B15,1,0) -> 1 | E13: 2 | F13: =IF(E13>E15,1,0) -> 0 | H13: 13 | I13: =IF(H13>H15,1,0) -> 0 | J13: =IF(B13="",0,1) -> 1 | K13: =IF(C13+F13=2,3,IF(C13+F13=1,1,0)) -> 1 | L13: =IF(K13=3,3,IF(I13+K13=2,2,IF(K13=1,1,0))) -> 1 | M13: =B13+E13 -> 8 | N13: =C13+F13+I13 -> 1 | P13: =AE9 -> Manuel Mifsud | Q13: 6 | R13: =IF(Q13>Q15,1,0) -> 1 | T13: 7 | U13: =IF(T13>T15,1,0) -> 1 | X13: =IF(W13>W15,1,0) -> 0 | Y13: =IF(Q13="",0,1) -> 1 | Z13: =IF(R13+U13=2,3,IF(R13+U13=1,1,0)) -> 3 | AA13: =IF(Z13=3,3,IF(X13+Z13=2,2,IF(Z13=1,1,0))) -> 3 | AB13: =Q13+T13 -> 13 | AC13: =R13+U13+X13 -> 2 | AE13: ='Players - Men'!B27 -> Juan Sammut | AF13: =Y29+Y11+Y33+J33+J23 -> 3 | AG13: =AA29+AA11+AA33+L33+L23 -> 0 | AH13: =AB29+AB11+AB33+M33+M23 -> 19 | AI13: =AC29+AC11+AC33+N33+N23 -> 0
A14: vs. | P14: vs.
A15: =AE15 -> Artiom Kricenko | B15: 1 | C15: =IF(B15>B13,1,0) -> 0 | E15: 6 | F15: =IF(E15>E13,1,0) -> 1 | H15: 15 | I15: =IF(H15>H13,1,0) -> 1 | J15: =IF(B15="",0,1) -> 1 | K15: =IF(C15+F15=2,3,IF(C15+F15=1,1,0)) -> 1 | L15: =IF(K15=3,3,IF(I15+K15=2,2,IF(K15=1,1,0))) -> 2 | M15: =B15+E15 -> 7 | N15: =C15+F15+I15 -> 2 | P15: =AE17 -> Jason Lee Evans | Q15: 4 | R15: =IF(Q15>Q13,1,0) -> 0 | T15: 5 | U15: =IF(T15>T13,1,0) -> 0 | X15: =IF(W15>W13,1,0) -> 0 | Y15: =IF(Q15="",0,1) -> 1 | Z15: =IF(R15+U15=2,3,IF(R15+U15=1,1,0)) -> 0 | AA15: =IF(Z15=3,3,IF(X15+Z15=2,2,IF(Z15=1,1,0))) -> 0 | AB15: =Q15+T15 -> 9 | AC15: =R15+U15+X15 -> 0 | AE15: ='Players - Men'!B28 -> Artiom Kricenko | AF15: =Y31+J37+J15+Y23+J29 -> 4 | AG15: =AA31+L37+L15+AA23+L29 -> 7 | AH15: =AB31+M37+M15+AB23+M29 -> 33 | AI15: =AC31+N37+N15+AC23+N29 -> 6
A17: =AE9 -> Manuel Mifsud | B17: 3 | C17: =IF(B17>B19,1,0) -> 0 | E17: 6 | F17: =IF(E17>E19,1,0) -> 1 | H17: 10 | I17: =IF(H17>H19,1,0) -> 1 | J17: =IF(B17="",0,1) -> 1 | K17: =IF(C17+F17=2,3,IF(C17+F17=1,1,0)) -> 1 | L17: =IF(K17=3,3,IF(I17+K17=2,2,IF(K17=1,1,0))) -> 2 | M17: =B17+E17 -> 9 | N17: =C17+F17+I17 -> 2 | P17: =AE17 -> Jason Lee Evans | Q17: 6 | R17: =IF(Q17>Q19,1,0) -> 1 | T17: 7 | U17: =IF(T17>T19,1,0) -> 1 | X17: =IF(W17>W19,1,0) -> 0 | Y17: =IF(Q17="",0,1) -> 1 | Z17: =IF(R17+U17=2,3,IF(R17+U17=1,1,0)) -> 3 | AA17: =IF(Z17=3,3,IF(X17+Z17=2,2,IF(Z17=1,1,0))) -> 3 | AB17: =Q17+T17 -> 13 | AC17: =R17+U17+X17 -> 2 | AE17: ='Players - Men'!B29 -> Jason Lee Evans | AF17: =Y17+J39+J27+Y15+J35 -> 4 | AG17: =AA17+L39+L27+AA15+L35 -> 7 | AH17: =AB17+M39+M27+AB15+M35 -> 42 | AI17: =AC17+N39+N27+AC15+N35 -> 5
A18: vs. | P18: vs.
A19: =AE19 -> Chris Vella | B19: 6 | C19: =IF(B19>B17,1,0) -> 1 | E19: 4 | F19: =IF(E19>E17,1,0) -> 0 | H19: 4 | I19: =IF(H19>H17,1,0) -> 0 | J19: =IF(B19="",0,1) -> 1 | K19: =IF(C19+F19=2,3,IF(C19+F19=1,1,0)) -> 1 | L19: =IF(K19=3,3,IF(I19+K19=2,2,IF(K19=1,1,0))) -> 1 | M19: =B19+E19 -> 10 | N19: =C19+F19+I19 -> 1 | P19: =AE19 -> Chris Vella | Q19: 3 | R19: =IF(Q19>Q17,1,0) -> 0 | T19: 5 | U19: =IF(T19>T17,1,0) -> 0 | X19: =IF(W19>W17,1,0) -> 0 | Y19: =IF(Q19="",0,1) -> 1 | Z19: =IF(R19+U19=2,3,IF(R19+U19=1,1,0)) -> 0 | AA19: =IF(Z19=3,3,IF(X19+Z19=2,2,IF(Z19=1,1,0))) -> 0 | AB19: =Q19+T19 -> 8 | AC19: =R19+U19+X19 -> 0 | AE19: ='Players - Men'!B30 -> Chris Vella | AF19: =Y19+Y27+Y35+J19+J31 -> 4 | AG19: =AA19+AA27+AA35+L19+L31 -> 1 | AH19: =AB19+AB27+AB35+M19+M31 -> 35 | AI19: =AC19+AC27+AC35+N19+N31 -> 1
A21: =AE11 -> Matthew Caruana | B21: 6 | C21: =IF(B21>B23,1,0) -> 1 | E21: 6 | F21: =IF(E21>E23,1,0) -> 1 | I21: =IF(H21>H23,1,0) -> 0 | J21: =IF(B21="",0,1) -> 1 | K21: =IF(C21+F21=2,3,IF(C21+F21=1,1,0)) -> 3 | L21: =IF(K21=3,3,IF(I21+K21=2,2,IF(K21=1,1,0))) -> 3 | M21: =B21+E21 -> 12 | N21: =C21+F21+I21 -> 2 | P21: =AE11 -> Matthew Caruana | Q21: 6 | R21: =IF(Q21>Q23,1,0) -> 1 | T21: 6 | U21: =IF(T21>T23,1,0) -> 1 | X21: =IF(W21>W23,1,0) -> 0 | Y21: =IF(Q21="",0,1) -> 1 | Z21: =IF(R21+U21=2,3,IF(R21+U21=1,1,0)) -> 3 | AA21: =IF(Z21=3,3,IF(X21+Z21=2,2,IF(Z21=1,1,0))) -> 3 | AB21: =Q21+T21 -> 12 | AC21: =R21+U21+X21 -> 2 | AE21: Division Winner
A22: vs. | P22: vs.
A23: =AE13 -> Juan Sammut | B23: 3 | C23: =IF(B23>B21,1,0) -> 0 | E23: 3 | F23: =IF(E23>E21,1,0) -> 0 | I23: =IF(H23>H21,1,0) -> 0 | J23: =IF(B23="",0,1) -> 1 | K23: =IF(C23+F23=2,3,IF(C23+F23=1,1,0)) -> 0 | L23: =IF(K23=3,3,IF(I23+K23=2,2,IF(K23=1,1,0))) -> 0 | M23: =B23+E23 -> 6 | N23: =C23+F23+I23 -> 0 | P23: =AE15 -> Artiom Kricenko | Q23: 1 | R23: =IF(Q23>Q21,1,0) -> 0 | T23: 4 | U23: =IF(T23>T21,1,0) -> 0 | X23: =IF(W23>W21,1,0) -> 0 | Y23: =IF(Q23="",0,1) -> 1 | Z23: =IF(R23+U23=2,3,IF(R23+U23=1,1,0)) -> 0 | AA23: =IF(Z23=3,3,IF(X23+Z23=2,2,IF(Z23=1,1,0))) -> 0 | AB23: =Q23+T23 -> 5 | AC23: =R23+U23+X23 -> 0
A25: =AE11 -> Matthew Caruana | C25: =IF(B25>B27,1,0) -> 0 | F25: =IF(E25>E27,1,0) -> 0 | I25: =IF(H25>H27,1,0) -> 0 | J25: =IF(B25="",0,1) -> 0 | K25: =IF(C25+F25=2,3,IF(C25+F25=1,1,0)) -> 0 | L25: =IF(K25=3,3,IF(I25+K25=2,2,IF(K25=1,1,0))) -> 0 | M25: =B25+E25 -> 0 | N25: =C25+F25+I25 -> 0 | P25: =AE11 -> Matthew Caruana | Q25: 6 | R25: =IF(Q25>Q27,1,0) -> 1 | T25: 6 | U25: =IF(T25>T27,1,0) -> 1 | X25: =IF(W25>W27,1,0) -> 0 | Y25: =IF(Q25="",0,1) -> 1 | Z25: =IF(R25+U25=2,3,IF(R25+U25=1,1,0)) -> 3 | AA25: =IF(Z25=3,3,IF(X25+Z25=2,2,IF(Z25=1,1,0))) -> 3 | AB25: =Q25+T25 -> 12 | AC25: =R25+U25+X25 -> 2
A26: vs. | P26: vs.
A27: =AE17 -> Jason Lee Evans | C27: =IF(B27>B25,1,0) -> 0 | F27: =IF(E27>E25,1,0) -> 0 | I27: =IF(H27>H25,1,0) -> 0 | J27: =IF(B27="",0,1) -> 0 | K27: =IF(C27+F27=2,3,IF(C27+F27=1,1,0)) -> 0 | L27: =IF(K27=3,3,IF(I27+K27=2,2,IF(K27=1,1,0))) -> 0 | M27: =B27+E27 -> 0 | N27: =C27+F27+I27 -> 0 | P27: =AE19 -> Chris Vella | Q27: 2 | R27: =IF(Q27>Q25,1,0) -> 0 | T27: 4 | U27: =IF(T27>T25,1,0) -> 0 | X27: =IF(W27>W25,1,0) -> 0 | Y27: =IF(Q27="",0,1) -> 1 | Z27: =IF(R27+U27=2,3,IF(R27+U27=1,1,0)) -> 0 | AA27: =IF(Z27=3,3,IF(X27+Z27=2,2,IF(Z27=1,1,0))) -> 0 | AB27: =Q27+T27 -> 6 | AC27: =R27+U27+X27 -> 0
A29: =AE15 -> Artiom Kricenko | B29: 7 | C29: =IF(B29>B31,1,0) -> 1 | E29: 7 | F29: =IF(E29>E31,1,0) -> 1 | I29: =IF(H29>H31,1,0) -> 0 | J29: =IF(B29="",0,1) -> 1 | K29: =IF(C29+F29=2,3,IF(C29+F29=1,1,0)) -> 3 | L29: =IF(K29=3,3,IF(I29+K29=2,2,IF(K29=1,1,0))) -> 3 | M29: =B29+E29 -> 14 | N29: =C29+F29+I29 -> 2 | P29: =AE13 -> Juan Sammut | R29: =IF(Q29>Q31,1,0) -> 0 | U29: =IF(T29>T31,1,0) -> 0 | X29: =IF(W29>W31,1,0) -> 0 | Y29: =IF(Q29="",0,1) -> 0 | Z29: =IF(R29+U29=2,3,IF(R29+U29=1,1,0)) -> 0 | AA29: =IF(Z29=3,3,IF(X29+Z29=2,2,IF(Z29=1,1,0))) -> 0 | AB29: =Q29+T29 -> 0 | AC29: =R29+U29+X29 -> 0
A30: vs. | P30: vs.
A31: =AE19 -> Chris Vella | B31: 6 | C31: =IF(B31>B29,1,0) -> 0 | E31: 5 | F31: =IF(E31>E29,1,0) -> 0 | I31: =IF(H31>H29,1,0) -> 0 | J31: =IF(B31="",0,1) -> 1 | K31: =IF(C31+F31=2,3,IF(C31+F31=1,1,0)) -> 0 | L31: =IF(K31=3,3,IF(I31+K31=2,2,IF(K31=1,1,0))) -> 0 | M31: =B31+E31 -> 11 | N31: =C31+F31+I31 -> 0 | P31: =AE15 -> Artiom Kricenko | R31: =IF(Q31>Q29,1,0) -> 0 | U31: =IF(T31>T29,1,0) -> 0 | X31: =IF(W31>W29,1,0) -> 0 | Y31: =IF(Q31="",0,1) -> 0 | Z31: =IF(R31+U31=2,3,IF(R31+U31=1,1,0)) -> 0 | AA31: =IF(Z31=3,3,IF(X31+Z31=2,2,IF(Z31=1,1,0))) -> 0 | AB31: =Q31+T31 -> 0 | AC31: =R31+U31+X31 -> 0
A33: =AE13 -> Juan Sammut | B33: 4 | C33: =IF(B33>B35,1,0) -> 0 | E33: 4 | F33: =IF(E33>E35,1,0) -> 0 | I33: =IF(H33>H35,1,0) -> 0 | J33: =IF(B33="",0,1) -> 1 | K33: =IF(C33+F33=2,3,IF(C33+F33=1,1,0)) -> 0 | L33: =IF(K33=3,3,IF(I33+K33=2,2,IF(K33=1,1,0))) -> 0 | M33: =B33+E33 -> 8 | N33: =C33+F33+I33 -> 0 | P33: =AE13 -> Juan Sammut | R33: =IF(Q33>Q35,1,0) -> 0 | U33: =IF(T33>T35,1,0) -> 0 | X33: =IF(W33>W35,1,0) -> 0 | Y33: =IF(Q33="",0,1) -> 0 | Z33: =IF(R33+U33=2,3,IF(R33+U33=1,1,0)) -> 0 | AA33: =IF(Z33=3,3,IF(X33+Z33=2,2,IF(Z33=1,1,0))) -> 0 | AB33: =Q33+T33 -> 0 | AC33: =R33+U33+X33 -> 0
A34: vs. | P34: vs.
A35: =AE17 -> Jason Lee Evans | B35: 6 | C35: =IF(B35>B33,1,0) -> 1 | E35: 6 | F35: =IF(E35>E33,1,0) -> 1 | I35: =IF(H35>H33,1,0) -> 0 | J35: =IF(B35="",0,1) -> 1 | K35: =IF(C35+F35=2,3,IF(C35+F35=1,1,0)) -> 3 | L35: =IF(K35=3,3,IF(I35+K35=2,2,IF(K35=1,1,0))) -> 3 | M35: =B35+E35 -> 12 | N35: =C35+F35+I35 -> 2 | P35: =AE19 -> Chris Vella | R35: =IF(Q35>Q33,1,0) -> 0 | U35: =IF(T35>T33,1,0) -> 0 | X35: =IF(W35>W33,1,0) -> 0 | Y35: =IF(Q35="",0,1) -> 0 | Z35: =IF(R35+U35=2,3,IF(R35+U35=1,1,0)) -> 0 | AA35: =IF(Z35=3,3,IF(X35+Z35=2,2,IF(Z35=1,1,0))) -> 0 | AB35: =Q35+T35 -> 0 | AC35: =R35+U35+X35 -> 0
A37: =AE15 -> Artiom Kricenko | B37: 6 | C37: =IF(B37>B39,1,0) -> 1 | E37: 1 | F37: =IF(E37>E39,1,0) -> 0 | H37: 11 | I37: =IF(H37>H39,1,0) -> 1 | J37: =IF(B37="",0,1) -> 1 | K37: =IF(C37+F37=2,3,IF(C37+F37=1,1,0)) -> 1 | L37: =IF(K37=3,3,IF(I37+K37=2,2,IF(K37=1,1,0))) -> 2 | M37: =B37+E37 -> 7 | N37: =C37+F37+I37 -> 2
A38: vs.
A39: =AE17 -> Jason Lee Evans | B39: 2 | C39: =IF(B39>B37,1,0) -> 0 | E39: 6 | F39: =IF(E39>E37,1,0) -> 1 | H39: 9 | I39: =IF(H39>H37,1,0) -> 0 | J39: =IF(B39="",0,1) -> 1 | K39: =IF(C39+F39=2,3,IF(C39+F39=1,1,0)) -> 1 | L39: =IF(K39=3,3,IF(I39+K39=2,2,IF(K39=1,1,0))) -> 1 | M39: =B39+E39 -> 8 | N39: =C39+F39+I39 -> 1
A42: Men Division 3 - Group B
A44: Players | B44: Set Scores | H44: Tie | P44: Players | Q44: Set Scores | W44: Tie | AE44: Player | AF44: Matches Played | AG44: Points Overall | AH44: Games Won | AI44: Sets Won
B45: Score | C45: Set 1 Work | E45: Score | F45: Set 2 Work | H45: Score | I45: Tie Work | J45: Game Played | K45: Sets Points Work | L45: Sets & Tie Points Work | M45: Games Wins Work | N45: Sets Wins Work | Q45: Score | R45: Set 1 Work | T45: Score | U45: Set 2 Work | W45: Score | X45: Tie Work | Y45: Game Played | Z45: Sets Points Work | AA45: Sets & Tie Points Work | AB45: Games Wins Work | AC45: Sets Wins Work
A46: =AE46 -> Matthias Sciriha | B46: 6 | C46: =IF(B46>B48,1,0) -> 1 | E46: 7 | F46: =IF(E46>E48,1,0) -> 1 | I46: =IF(H46>H48,1,0) -> 0 | J46: =IF(B46="",0,1) -> 1 | K46: =IF(C46+F46=2,3,IF(C46+F46=1,1,0)) -> 3 | L46: =IF(K46=3,3,IF(I46+K46=2,2,IF(K46=1,1,0))) -> 3 | M46: =B46+E46 -> 13 | N46: =C46+F46+I46 -> 2 | P46: =AE46 -> Matthias Sciriha | Q46: 6 | R46: =IF(Q46>Q48,1,0) -> 1 | T46: 4 | U46: =IF(T46>T48,1,0) -> 0 | W46: 11 | X46: =IF(W46>W48,1,0) -> 1 | Y46: =IF(Q46="",0,1) -> 1 | Z46: =IF(R46+U46=2,3,IF(R46+U46=1,1,0)) -> 1 | AA46: =IF(Z46=3,3,IF(X46+Z46=2,2,IF(Z46=1,1,0))) -> 2 | AB46: =Q46+T46 -> 10 | AC46: =R46+U46+X46 -> 2 | AE46: ='Players - Men'!E25 -> Matthias Sciriha | AF46: =J46+Y46+J50+Y50+J54 -> 3 | AG46: =L46+AA46+L50+AA50+L54 -> 8 | AH46: =M46+AB46+M50+AB50+M54 -> 35 | AI46: =N46+AC46+N50+AC50+N54 -> 6
A47: vs. | P47: vs.
A48: =AE48 -> Kenneth Farrugia | B48: 3 | C48: =IF(B48>B46,1,0) -> 0 | E48: 6 | F48: =IF(E48>E46,1,0) -> 0 | I48: =IF(H48>H46,1,0) -> 0 | J48: =IF(B48="",0,1) -> 1 | K48: =IF(C48+F48=2,3,IF(C48+F48=1,1,0)) -> 0 | L48: =IF(K48=3,3,IF(I48+K48=2,2,IF(K48=1,1,0))) -> 0 | M48: =B48+E48 -> 9 | N48: =C48+F48+I48 -> 0 | P48: =AE50 -> Simone Re | Q48: 3 | R48: =IF(Q48>Q46,1,0) -> 0 | T48: 6 | U48: =IF(T48>T46,1,0) -> 1 | W48: 9 | X48: =IF(W48>W46,1,0) -> 0 | Y48: =IF(Q48="",0,1) -> 1 | Z48: =IF(R48+U48=2,3,IF(R48+U48=1,1,0)) -> 1 | AA48: =IF(Z48=3,3,IF(X48+Z48=2,2,IF(Z48=1,1,0))) -> 1 | AB48: =Q48+T48 -> 9 | AC48: =R48+U48+X48 -> 1 | AE48: ='Players - Men'!E26 -> Kenneth Farrugia | AF48: =J48+Y62+J62+Y58+J58 -> 4 | AG48: =L48+AA62+L62+AA58+L58 -> 7 | AH48: =M48+AB62+M62+AB58+M58 -> 44 | AI48: =N48+AC62+N62+AC58+N58 -> 5
A50: =AE46 -> Matthias Sciriha | C50: =IF(B50>B52,1,0) -> 0 | F50: =IF(E50>E52,1,0) -> 0 | I50: =IF(H50>H52,1,0) -> 0 | J50: =IF(B50="",0,1) -> 0 | K50: =IF(C50+F50=2,3,IF(C50+F50=1,1,0)) -> 0 | L50: =IF(K50=3,3,IF(I50+K50=2,2,IF(K50=1,1,0))) -> 0 | M50: =B50+E50 -> 0 | N50: =C50+F50+I50 -> 0 | P50: =AE46 -> Matthias Sciriha | Q50: 6 | R50: =IF(Q50>Q52,1,0) -> 1 | T50: 6 | U50: =IF(T50>T52,1,0) -> 1 | X50: =IF(W50>W52,1,0) -> 0 | Y50: =IF(Q50="",0,1) -> 1 | Z50: =IF(R50+U50=2,3,IF(R50+U50=1,1,0)) -> 3 | AA50: =IF(Z50=3,3,IF(X50+Z50=2,2,IF(Z50=1,1,0))) -> 3 | AB50: =Q50+T50 -> 12 | AC50: =R50+U50+X50 -> 2 | AE50: ='Players - Men'!E27 -> Simone Re | AF50: =Y66+Y48+Y70+J70+J60 -> 4 | AG50: =AA66+AA48+AA70+L70+L60 -> 7 | AH50: =AB66+AB48+AB70+M70+M60 -> 42 | AI50: =AC66+AC48+AC70+N70+N60 -> 5
A51: vs. | P51: vs.
A52: =AE52 -> Matthew Micallef | C52: =IF(B52>B50,1,0) -> 0 | F52: =IF(E52>E50,1,0) -> 0 | I52: =IF(H52>H50,1,0) -> 0 | J52: =IF(B52="",0,1) -> 0 | K52: =IF(C52+F52=2,3,IF(C52+F52=1,1,0)) -> 0 | L52: =IF(K52=3,3,IF(I52+K52=2,2,IF(K52=1,1,0))) -> 0 | M52: =B52+E52 -> 0 | N52: =C52+F52+I52 -> 0 | P52: =AE54 -> Jurgen Cachia | Q52: 3 | R52: =IF(Q52>Q50,1,0) -> 0 | T52: 3 | U52: =IF(T52>T50,1,0) -> 0 | X52: =IF(W52>W50,1,0) -> 0 | Y52: =IF(Q52="",0,1) -> 1 | Z52: =IF(R52+U52=2,3,IF(R52+U52=1,1,0)) -> 0 | AA52: =IF(Z52=3,3,IF(X52+Z52=2,2,IF(Z52=1,1,0))) -> 0 | AB52: =Q52+T52 -> 6 | AC52: =R52+U52+X52 -> 0 | AE52: ='Players - Men'!E28 -> Matthew Micallef | AF52: =Y68+J74+J52+Y60+J66 -> 4 | AG52: =AA68+L74+L52+AA60+L66 -> 9 | AH52: =AB68+M74+M52+AB60+M66 -> 48 | AI52: =AC68+N74+N52+AC60+N66 -> 7
A54: =AE46 -> Matthias Sciriha | C54: =IF(B54>B56,1,0) -> 0 | F54: =IF(E54>E56,1,0) -> 0 | I54: =IF(H54>H56,1,0) -> 0 | J54: =IF(B54="",0,1) -> 0 | K54: =IF(C54+F54=2,3,IF(C54+F54=1,1,0)) -> 0 | L54: =IF(K54=3,3,IF(I54+K54=2,2,IF(K54=1,1,0))) -> 0 | M54: =B54+E54 -> 0 | N54: =C54+F54+I54 -> 0 | P54: =AE54 -> Jurgen Cachia | Q54: 0 | R54: =IF(Q54>Q56,1,0) -> 0 | T54: 0 | U54: =IF(T54>T56,1,0) -> 0 | X54: =IF(W54>W56,1,0) -> 0 | Y54: =IF(Q54="",0,1) -> 1 | Z54: =IF(R54+U54=2,3,IF(R54+U54=1,1,0)) -> 0 | AA54: =IF(Z54=3,3,IF(X54+Z54=2,2,IF(Z54=1,1,0))) -> 0 | AB54: =Q54+T54 -> 0 | AC54: =R54+U54+X54 -> 0 | AD54: w/o | AE54: ='Players - Men'!E29 -> Jurgen Cachia | AF54: =Y54+J76+J64+Y52+J72 -> 5 | AG54: =AA54+L76+L64+AA52+L72 -> 2 | AH54: =AB54+M76+M64+AB52+M72 -> 27 | AI54: =AC54+N76+N64+AC52+N72 -> 2
A55: vs. | P55: vs.
A56: =AE56 -> Redent Scicluna | C56: =IF(B56>B54,1,0) -> 0 | F56: =IF(E56>E54,1,0) -> 0 | I56: =IF(H56>H54,1,0) -> 0 | J56: =IF(B56="",0,1) -> 0 | K56: =IF(C56+F56=2,3,IF(C56+F56=1,1,0)) -> 0 | L56: =IF(K56=3,3,IF(I56+K56=2,2,IF(K56=1,1,0))) -> 0 | M56: =B56+E56 -> 0 | N56: =C56+F56+I56 -> 0 | P56: =AE56 -> Redent Scicluna | Q56: 6 | R56: =IF(Q56>Q54,1,0) -> 1 | T56: 6 | U56: =IF(T56>T54,1,0) -> 1 | X56: =IF(W56>W54,1,0) -> 0 | Y56: =IF(Q56="",0,1) -> 1 | Z56: =IF(R56+U56=2,3,IF(R56+U56=1,1,0)) -> 3 | AA56: =IF(Z56=3,3,IF(X56+Z56=2,2,IF(Z56=1,1,0))) -> 3 | AB56: =Q56+T56 -> 12 | AC56: =R56+U56+X56 -> 2 | AE56: ='Players - Men'!E30 -> Redent Scicluna | AF56: =Y56+Y64+Y72+J56+J68 -> 4 | AG56: =AA56+AA64+AA72+L56+L68 -> 3 | AH56: =AB56+AB64+AB72+M56+M68 -> 28 | AI56: =AC56+AC64+AC72+N56+N68 -> 2
A58: =AE48 -> Kenneth Farrugia | C58: =IF(B58>B60,1,0) -> 0 | F58: =IF(E58>E60,1,0) -> 0 | I58: =IF(H58>H60,1,0) -> 0 | J58: =IF(B58="",0,1) -> 0 | K58: =IF(C58+F58=2,3,IF(C58+F58=1,1,0)) -> 0 | L58: =IF(K58=3,3,IF(I58+K58=2,2,IF(K58=1,1,0))) -> 0 | M58: =B58+E58 -> 0 | N58: =C58+F58+I58 -> 0 | P58: =AE48 -> Kenneth Farrugia | Q58: 6 | R58: =IF(Q58>Q60,1,0) -> 1 | T58: 5 | U58: =IF(T58>T60,1,0) -> 0 | W58: 4 | X58: =IF(W58>W60,1,0) -> 0 | Y58: =IF(Q58="",0,1) -> 1 | Z58: =IF(R58+U58=2,3,IF(R58+U58=1,1,0)) -> 1 | AA58: =IF(Z58=3,3,IF(X58+Z58=2,2,IF(Z58=1,1,0))) -> 1 | AB58: =Q58+T58 -> 11 | AC58: =R58+U58+X58 -> 1 | AE58: Division Winner
A59: vs. | P59: vs.
A60: =AE50 -> Simone Re | C60: =IF(B60>B58,1,0) -> 0 | F60: =IF(E60>E58,1,0) -> 0 | I60: =IF(H60>H58,1,0) -> 0 | J60: =IF(B60="",0,1) -> 0 | K60: =IF(C60+F60=2,3,IF(C60+F60=1,1,0)) -> 0 | L60: =IF(K60=3,3,IF(I60+K60=2,2,IF(K60=1,1,0))) -> 0 | M60: =B60+E60 -> 0 | N60: =C60+F60+I60 -> 0 | P60: =AE52 -> Matthew Micallef | Q60: 4 | R60: =IF(Q60>Q58,1,0) -> 0 | T60: 7 | U60: =IF(T60>T58,1,0) -> 1 | W60: 10 | X60: =IF(W60>W58,1,0) -> 1 | Y60: =IF(Q60="",0,1) -> 1 | Z60: =IF(R60+U60=2,3,IF(R60+U60=1,1,0)) -> 1 | AA60: =IF(Z60=3,3,IF(X60+Z60=2,2,IF(Z60=1,1,0))) -> 2 | AB60: =Q60+T60 -> 11 | AC60: =R60+U60+X60 -> 2
A62: =AE48 -> Kenneth Farrugia | B62: 6 | C62: =IF(B62>B64,1,0) -> 1 | E62: 6 | F62: =IF(E62>E64,1,0) -> 1 | I62: =IF(H62>H64,1,0) -> 0 | J62: =IF(B62="",0,1) -> 1 | K62: =IF(C62+F62=2,3,IF(C62+F62=1,1,0)) -> 3 | L62: =IF(K62=3,3,IF(I62+K62=2,2,IF(K62=1,1,0))) -> 3 | M62: =B62+E62 -> 12 | N62: =C62+F62+I62 -> 2 | P62: =AE48 -> Kenneth Farrugia | Q62: 6 | R62: =IF(Q62>Q64,1,0) -> 1 | T62: 6 | U62: =IF(T62>T64,1,0) -> 1 | X62: =IF(W62>W64,1,0) -> 0 | Y62: =IF(Q62="",0,1) -> 1 | Z62: =IF(R62+U62=2,3,IF(R62+U62=1,1,0)) -> 3 | AA62: =IF(Z62=3,3,IF(X62+Z62=2,2,IF(Z62=1,1,0))) -> 3 | AB62: =Q62+T62 -> 12 | AC62: =R62+U62+X62 -> 2
A63: vs. | P63: vs.
A64: =AE54 -> Jurgen Cachia | B64: 4 | C64: =IF(B64>B62,1,0) -> 0 | E64: 0 | F64: =IF(E64>E62,1,0) -> 0 | I64: =IF(H64>H62,1,0) -> 0 | J64: =IF(B64="",0,1) -> 1 | K64: =IF(C64+F64=2,3,IF(C64+F64=1,1,0)) -> 0 | L64: =IF(K64=3,3,IF(I64+K64=2,2,IF(K64=1,1,0))) -> 0 | M64: =B64+E64 -> 4 | N64: =C64+F64+I64 -> 0 | P64: =AE56 -> Redent Scicluna | Q64: 3 | R64: =IF(Q64>Q62,1,0) -> 0 | T64: 3 | U64: =IF(T64>T62,1,0) -> 0 | X64: =IF(W64>W62,1,0) -> 0 | Y64: =IF(Q64="",0,1) -> 1 | Z64: =IF(R64+U64=2,3,IF(R64+U64=1,1,0)) -> 0 | AA64: =IF(Z64=3,3,IF(X64+Z64=2,2,IF(Z64=1,1,0))) -> 0 | AB64: =Q64+T64 -> 6 | AC64: =R64+U64+X64 -> 0
A66: =AE52 -> Matthew Micallef | B66: 6 | C66: =IF(B66>B68,1,0) -> 1 | E66: 6 | F66: =IF(E66>E68,1,0) -> 1 | I66: =IF(H66>H68,1,0) -> 0 | J66: =IF(B66="",0,1) -> 1 | K66: =IF(C66+F66=2,3,IF(C66+F66=1,1,0)) -> 3 | L66: =IF(K66=3,3,IF(I66+K66=2,2,IF(K66=1,1,0))) -> 3 | M66: =B66+E66 -> 12 | N66: =C66+F66+I66 -> 2 | P66: =AE50 -> Simone Re | Q66: 5 | R66: =IF(Q66>Q68,1,0) -> 0 | T66: 2 | U66: =IF(T66>T68,1,0) -> 0 | X66: =IF(W66>W68,1,0) -> 0 | Y66: =IF(Q66="",0,1) -> 1 | Z66: =IF(R66+U66=2,3,IF(R66+U66=1,1,0)) -> 0 | AA66: =IF(Z66=3,3,IF(X66+Z66=2,2,IF(Z66=1,1,0))) -> 0 | AB66: =Q66+T66 -> 7 | AC66: =R66+U66+X66 -> 0
A67: vs. | P67: vs.
A68: =AE56 -> Redent Scicluna | B68: 0 | C68: =IF(B68>B66,1,0) -> 0 | E68: 0 | F68: =IF(E68>E66,1,0) -> 0 | I68: =IF(H68>H66,1,0) -> 0 | J68: =IF(B68="",0,1) -> 1 | K68: =IF(C68+F68=2,3,IF(C68+F68=1,1,0)) -> 0 | L68: =IF(K68=3,3,IF(I68+K68=2,2,IF(K68=1,1,0))) -> 0 | M68: =B68+E68 -> 0 | N68: =C68+F68+I68 -> 0 | O68: Ret | P68: =AE52 -> Matthew Micallef | Q68: 7 | R68: =IF(Q68>Q66,1,0) -> 1 | T68: 6 | U68: =IF(T68>T66,1,0) -> 1 | X68: =IF(W68>W66,1,0) -> 0 | Y68: =IF(Q68="",0,1) -> 1 | Z68: =IF(R68+U68=2,3,IF(R68+U68=1,1,0)) -> 3 | AA68: =IF(Z68=3,3,IF(X68+Z68=2,2,IF(Z68=1,1,0))) -> 3 | AB68: =Q68+T68 -> 13 | AC68: =R68+U68+X68 -> 2
A70: =AE50 -> Simone Re | B70: 7 | C70: =IF(B70>B72,1,0) -> 1 | E70: 6 | F70: =IF(E70>E72,1,0) -> 1 | I70: =IF(H70>H72,1,0) -> 0 | J70: =IF(B70="",0,1) -> 1 | K70: =IF(C70+F70=2,3,IF(C70+F70=1,1,0)) -> 3 | L70: =IF(K70=3,3,IF(I70+K70=2,2,IF(K70=1,1,0))) -> 3 | M70: =B70+E70 -> 13 | N70: =C70+F70+I70 -> 2 | P70: =AE50 -> Simone Re | Q70: 7 | R70: =IF(Q70>Q72,1,0) -> 1 | T70: 6 | U70: =IF(T70>T72,1,0) -> 1 | X70: =IF(W70>W72,1,0) -> 0 | Y70: =IF(Q70="",0,1) -> 1 | Z70: =IF(R70+U70=2,3,IF(R70+U70=1,1,0)) -> 3 | AA70: =IF(Z70=3,3,IF(X70+Z70=2,2,IF(Z70=1,1,0))) -> 3 | AB70: =Q70+T70 -> 13 | AC70: =R70+U70+X70 -> 2
A71: vs. | P71: vs.
A72: =AE54 -> Jurgen Cachia | B72: 5 | C72: =IF(B72>B70,1,0) -> 0 | E72: 3 | F72: =IF(E72>E70,1,0) -> 0 | I72: =IF(H72>H70,1,0) -> 0 | J72: =IF(B72="",0,1) -> 1 | K72: =IF(C72+F72=2,3,IF(C72+F72=1,1,0)) -> 0 | L72: =IF(K72=3,3,IF(I72+K72=2,2,IF(K72=1,1,0))) -> 0 | M72: =B72+E72 -> 8 | N72: =C72+F72+I72 -> 0 | P72: =AE56 -> Redent Scicluna | Q72: 6 | R72: =IF(Q72>Q70,1,0) -> 0 | T72: 4 | U72: =IF(T72>T70,1,0) -> 0 | X72: =IF(W72>W70,1,0) -> 0 | Y72: =IF(Q72="",0,1) -> 1 | Z72: =IF(R72+U72=2,3,IF(R72+U72=1,1,0)) -> 0 | AA72: =IF(Z72=3,3,IF(X72+Z72=2,2,IF(Z72=1,1,0))) -> 0 | AB72: =Q72+T72 -> 10 | AC72: =R72+U72+X72 -> 0
A74: =AE52 -> Matthew Micallef | B74: 6 | C74: =IF(B74>B76,1,0) -> 0 | E74: 6 | F74: =IF(E74>E76,1,0) -> 1 | H74: 8 | I74: =IF(H74>H76,1,0) -> 0 | J74: =IF(B74="",0,1) -> 1 | K74: =IF(C74+F74=2,3,IF(C74+F74=1,1,0)) -> 1 | L74: =IF(K74=3,3,IF(I74+K74=2,2,IF(K74=1,1,0))) -> 1 | M74: =B74+E74 -> 12 | N74: =C74+F74+I74 -> 1
A75: vs.
A76: =AE54 -> Jurgen Cachia | B76: 7 | C76: =IF(B76>B74,1,0) -> 1 | E76: 2 | F76: =IF(E76>E74,1,0) -> 0 | H76: 10 | I76: =IF(H76>H74,1,0) -> 1 | J76: =IF(B76="",0,1) -> 1 | K76: =IF(C76+F76=2,3,IF(C76+F76=1,1,0)) -> 1 | L76: =IF(K76=3,3,IF(I76+K76=2,2,IF(K76=1,1,0))) -> 2 | M76: =B76+E76 -> 9 | N76: =C76+F76+I76 -> 2
P80: Final
P82: Players | Q82: Set Scores | W82: Tie
Q83: Score | R83: Set 1 Work | T83: Score | U83: Set 2 Work | W83: Score | X83: Tie Work | Y83: Game Played | Z83: Sets Points Work | AA83: Sets & Tie Points Work | AB83: Games Wins Work | AC83: Sets Wins Work
P84: =AE22 | R84: =IF(Q84>Q86,1,0) -> 0 | U84: =IF(T84>T86,1,0) -> 0 | X84: =IF(W84>W86,1,0) -> 0 | Y84: =IF(Q84="",0,1) -> 0 | Z84: =IF(R84+U84=2,3,IF(R84+U84=1,1,0)) -> 0 | AA84: =IF(Z84=3,3,IF(X84+Z84=2,2,IF(Z84=1,1,0))) -> 0 | AB84: =Q84+T84 -> 0 | AC84: =R84+U84+X84 -> 0
P85: vs.
P86: =AE59 | R86: =IF(Q86>Q84,1,0) -> 0 | U86: =IF(T86>T84,1,0) -> 0 | X86: =IF(W86>W84,1,0) -> 0 | Y86: =IF(Q86="",0,1) -> 0 | Z86: =IF(R86+U86=2,3,IF(R86+U86=1,1,0)) -> 0 | AA86: =IF(Z86=3,3,IF(X86+Z86=2,2,IF(Z86=1,1,0))) -> 0 | AB86: =Q86+T86 -> 0 | AC86: =R86+U86+X86 -> 0
P88: Divison Winner
P89: =IF(AA84>AA86,P84,P86)
P92: Divison Runner Up
P93: =IF(AA84<AA86,P84,P86)

Sheet Men Div 4
A1: H & S Singles Tournament 2026
A5: Men Division 4 - Group A
A7: Players | B7: Set Scores | H7: Tie | P7: Players | Q7: Set Scores | W7: Tie | AE7: Player | AF7: Matches Played | AG7: Points Overall | AH7: Games Won | AI7: Sets Won
B8: Score | C8: Set 1 Work | E8: Score | F8: Set 2 Work | H8: Score | I8: Tie Work | J8: Game Played | K8: Sets Points Work | L8: Sets & Tie Points Work | M8: Games Wins Work | N8: Sets Wins Work | Q8: Score | R8: Set 1 Work | T8: Score | U8: Set 2 Work | W8: Score | X8: Tie Work | Y8: Game Played | Z8: Sets Points Work | AA8: Sets & Tie Points Work | AB8: Games Wins Work | AC8: Sets Wins Work | AJ8: Winner Working | AK8: Runner Up Working | AL8: Total Games Work | AM8: Winner | AN8: Runner Up
A9: =AE9 -> Clive Silvio Borg | B9: 6 | C9: =IF(B9>B11,1,0) -> 1 | E9: 6 | F9: =IF(E9>E11,1,0) -> 1 | I9: =IF(H9>H11,1,0) -> 0 | J9: =IF(B9="",0,1) -> 1 | K9: =IF(C9+F9=2,3,IF(C9+F9=1,1,0)) -> 3 | L9: =IF(K9=3,3,IF(I9+K9=2,2,IF(K9=1,1,0))) -> 3 | M9: =B9+E9 -> 12 | N9: =C9+F9+I9 -> 2 | P9: =AE9 -> Clive Silvio Borg | Q9: 6 | R9: =IF(Q9>Q11,1,0) -> 1 | T9: 4 | U9: =IF(T9>T11,1,0) -> 0 | W9: 5 | X9: =IF(W9>W11,1,0) -> 0 | Y9: =IF(Q9="",0,1) -> 1 | Z9: =IF(R9+U9=2,3,IF(R9+U9=1,1,0)) -> 1 | AA9: =IF(Z9=3,3,IF(X9+Z9=2,2,IF(Z9=1,1,0))) -> 1 | AB9: =Q9+T9 -> 10 | AC9: =R9+U9+X9 -> 1 | AE9: ='Players - Men'!B33 -> Clive Silvio Borg | AF9: =J9+Y9+J13+Y13+J17 -> 2 | AG9: =L9+AA9+L13+AA13+L17 -> 4 | AH9: =M9+AB9+M13+AB13+M17 -> 22 | AI9: =N9+AC9+N13+AC13+N17 -> 3 | AJ9: =MAX(AG9:AG19) -> 12 | AK9: =LARGE(AG9:AG19, 2) -> 7 | AL9: =SUM(AF9:AF19) -> 20 | AM9: =IF(AG9=$AJ$9,AE9,IF(AG11=$AJ$9,AE11,IF(AG13=$AJ$9,AE13,IF(AG15=$AJ$9,AE15,IF(AG17=$AJ$9,AE17,""))))) -> Matthias Cremona | AN9: =IF(AG9=$AK$9,AE9,IF(AG11=$AK$9,AE11,IF(AG13=$AK$9,AE13,IF(AG15=$AK$9,AE15,IF(AG17=$AK$9,AE17,""))))) -> JP Sciberras
A10: vs. | P10: vs.
A11: =AE11 -> Julian Galea Naudi | B11: 0 | C11: =IF(B11>B9,1,0) -> 0 | E11: 2 | F11: =IF(E11>E9,1,0) -> 0 | I11: =IF(H11>H9,1,0) -> 0 | J11: =IF(B11="",0,1) -> 1 | K11: =IF(C11+F11=2,3,IF(C11+F11=1,1,0)) -> 0 | L11: =IF(K11=3,3,IF(I11+K11=2,2,IF(K11=1,1,0))) -> 0 | M11: =B11+E11 -> 2 | N11: =C11+F11+I11 -> 0 | P11: =AE13 -> JP Sciberras | Q11: 3 | R11: =IF(Q11>Q9,1,0) -> 0 | T11: 6 | U11: =IF(T11>T9,1,0) -> 1 | W11: 10 | X11: =IF(W11>W9,1,0) -> 1 | Y11: =IF(Q11="",0,1) -> 1 | Z11: =IF(R11+U11=2,3,IF(R11+U11=1,1,0)) -> 1 | AA11: =IF(Z11=3,3,IF(X11+Z11=2,2,IF(Z11=1,1,0))) -> 2 | AB11: =Q11+T11 -> 9 | AC11: =R11+U11+X11 -> 2 | AE11: ='Players - Men'!B34 -> Julian Galea Naudi | AF11: =J11+Y25+J25+Y21+J21 -> 3 | AG11: =L11+AA25+L25+AA21+L21 -> 0 | AH11: =M11+AB25+M25+AB21+M21 -> 7 | AI11: =N11+AC25+N25+AC21+N21 -> 0
A13: =AE9 -> Clive Silvio Borg | C13: =IF(B13>B15,1,0) -> 0 | F13: =IF(E13>E15,1,0) -> 0 | I13: =IF(H13>H15,1,0) -> 0 | J13: =IF(B13="",0,1) -> 0 | K13: =IF(C13+F13=2,3,IF(C13+F13=1,1,0)) -> 0 | L13: =IF(K13=3,3,IF(I13+K13=2,2,IF(K13=1,1,0))) -> 0 | M13: =B13+E13 -> 0 | N13: =C13+F13+I13 -> 0 | P13: =AE9 -> Clive Silvio Borg | R13: =IF(Q13>Q15,1,0) -> 0 | U13: =IF(T13>T15,1,0) -> 0 | X13: =IF(W13>W15,1,0) -> 0 | Y13: =IF(Q13="",0,1) -> 0 | Z13: =IF(R13+U13=2,3,IF(R13+U13=1,1,0)) -> 0 | AA13: =IF(Z13=3,3,IF(X13+Z13=2,2,IF(Z13=1,1,0))) -> 0 | AB13: =Q13+T13 -> 0 | AC13: =R13+U13+X13 -> 0 | AE13: ='Players - Men'!B35 -> JP Sciberras | AF13: =Y29+Y11+Y33+J33+J23 -> 5 | AG13: =AA29+AA11+AA33+L33+L23 -> 7 | AH13: =AB29+AB11+AB33+M33+M23 -> 48 | AI13: =AC29+AC11+AC33+N33+N23 -> 6
A14: vs. | P14: vs.
A15: =AE15 -> Matthias Cremona | C15: =IF(B15>B13,1,0) -> 0 | F15: =IF(E15>E13,1,0) -> 0 | I15: =IF(H15>H13,1,0) -> 0 | J15: =IF(B15="",0,1) -> 0 | K15: =IF(C15+F15=2,3,IF(C15+F15=1,1,0)) -> 0 | L15: =IF(K15=3,3,IF(I15+K15=2,2,IF(K15=1,1,0))) -> 0 | M15: =B15+E15 -> 0 | N15: =C15+F15+I15 -> 0 | P15: =AE17 -> Mickey Mitic | R15: =IF(Q15>Q13,1,0) -> 0 | U15: =IF(T15>T13,1,0) -> 0 | X15: =IF(W15>W13,1,0) -> 0 | Y15: =IF(Q15="",0,1) -> 0 | Z15: =IF(R15+U15=2,3,IF(R15+U15=1,1,0)) -> 0 | AA15: =IF(Z15=3,3,IF(X15+Z15=2,2,IF(Z15=1,1,0))) -> 0 | AB15: =Q15+T15 -> 0 | AC15: =R15+U15+X15 -> 0 | AE15: ='Players - Men'!B36 -> Matthias Cremona | AF15: =Y31+J37+J15+Y23+J29 -> 4 | AG15: =AA31+L37+L15+AA23+L29 -> 12 | AH15: =AB31+M37+M15+AB23+M29 -> 49 | AI15: =AC31+N37+N15+AC23+N29 -> 8
A17: =AE9 -> Clive Silvio Borg | C17: =IF(B17>B19,1,0) -> 0 | F17: =IF(E17>E19,1,0) -> 0 | I17: =IF(H17>H19,1,0) -> 0 | J17: =IF(B17="",0,1) -> 0 | K17: =IF(C17+F17=2,3,IF(C17+F17=1,1,0)) -> 0 | L17: =IF(K17=3,3,IF(I17+K17=2,2,IF(K17=1,1,0))) -> 0 | M17: =B17+E17 -> 0 | N17: =C17+F17+I17 -> 0 | P17: =AE17 -> Mickey Mitic | Q17: 3 | R17: =IF(Q17>Q19,1,0) -> 0 | T17: 1 | U17: =IF(T17>T19,1,0) -> 0 | X17: =IF(W17>W19,1,0) -> 0 | Y17: =IF(Q17="",0,1) -> 1 | Z17: =IF(R17+U17=2,3,IF(R17+U17=1,1,0)) -> 0 | AA17: =IF(Z17=3,3,IF(X17+Z17=2,2,IF(Z17=1,1,0))) -> 0 | AB17: =Q17+T17 -> 4 | AC17: =R17+U17+X17 -> 0 | AE17: ='Players - Men'!B37 -> Mickey Mitic | AF17: =Y17+J39+J27+Y15+J35 -> 3 | AG17: =AA17+L39+L27+AA15+L35 -> 1 | AH17: =AB17+M39+M27+AB15+M35 -> 21 | AI17: =AC17+N39+N27+AC15+N35 -> 1
A18: vs. | P18: vs.
A19: =AE19 -> Sean Cachia | C19: =IF(B19>B17,1,0) -> 0 | F19: =IF(E19>E17,1,0) -> 0 | I19: =IF(H19>H17,1,0) -> 0 | J19: =IF(B19="",0,1) -> 0 | K19: =IF(C19+F19=2,3,IF(C19+F19=1,1,0)) -> 0 | L19: =IF(K19=3,3,IF(I19+K19=2,2,IF(K19=1,1,0))) -> 0 | M19: =B19+E19 -> 0 | N19: =C19+F19+I19 -> 0 | P19: =AE19 -> Sean Cachia | Q19: 6 | R19: =IF(Q19>Q17,1,0) -> 1 | T19: 6 | U19: =IF(T19>T17,1,0) -> 1 | X19: =IF(W19>W17,1,0) -> 0 | Y19: =IF(Q19="",0,1) -> 1 | Z19: =IF(R19+U19=2,3,IF(R19+U19=1,1,0)) -> 3 | AA19: =IF(Z19=3,3,IF(X19+Z19=2,2,IF(Z19=1,1,0))) -> 3 | AB19: =Q19+T19 -> 12 | AC19: =R19+U19+X19 -> 2 | AE19: ='Players - Men'!B38 -> Sean Cachia | AF19: =Y19+Y27+Y35+J19+J31 -> 3 | AG19: =AA19+AA27+AA35+L19+L31 -> 6 | AH19: =AB19+AB27+AB35+M19+M31 -> 28 | AI19: =AC19+AC27+AC35+N19+N31 -> 4
A21: =AE11 -> Julian Galea Naudi | B21: 0 | C21: =IF(B21>B23,1,0) -> 0 | E21: 2 | F21: =IF(E21>E23,1,0) -> 0 | I21: =IF(H21>H23,1,0) -> 0 | J21: =IF(B21="",0,1) -> 1 | K21: =IF(C21+F21=2,3,IF(C21+F21=1,1,0)) -> 0 | L21: =IF(K21=3,3,IF(I21+K21=2,2,IF(K21=1,1,0))) -> 0 | M21: =B21+E21 -> 2 | N21: =C21+F21+I21 -> 0 | P21: =AE11 -> Julian Galea Naudi | Q21: 2 | R21: =IF(Q21>Q23,1,0) -> 0 | T21: 1 | U21: =IF(T21>T23,1,0) -> 0 | X21: =IF(W21>W23,1,0) -> 0 | Y21: =IF(Q21="",0,1) -> 1 | Z21: =IF(R21+U21=2,3,IF(R21+U21=1,1,0)) -> 0 | AA21: =IF(Z21=3,3,IF(X21+Z21=2,2,IF(Z21=1,1,0))) -> 0 | AB21: =Q21+T21 -> 3 | AC21: =R21+U21+X21 -> 0 | AE21: Division Winner
A22: vs. | P22: vs.
A23: =AE13 -> JP Sciberras | B23: 6 | C23: =IF(B23>B21,1,0) -> 1 | E23: 6 | F23: =IF(E23>E21,1,0) -> 1 | I23: =IF(H23>H21,1,0) -> 0 | J23: =IF(B23="",0,1) -> 1 | K23: =IF(C23+F23=2,3,IF(C23+F23=1,1,0)) -> 3 | L23: =IF(K23=3,3,IF(I23+K23=2,2,IF(K23=1,1,0))) -> 3 | M23: =B23+E23 -> 12 | N23: =C23+F23+I23 -> 2 | P23: =AE15 -> Matthias Cremona | Q23: 6 | R23: =IF(Q23>Q21,1,0) -> 1 | T23: 6 | U23: =IF(T23>T21,1,0) -> 1 | X23: =IF(W23>W21,1,0) -> 0 | Y23: =IF(Q23="",0,1) -> 1 | Z23: =IF(R23+U23=2,3,IF(R23+U23=1,1,0)) -> 3 | AA23: =IF(Z23=3,3,IF(X23+Z23=2,2,IF(Z23=1,1,0))) -> 3 | AB23: =Q23+T23 -> 12 | AC23: =R23+U23+X23 -> 2
A25: =AE11 -> Julian Galea Naudi | C25: =IF(B25>B27,1,0) -> 0 | F25: =IF(E25>E27,1,0) -> 0 | I25: =IF(H25>H27,1,0) -> 0 | J25: =IF(B25="",0,1) -> 0 | K25: =IF(C25+F25=2,3,IF(C25+F25=1,1,0)) -> 0 | L25: =IF(K25=3,3,IF(I25+K25=2,2,IF(K25=1,1,0))) -> 0 | M25: =B25+E25 -> 0 | N25: =C25+F25+I25 -> 0 | P25: =AE11 -> Julian Galea Naudi | R25: =IF(Q25>Q27,1,0) -> 0 | U25: =IF(T25>T27,1,0) -> 0 | X25: =IF(W25>W27,1,0) -> 0 | Y25: =IF(Q25="",0,1) -> 0 | Z25: =IF(R25+U25=2,3,IF(R25+U25=1,1,0)) -> 0 | AA25: =IF(Z25=3,3,IF(X25+Z25=2,2,IF(Z25=1,1,0))) -> 0 | AB25: =Q25+T25 -> 0 | AC25: =R25+U25+X25 -> 0
A26: vs. | P26: vs.
A27: =AE17 -> Mickey Mitic | C27: =IF(B27>B25,1,0) -> 0 | F27: =IF(E27>E25,1,0) -> 0 | I27: =IF(H27>H25,1,0) -> 0 | J27: =IF(B27="",0,1) -> 0 | K27: =IF(C27+F27=2,3,IF(C27+F27=1,1,0)) -> 0 | L27: =IF(K27=3,3,IF(I27+K27=2,2,IF(K27=1,1,0))) -> 0 | M27: =B27+E27 -> 0 | N27: =C27+F27+I27 -> 0 | P27: =AE19 -> Sean Cachia | R27: =IF(Q27>Q25,1,0) -> 0 | U27: =IF(T27>T25,1,0) -> 0 | X27: =IF(W27>W25,1,0) -> 0 | Y27: =IF(Q27="",0,1) -> 0 | Z27: =IF(R27+U27=2,3,IF(R27+U27=1,1,0)) -> 0 | AA27: =IF(Z27=3,3,IF(X27+Z27=2,2,IF(Z27=1,1,0))) -> 0 | AB27: =Q27+T27 -> 0 | AC27: =R27+U27+X27 -> 0
A29: =AE15 -> Matthias Cremona | B29: 6 | C29: =IF(B29>B31,1,0) -> 1 | E29: 6 | F29: =IF(E29>E31,1,0) -> 1 | I29: =IF(H29>H31,1,0) -> 0 | J29: =IF(B29="",0,1) -> 1 | K29: =IF(C29+F29=2,3,IF(C29+F29=1,1,0)) -> 3 | L29: =IF(K29=3,3,IF(I29+K29=2,2,IF(K29=1,1,0))) -> 3 | M29: =B29+E29 -> 12 | N29: =C29+F29+I29 -> 2 | P29: =AE13 -> JP Sciberras | Q29: 2 | R29: =IF(Q29>Q31,1,0) -> 0 | T29: 5 | U29: =IF(T29>T31,1,0) -> 0 | X29: =IF(W29>W31,1,0) -> 0 | Y29: =IF(Q29="",0,1) -> 1 | Z29: =IF(R29+U29=2,3,IF(R29+U29=1,1,0)) -> 0 | AA29: =IF(Z29=3,3,IF(X29+Z29=2,2,IF(Z29=1,1,0))) -> 0 | AB29: =Q29+T29 -> 7 | AC29: =R29+U29+X29 -> 0
A30: vs. | P30: vs.
A31: =AE19 -> Sean Cachia | B31: 2 | C31: =IF(B31>B29,1,0) -> 0 | E31: 1 | F31: =IF(E31>E29,1,0) -> 0 | I31: =IF(H31>H29,1,0) -> 0 | J31: =IF(B31="",0,1) -> 1 | K31: =IF(C31+F31=2,3,IF(C31+F31=1,1,0)) -> 0 | L31: =IF(K31=3,3,IF(I31+K31=2,2,IF(K31=1,1,0))) -> 0 | M31: =B31+E31 -> 3 | N31: =C31+F31+I31 -> 0 | P31: =AE15 -> Matthias Cremona | Q31: 6 | R31: =IF(Q31>Q29,1,0) -> 1 | T31: 7 | U31: =IF(T31>T29,1,0) -> 1 | X31: =IF(W31>W29,1,0) -> 0 | Y31: =IF(Q31="",0,1) -> 1 | Z31: =IF(R31+U31=2,3,IF(R31+U31=1,1,0)) -> 3 | AA31: =IF(Z31=3,3,IF(X31+Z31=2,2,IF(Z31=1,1,0))) -> 3 | AB31: =Q31+T31 -> 13 | AC31: =R31+U31+X31 -> 2
A33: =AE13 -> JP Sciberras | B33: 5 | C33: =IF(B33>B35,1,0) -> 0 | E33: 7 | F33: =IF(E33>E35,1,0) -> 1 | H33: 11 | I33: =IF(H33>H35,1,0) -> 1 | J33: =IF(B33="",0,1) -> 1 | K33: =IF(C33+F33=2,3,IF(C33+F33=1,1,0)) -> 1 | L33: =IF(K33=3,3,IF(I33+K33=2,2,IF(K33=1,1,0))) -> 2 | M33: =B33+E33 -> 12 | N33: =C33+F33+I33 -> 2 | P33: =AE13 -> JP Sciberras | Q33: 2 | R33: =IF(Q33>Q35,1,0) -> 0 | T33: 6 | U33: =IF(T33>T35,1,0) -> 0 | X33: =IF(W33>W35,1,0) -> 0 | Y33: =IF(Q33="",0,1) -> 1 | Z33: =IF(R33+U33=2,3,IF(R33+U33=1,1,0)) -> 0 | AA33: =IF(Z33=3,3,IF(X33+Z33=2,2,IF(Z33=1,1,0))) -> 0 | AB33: =Q33+T33 -> 8 | AC33: =R33+U33+X33 -> 0
A34: vs. | P34: vs.
A35: =AE17 -> Mickey Mitic | B35: 7 | C35: =IF(B35>B33,1,0) -> 1 | E35: 6 | F35: =IF(E35>E33,1,0) -> 0 | H35: 9 | I35: =IF(H35>H33,1,0) -> 0 | J35: =IF(B35="",0,1) -> 1 | K35: =IF(C35+F35=2,3,IF(C35+F35=1,1,0)) -> 1 | L35: =IF(K35=3,3,IF(I35+K35=2,2,IF(K35=1,1,0))) -> 1 | M35: =B35+E35 -> 13 | N35: =C35+F35+I35 -> 1 | P35: =AE19 -> Sean Cachia | Q35: 6 | R35: =IF(Q35>Q33,1,0) -> 1 | T35: 7 | U35: =IF(T35>T33,1,0) -> 1 | X35: =IF(W35>W33,1,0) -> 0 | Y35: =IF(Q35="",0,1) -> 1 | Z35: =IF(R35+U35=2,3,IF(R35+U35=1,1,0)) -> 3 | AA35: =IF(Z35=3,3,IF(X35+Z35=2,2,IF(Z35=1,1,0))) -> 3 | AB35: =Q35+T35 -> 13 | AC35: =R35+U35+X35 -> 2
A37: =AE15 -> Matthias Cremona | B37: 6 | C37: =IF(B37>B39,1,0) -> 1 | E37: 6 | F37: =IF(E37>E39,1,0) -> 1 | I37: =IF(H37>H39,1,0) -> 0 | J37: =IF(B37="",0,1) -> 1 | K37: =IF(C37+F37=2,3,IF(C37+F37=1,1,0)) -> 3 | L37: =IF(K37=3,3,IF(I37+K37=2,2,IF(K37=1,1,0))) -> 3 | M37: =B37+E37 -> 12 | N37: =C37+F37+I37 -> 2
A38: vs.
A39: =AE17 -> Mickey Mitic | B39: 3 | C39: =IF(B39>B37,1,0) -> 0 | E39: 1 | F39: =IF(E39>E37,1,0) -> 0 | I39: =IF(H39>H37,1,0) -> 0 | J39: =IF(B39="",0,1) -> 1 | K39: =IF(C39+F39=2,3,IF(C39+F39=1,1,0)) -> 0 | L39: =IF(K39=3,3,IF(I39+K39=2,2,IF(K39=1,1,0))) -> 0 | M39: =B39+E39 -> 4 | N39: =C39+F39+I39 -> 0
A42: Men Division 4 - Group B
A44: Players | B44: Set Scores | H44: Tie | P44: Players | Q44: Set Scores | W44: Tie | AE44: Player | AF44: Matches Played | AG44: Points Overall | AH44: Games Won | AI44: Sets Won
B45: Score | C45: Set 1 Work | E45: Score | F45: Set 2 Work | H45: Score | I45: Tie Work | J45: Game Played | K45: Sets Points Work | L45: Sets & Tie Points Work | M45: Games Wins Work | N45: Sets Wins Work | Q45: Score | R45: Set 1 Work | T45: Score | U45: Set 2 Work | W45: Score | X45: Tie Work | Y45: Game Played | Z45: Sets Points Work | AA45: Sets & Tie Points Work | AB45: Games Wins Work | AC45: Sets Wins Work
A46: =AE46 -> David Camilleri | B46: 6 | C46: =IF(B46>B48,1,0) -> 1 | E46: 5 | F46: =IF(E46>E48,1,0) -> 0 | H46: 8 | I46: =IF(H46>H48,1,0) -> 0 | J46: =IF(B46="",0,1) -> 1 | K46: =IF(C46+F46=2,3,IF(C46+F46=1,1,0)) -> 1 | L46: =IF(K46=3,3,IF(I46+K46=2,2,IF(K46=1,1,0))) -> 1 | M46: =B46+E46 -> 11 | N46: =C46+F46+I46 -> 1 | P46: =AE46 -> David Camilleri | Q46: 7 | R46: =IF(Q46>Q48,1,0) -> 1 | T46: 6 | U46: =IF(T46>T48,1,0) -> 1 | X46: =IF(W46>W48,1,0) -> 0 | Y46: =IF(Q46="",0,1) -> 1 | Z46: =IF(R46+U46=2,3,IF(R46+U46=1,1,0)) -> 3 | AA46: =IF(Z46=3,3,IF(X46+Z46=2,2,IF(Z46=1,1,0))) -> 3 | AB46: =Q46+T46 -> 13 | AC46: =R46+U46+X46 -> 2 | AE46: ='Players - Men'!E33 -> David Camilleri | AF46: =J46+Y46+J50+Y50+J54 -> 4 | AG46: =L46+AA46+L50+AA50+L54 -> 7 | AH46: =M46+AB46+M50+AB50+M54 -> 45 | AI46: =N46+AC46+N50+AC50+N54 -> 5
A47: vs. | P47: vs.
A48: =AE48 -> Braydon Galea | B48: 4 | C48: =IF(B48>B46,1,0) -> 0 | E48: 7 | F48: =IF(E48>E46,1,0) -> 1 | H48: 10 | I48: =IF(H48>H46,1,0) -> 1 | J48: =IF(B48="",0,1) -> 1 | K48: =IF(C48+F48=2,3,IF(C48+F48=1,1,0)) -> 1 | L48: =IF(K48=3,3,IF(I48+K48=2,2,IF(K48=1,1,0))) -> 2 | M48: =B48+E48 -> 11 | N48: =C48+F48+I48 -> 2 | P48: =AE50 -> Isaac Joseph Zammit | Q48: 6 | R48: =IF(Q48>Q46,1,0) -> 0 | T48: 3 | U48: =IF(T48>T46,1,0) -> 0 | X48: =IF(W48>W46,1,0) -> 0 | Y48: =IF(Q48="",0,1) -> 1 | Z48: =IF(R48+U48=2,3,IF(R48+U48=1,1,0)) -> 0 | AA48: =IF(Z48=3,3,IF(X48+Z48=2,2,IF(Z48=1,1,0))) -> 0 | AB48: =Q48+T48 -> 9 | AC48: =R48+U48+X48 -> 0 | AE48: ='Players - Men'!E34 -> Braydon Galea | AF48: =J48+Y62+J62+Y58+J58 -> 5 | AG48: =L48+AA62+L62+AA58+L58 -> 11 | AH48: =M48+AB62+M62+AB58+M58 -> 53 | AI48: =N48+AC62+N62+AC58+N58 -> 10
A50: =AE46 -> David Camilleri | B50: 6 | C50: =IF(B50>B52,1,0) -> 1 | E50: 6 | F50: =IF(E50>E52,1,0) -> 1 | I50: =IF(H50>H52,1,0) -> 0 | J50: =IF(B50="",0,1) -> 1 | K50: =IF(C50+F50=2,3,IF(C50+F50=1,1,0)) -> 3 | L50: =IF(K50=3,3,IF(I50+K50=2,2,IF(K50=1,1,0))) -> 3 | M50: =B50+E50 -> 12 | N50: =C50+F50+I50 -> 2 | P50: =AE46 -> David Camilleri | R50: =IF(Q50>Q52,1,0) -> 0 | U50: =IF(T50>T52,1,0) -> 0 | X50: =IF(W50>W52,1,0) -> 0 | Y50: =IF(Q50="",0,1) -> 0 | Z50: =IF(R50+U50=2,3,IF(R50+U50=1,1,0)) -> 0 | AA50: =IF(Z50=3,3,IF(X50+Z50=2,2,IF(Z50=1,1,0))) -> 0 | AB50: =Q50+T50 -> 0 | AC50: =R50+U50+X50 -> 0 | AE50: ='Players - Men'!E35 -> Isaac Joseph Zammit | AF50: =Y66+Y48+Y70+J70+J60 -> 5 | AG50: =AA66+AA48+AA70+L70+L60 -> 1 | AH50: =AB66+AB48+AB70+M70+M60 -> 32 | AI50: =AC66+AC48+AC70+N70+N60 -> 1
A51: vs. | P51: vs.
A52: =AE52 -> Daniele Privitera | B52: 1 | C52: =IF(B52>B50,1,0) -> 0 | E52: 3 | F52: =IF(E52>E50,1,0) -> 0 | I52: =IF(H52>H50,1,0) -> 0 | J52: =IF(B52="",0,1) -> 1 | K52: =IF(C52+F52=2,3,IF(C52+F52=1,1,0)) -> 0 | L52: =IF(K52=3,3,IF(I52+K52=2,2,IF(K52=1,1,0))) -> 0 | M52: =B52+E52 -> 4 | N52: =C52+F52+I52 -> 0 | P52: =AE54 -> Kevin Sciberras | R52: =IF(Q52>Q50,1,0) -> 0 | U52: =IF(T52>T50,1,0) -> 0 | X52: =IF(W52>W50,1,0) -> 0 | Y52: =IF(Q52="",0,1) -> 0 | Z52: =IF(R52+U52=2,3,IF(R52+U52=1,1,0)) -> 0 | AA52: =IF(Z52=3,3,IF(X52+Z52=2,2,IF(Z52=1,1,0))) -> 0 | AB52: =Q52+T52 -> 0 | AC52: =R52+U52+X52 -> 0 | AE52: ='Players - Men'!E36 -> Daniele Privitera | AF52: =Y68+J74+J52+Y60+J66 -> 5 | AG52: =AA68+L74+L52+AA60+L66 -> 10 | AH52: =AB68+M74+M52+AB60+M66 -> 49 | AI52: =AC68+N74+N52+AC60+N66 -> 7
A54: =AE46 -> David Camilleri | B54: 6 | C54: =IF(B54>B56,1,0) -> 0 | E54: 3 | F54: =IF(E54>E56,1,0) -> 0 | I54: =IF(H54>H56,1,0) -> 0 | J54: =IF(B54="",0,1) -> 1 | K54: =IF(C54+F54=2,3,IF(C54+F54=1,1,0)) -> 0 | L54: =IF(K54=3,3,IF(I54+K54=2,2,IF(K54=1,1,0))) -> 0 | M54: =B54+E54 -> 9 | N54: =C54+F54+I54 -> 0 | P54: =AE54 -> Kevin Sciberras | Q54: 2 | R54: =IF(Q54>Q56,1,0) -> 0 | T54: 2 | U54: =IF(T54>T56,1,0) -> 0 | X54: =IF(W54>W56,1,0) -> 0 | Y54: =IF(Q54="",0,1) -> 1 | Z54: =IF(R54+U54=2,3,IF(R54+U54=1,1,0)) -> 0 | AA54: =IF(Z54=3,3,IF(X54+Z54=2,2,IF(Z54=1,1,0))) -> 0 | AB54: =Q54+T54 -> 4 | AC54: =R54+U54+X54 -> 0 | AE54: ='Players - Men'!E37 -> Kevin Sciberras | AF54: =Y54+J76+J64+Y52+J72 -> 4 | AG54: =AA54+L76+L64+AA52+L72 -> 3 | AH54: =AB54+M76+M64+AB52+M72 -> 25 | AI54: =AC54+N76+N64+AC52+N72 -> 3
A55: vs. | P55: vs.
A56: =AE56 -> Glenn Micallef | B56: 7 | C56: =IF(B56>B54,1,0) -> 1 | E56: 6 | F56: =IF(E56>E54,1,0) -> 1 | I56: =IF(H56>H54,1,0) -> 0 | J56: =IF(B56="",0,1) -> 1 | K56: =IF(C56+F56=2,3,IF(C56+F56=1,1,0)) -> 3 | L56: =IF(K56=3,3,IF(I56+K56=2,2,IF(K56=1,1,0))) -> 3 | M56: =B56+E56 -> 13 | N56: =C56+F56+I56 -> 2 | P56: =AE56 -> Glenn Micallef | Q56: 6 | R56: =IF(Q56>Q54,1,0) -> 1 | T56: 6 | U56: =IF(T56>T54,1,0) -> 1 | X56: =IF(W56>W54,1,0) -> 0 | Y56: =IF(Q56="",0,1) -> 1 | Z56: =IF(R56+U56=2,3,IF(R56+U56=1,1,0)) -> 3 | AA56: =IF(Z56=3,3,IF(X56+Z56=2,2,IF(Z56=1,1,0))) -> 3 | AB56: =Q56+T56 -> 12 | AC56: =R56+U56+X56 -> 2 | AE56: ='Players - Men'!E38 -> Glenn Micallef | AF56: =Y56+Y64+Y72+J56+J68 -> 5 | AG56: =AA56+AA64+AA72+L56+L68 -> 10 | AH56: =AB56+AB64+AB72+M56+M68 -> 49 | AI56: =AC56+AC64+AC72+N56+N68 -> 7
A58: =AE48 -> Braydon Galea | B58: 6 | C58: =IF(B58>B60,1,0) -> 1 | E58: 6 | F58: =IF(E58>E60,1,0) -> 1 | I58: =IF(H58>H60,1,0) -> 0 | J58: =IF(B58="",0,1) -> 1 | K58: =IF(C58+F58=2,3,IF(C58+F58=1,1,0)) -> 3 | L58: =IF(K58=3,3,IF(I58+K58=2,2,IF(K58=1,1,0))) -> 3 | M58: =B58+E58 -> 12 | N58: =C58+F58+I58 -> 2 | P58: =AE48 -> Braydon Galea | Q58: 6 | R58: =IF(Q58>Q60,1,0) -> 1 | T58: 2 | U58: =IF(T58>T60,1,0) -> 0 | W58: 10 | X58: =IF(W58>W60,1,0) -> 1 | Y58: =IF(Q58="",0,1) -> 1 | Z58: =IF(R58+U58=2,3,IF(R58+U58=1,1,0)) -> 1 | AA58: =IF(Z58=3,3,IF(X58+Z58=2,2,IF(Z58=1,1,0))) -> 2 | AB58: =Q58+T58 -> 8 | AC58: =R58+U58+X58 -> 2 | AE58: Divison Winner
A59: vs. | P59: vs.
A60: =AE50 -> Isaac Joseph Zammit | B60: 3 | C60: =IF(B60>B58,1,0) -> 0 | E60: 3 | F60: =IF(E60>E58,1,0) -> 0 | I60: =IF(H60>H58,1,0) -> 0 | J60: =IF(B60="",0,1) -> 1 | K60: =IF(C60+F60=2,3,IF(C60+F60=1,1,0)) -> 0 | L60: =IF(K60=3,3,IF(I60+K60=2,2,IF(K60=1,1,0))) -> 0 | M60: =B60+E60 -> 6 | N60: =C60+F60+I60 -> 0 | P60: =AE52 -> Daniele Privitera | Q60: 3 | R60: =IF(Q60>Q58,1,0) -> 0 | T60: 6 | U60: =IF(T60>T58,1,0) -> 1 | W60: 8 | X60: =IF(W60>W58,1,0) -> 0 | Y60: =IF(Q60="",0,1) -> 1 | Z60: =IF(R60+U60=2,3,IF(R60+U60=1,1,0)) -> 1 | AA60: =IF(Z60=3,3,IF(X60+Z60=2,2,IF(Z60=1,1,0))) -> 1 | AB60: =Q60+T60 -> 9 | AC60: =R60+U60+X60 -> 1
A62: =AE48 -> Braydon Galea | B62: 6 | C62: =IF(B62>B64,1,0) -> 1 | E62: 6 | F62: =IF(E62>E64,1,0) -> 0 | H62: 10 | I62: =IF(H62>H64,1,0) -> 1 | J62: =IF(B62="",0,1) -> 1 | K62: =IF(C62+F62=2,3,IF(C62+F62=1,1,0)) -> 1 | L62: =IF(K62=3,3,IF(I62+K62=2,2,IF(K62=1,1,0))) -> 2 | M62: =B62+E62 -> 12 | N62: =C62+F62+I62 -> 2 | P62: =AE48 -> Braydon Galea | Q62: 6 | R62: =IF(Q62>Q64,1,0) -> 1 | T62: 4 | U62: =IF(T62>T64,1,0) -> 0 | W62: 11 | X62: =IF(W62>W64,1,0) -> 1 | Y62: =IF(Q62="",0,1) -> 1 | Z62: =IF(R62+U62=2,3,IF(R62+U62=1,1,0)) -> 1 | AA62: =IF(Z62=3,3,IF(X62+Z62=2,2,IF(Z62=1,1,0))) -> 2 | AB62: =Q62+T62 -> 10 | AC62: =R62+U62+X62 -> 2
A63: vs. | P63: vs.
A64: =AE54 -> Kevin Sciberras | B64: 1 | C64: =IF(B64>B62,1,0) -> 0 | E64: 7 | F64: =IF(E64>E62,1,0) -> 1 | H64: 7 | I64: =IF(H64>H62,1,0) -> 0 | J64: =IF(B64="",0,1) -> 1 | K64: =IF(C64+F64=2,3,IF(C64+F64=1,1,0)) -> 1 | L64: =IF(K64=3,3,IF(I64+K64=2,2,IF(K64=1,1,0))) -> 1 | M64: =B64+E64 -> 8 | N64: =C64+F64+I64 -> 1 | P64: =AE56 -> Glenn Micallef | Q64: 3 | R64: =IF(Q64>Q62,1,0) -> 0 | T64: 6 | U64: =IF(T64>T62,1,0) -> 1 | W64: 9 | X64: =IF(W64>W62,1,0) -> 0 | Y64: =IF(Q64="",0,1) -> 1 | Z64: =IF(R64+U64=2,3,IF(R64+U64=1,1,0)) -> 1 | AA64: =IF(Z64=3,3,IF(X64+Z64=2,2,IF(Z64=1,1,0))) -> 1 | AB64: =Q64+T64 -> 9 | AC64: =R64+U64+X64 -> 1
A66: =AE52 -> Daniele Privitera | B66: 6 | C66: =IF(B66>B68,1,0) -> 1 | E66: 6 | F66: =IF(E66>E68,1,0) -> 1 | I66: =IF(H66>H68,1,0) -> 0 | J66: =IF(B66="",0,1) -> 1 | K66: =IF(C66+F66=2,3,IF(C66+F66=1,1,0)) -> 3 | L66: =IF(K66=3,3,IF(I66+K66=2,2,IF(K66=1,1,0))) -> 3 | M66: =B66+E66 -> 12 | N66: =C66+F66+I66 -> 2 | P66: =AE50 -> Isaac Joseph Zammit | Q66: 0 | R66: =IF(Q66>Q68,1,0) -> 0 | T66: 3 | U66: =IF(T66>T68,1,0) -> 0 | X66: =IF(W66>W68,1,0) -> 0 | Y66: =IF(Q66="",0,1) -> 1 | Z66: =IF(R66+U66=2,3,IF(R66+U66=1,1,0)) -> 0 | AA66: =IF(Z66=3,3,IF(X66+Z66=2,2,IF(Z66=1,1,0))) -> 0 | AB66: =Q66+T66 -> 3 | AC66: =R66+U66+X66 -> 0
A67: vs. | P67: vs.
A68: =AE56 -> Glenn Micallef | B68: 0 | C68: =IF(B68>B66,1,0) -> 0 | E68: 3 | F68: =IF(E68>E66,1,0) -> 0 | I68: =IF(H68>H66,1,0) -> 0 | J68: =IF(B68="",0,1) -> 1 | K68: =IF(C68+F68=2,3,IF(C68+F68=1,1,0)) -> 0 | L68: =IF(K68=3,3,IF(I68+K68=2,2,IF(K68=1,1,0))) -> 0 | M68: =B68+E68 -> 3 | N68: =C68+F68+I68 -> 0 | P68: =AE52 -> Daniele Privitera | Q68: 6 | R68: =IF(Q68>Q66,1,0) -> 1 | T68: 6 | U68: =IF(T68>T66,1,0) -> 1 | X68: =IF(W68>W66,1,0) -> 0 | Y68: =IF(Q68="",0,1) -> 1 | Z68: =IF(R68+U68=2,3,IF(R68+U68=1,1,0)) -> 3 | AA68: =IF(Z68=3,3,IF(X68+Z68=2,2,IF(Z68=1,1,0))) -> 3 | AB68: =Q68+T68 -> 12 | AC68: =R68+U68+X68 -> 2
A70: =AE50 -> Isaac Joseph Zammit | B70: 6 | C70: =IF(B70>B72,1,0) -> 1 | E70: 6 | F70: =IF(E70>E72,1,0) -> 0 | H70: 9 | I70: =IF(H70>H72,1,0) -> 0 | J70: =IF(B70="",0,1) -> 1 | K70: =IF(C70+F70=2,3,IF(C70+F70=1,1,0)) -> 1 | L70: =IF(K70=3,3,IF(I70+K70=2,2,IF(K70=1,1,0))) -> 1 | M70: =B70+E70 -> 12 | N70: =C70+F70+I70 -> 1 | P70: =AE50 -> Isaac Joseph Zammit | Q70: 0 | R70: =IF(Q70>Q72,1,0) -> 0 | T70: 2 | U70: =IF(T70>T72,1,0) -> 0 | X70: =IF(W70>W72,1,0) -> 0 | Y70: =IF(Q70="",0,1) -> 1 | Z70: =IF(R70+U70=2,3,IF(R70+U70=1,1,0)) -> 0 | AA70: =IF(Z70=3,3,IF(X70+Z70=2,2,IF(Z70=1,1,0))) -> 0 | AB70: =Q70+T70 -> 2 | AC70: =R70+U70+X70 -> 0
A71: vs. | P71: vs.
A72: =AE54 -> Kevin Sciberras | B72: 4 | C72: =IF(B72>B70,1,0) -> 0 | E72: 7 | F72: =IF(E72>E70,1,0) -> 1 | H72: 11 | I72: =IF(H72>H70,1,0) -> 1 | J72: =IF(B72="",0,1) -> 1 | K72: =IF(C72+F72=2,3,IF(C72+F72=1,1,0)) -> 1 | L72: =IF(K72=3,3,IF(I72+K72=2,2,IF(K72=1,1,0))) -> 2 | M72: =B72+E72 -> 11 | N72: =C72+F72+I72 -> 2 | P72: =AE56 -> Glenn Micallef | Q72: 6 | R72: =IF(Q72>Q70,1,0) -> 1 | T72: 6 | U72: =IF(T72>T70,1,0) -> 1 | X72: =IF(W72>W70,1,0) -> 0 | Y72: =IF(Q72="",0,1) -> 1 | Z72: =IF(R72+U72=2,3,IF(R72+U72=1,1,0)) -> 3 | AA72: =IF(Z72=3,3,IF(X72+Z72=2,2,IF(Z72=1,1,0))) -> 3 | AB72: =Q72+T72 -> 12 | AC72: =R72+U72+X72 -> 2
A74: =AE52 -> Daniele Privitera | B74: 6 | C74: =IF(B74>B76,1,0) -> 1 | E74: 6 | F74: =IF(E74>E76,1,0) -> 1 | I74: =IF(H74>H76,1,0) -> 0 | J74: =IF(B74="",0,1) -> 1 | K74: =IF(C74+F74=2,3,IF(C74+F74=1,1,0)) -> 3 | L74: =IF(K74=3,3,IF(I74+K74=2,2,IF(K74=1,1,0))) -> 3 | M74: =B74+E74 -> 12 | N74: =C74+F74+I74 -> 2
A75: vs.
A76: =AE54 -> Kevin Sciberras | B76: 0 | C76: =IF(B76>B74,1,0) -> 0 | E76: 2 | F76: =IF(E76>E74,1,0) -> 0 | I76: =IF(H76>H74,1,0) -> 0 | J76: =IF(B76="",0,1) -> 1 | K76: =IF(C76+F76=2,3,IF(C76+F76=1,1,0)) -> 0 | L76: =IF(K76=3,3,IF(I76+K76=2,2,IF(K76=1,1,0))) -> 0 | M76: =B76+E76 -> 2 | N76: =C76+F76+I76 -> 0
P80: Final
P82: Players | Q82: Set Scores | W82: Tie
Q83: Score | R83: Set 1 Work | T83: Score | U83: Set 2 Work | W83: Score | X83: Tie Work | Y83: Game Played | Z83: Sets Points Work | AA83: Sets & Tie Points Work | AB83: Games Wins Work | AC83: Sets Wins Work
P84: =AE22 | R84: =IF(Q84>Q86,1,0) -> 0 | U84: =IF(T84>T86,1,0) -> 0 | X84: =IF(W84>W86,1,0) -> 0 | Y84: =IF(Q84="",0,1) -> 0 | Z84: =IF(R84+U84=2,3,IF(R84+U84=1,1,0)) -> 0 | AA84: =IF(Z84=3,3,IF(X84+Z84=2,2,IF(Z84=1,1,0))) -> 0 | AB84: =Q84+T84 -> 0 | AC84: =R84+U84+X84 -> 0
P85: vs.
P86: =AE59 | R86: =IF(Q86>Q84,1,0) -> 0 | U86: =IF(T86>T84,1,0) -> 0 | X86: =IF(W86>W84,1,0) -> 0 | Y86: =IF(Q86="",0,1) -> 0 | Z86: =IF(R86+U86=2,3,IF(R86+U86=1,1,0)) -> 0 | AA86: =IF(Z86=3,3,IF(X86+Z86=2,2,IF(Z86=1,1,0))) -> 0 | AB86: =Q86+T86 -> 0 | AC86: =R86+U86+X86 -> 0
P88: Divison Winner
P89: =IF(AA84>AA86,P84,P86)
P92: Divison Runner Up
P93: =IF(AA84<AA86,P84,P86)

Sheet Men Div 5
A1: H & S Singles Tournament 2026
A5: Men Division 5
A7: Players | B7: Set Scores | H7: Tie | P7: Players | Q7: Set Scores | W7: Tie | AE7: Player | AF7: Matches Played | AG7: Points Overall | AH7: Games Won | AI7: Sets Won
B8: Score | C8: Set 1 Work | E8: Score | F8: Set 2 Work | H8: Score | I8: Tie Work | J8: Game Played | K8: Sets Points Work | L8: Sets & Tie Points Work | M8: Games Wins Work | N8: Sets Wins Work | Q8: Score | R8: Set 1 Work | T8: Score | U8: Set 2 Work | W8: Score | X8: Tie Work | Y8: Game Played | Z8: Sets Points Work | AA8: Sets & Tie Points Work | AB8: Games Wins Work | AC8: Sets Wins Work
A9: =AE9 -> Twesigye Twekye | B9: 2 | C9: =IF(B9>B11,1,0) -> 0 | E9: 1 | F9: =IF(E9>E11,1,0) -> 0 | I9: =IF(H9>H11,1,0) -> 0 | J9: =IF(B9="",0,1) -> 1 | K9: =IF(C9+F9=2,3,IF(C9+F9=1,1,0)) -> 0 | L9: =IF(K9=3,3,IF(I9+K9=2,2,IF(K9=1,1,0))) -> 0 | M9: =B9+E9 -> 3 | N9: =C9+F9+I9 -> 0 | P9: =AE9 -> Twesigye Twekye | R9: =IF(Q9>Q11,1,0) -> 0 | U9: =IF(T9>T11,1,0) -> 0 | X9: =IF(W9>W11,1,0) -> 0 | Y9: =IF(Q9="",0,1) -> 0 | Z9: =IF(R9+U9=2,3,IF(R9+U9=1,1,0)) -> 0 | AA9: =IF(Z9=3,3,IF(X9+Z9=2,2,IF(Z9=1,1,0))) -> 0 | AB9: =Q9+T9 -> 0 | AC9: =R9+U9+X9 -> 0 | AE9: ='Players - Men'!B42 -> Twesigye Twekye | AF9: =J9+Y9+J13+Y13+J17+J49 -> 5 | AG9: =L9+AA9+L13+AA13+L17+L49 -> 5 | AH9: =M9+AB9+M13+AB13+M17+M49 -> 37 | AI9: =N9+AC9+N13+AC13+N17+N49 -> 4
A10: vs. | P10: vs.
A11: =AE11 -> Justin Scicluna | B11: 6 | C11: =IF(B11>B9,1,0) -> 1 | E11: 6 | F11: =IF(E11>E9,1,0) -> 1 | I11: =IF(H11>H9,1,0) -> 0 | J11: =IF(B11="",0,1) -> 1 | K11: =IF(C11+F11=2,3,IF(C11+F11=1,1,0)) -> 3 | L11: =IF(K11=3,3,IF(I11+K11=2,2,IF(K11=1,1,0))) -> 3 | M11: =B11+E11 -> 12 | N11: =C11+F11+I11 -> 2 | P11: =AE13 -> Frank Agius | R11: =IF(Q11>Q9,1,0) -> 0 | U11: =IF(T11>T9,1,0) -> 0 | X11: =IF(W11>W9,1,0) -> 0 | Y11: =IF(Q11="",0,1) -> 0 | Z11: =IF(R11+U11=2,3,IF(R11+U11=1,1,0)) -> 0 | AA11: =IF(Z11=3,3,IF(X11+Z11=2,2,IF(Z11=1,1,0))) -> 0 | AB11: =Q11+T11 -> 0 | AC11: =R11+U11+X11 -> 0 | AE11: ='Players - Men'!B43 -> Justin Scicluna | AF11: =J11+Y25+J25+Y21+J21+Y45 -> 4 | AG11: =L11+AA25+L25+AA21+L21+AA45 -> 8 | AH11: =M11+AB25+M25+AB21+M21+AB45 -> 41 | AI11: =N11+AC25+N25+AC21+N21+AC45 -> 6
A13: =AE9 -> Twesigye Twekye | B13: 6 | C13: =IF(B13>B15,1,0) -> 1 | E13: 6 | F13: =IF(E13>E15,1,0) -> 1 | I13: =IF(H13>H15,1,0) -> 0 | J13: =IF(B13="",0,1) -> 1 | K13: =IF(C13+F13=2,3,IF(C13+F13=1,1,0)) -> 3 | L13: =IF(K13=3,3,IF(I13+K13=2,2,IF(K13=1,1,0))) -> 3 | M13: =B13+E13 -> 12 | N13: =C13+F13+I13 -> 2 | P13: =AE9 -> Twesigye Twekye | Q13: 3 | R13: =IF(Q13>Q15,1,0) -> 0 | T13: 4 | U13: =IF(T13>T15,1,0) -> 0 | X13: =IF(W13>W15,1,0) -> 0 | Y13: =IF(Q13="",0,1) -> 1 | Z13: =IF(R13+U13=2,3,IF(R13+U13=1,1,0)) -> 0 | AA13: =IF(Z13=3,3,IF(X13+Z13=2,2,IF(Z13=1,1,0))) -> 0 | AB13: =Q13+T13 -> 7 | AC13: =R13+U13+X13 -> 0 | AE13: ='Players - Men'!B44 -> Frank Agius | AF13: =Y29+Y11+Y33+J33+J23+J45 -> 3 | AG13: =AA29+AA11+AA33+L33+L23+L45 -> 6 | AH13: =AB29+AB11+AB33+M33+M23+M45 -> 31 | AI13: =AC29+AC11+AC33+N33+N23+N45 -> 4
A14: vs. | P14: vs.
A15: =AE15 -> Chris Boot | B15: 3 | C15: =IF(B15>B13,1,0) -> 0 | E15: 2 | F15: =IF(E15>E13,1,0) -> 0 | I15: =IF(H15>H13,1,0) -> 0 | J15: =IF(B15="",0,1) -> 1 | K15: =IF(C15+F15=2,3,IF(C15+F15=1,1,0)) -> 0 | L15: =IF(K15=3,3,IF(I15+K15=2,2,IF(K15=1,1,0))) -> 0 | M15: =B15+E15 -> 5 | N15: =C15+F15+I15 -> 0 | P15: =AE17 -> Oliver Brincat | Q15: 6 | R15: =IF(Q15>Q13,1,0) -> 1 | T15: 6 | U15: =IF(T15>T13,1,0) -> 1 | X15: =IF(W15>W13,1,0) -> 0 | Y15: =IF(Q15="",0,1) -> 1 | Z15: =IF(R15+U15=2,3,IF(R15+U15=1,1,0)) -> 3 | AA15: =IF(Z15=3,3,IF(X15+Z15=2,2,IF(Z15=1,1,0))) -> 3 | AB15: =Q15+T15 -> 12 | AC15: =R15+U15+X15 -> 2 | AE15: ='Players - Men'!B45 -> Chris Boot | AF15: =Y31+J37+J15+Y23+J29+J43 -> 5 | AG15: =AA31+L37+L15+AA23+L29+L43 -> 7 | AH15: =AB31+M37+M15+AB23+M29+M43 -> 44 | AI15: =AC31+N37+N15+AC23+N29+N43 -> 7
A17: =AE9 -> Twesigye Twekye | B17: 1 | C17: =IF(B17>B19,1,0) -> 0 | E17: 4 | F17: =IF(E17>E19,1,0) -> 0 | I17: =IF(H17>H19,1,0) -> 0 | J17: =IF(B17="",0,1) -> 1 | K17: =IF(C17+F17=2,3,IF(C17+F17=1,1,0)) -> 0 | L17: =IF(K17=3,3,IF(I17+K17=2,2,IF(K17=1,1,0))) -> 0 | M17: =B17+E17 -> 5 | N17: =C17+F17+I17 -> 0 | P17: =AE17 -> Oliver Brincat | R17: =IF(Q17>Q19,1,0) -> 0 | U17: =IF(T17>T19,1,0) -> 0 | X17: =IF(W17>W19,1,0) -> 0 | Y17: =IF(Q17="",0,1) -> 0 | Z17: =IF(R17+U17=2,3,IF(R17+U17=1,1,0)) -> 0 | AA17: =IF(Z17=3,3,IF(X17+Z17=2,2,IF(Z17=1,1,0))) -> 0 | AB17: =Q17+T17 -> 0 | AC17: =R17+U17+X17 -> 0 | AE17: ='Players - Men'!B46 -> Oliver Brincat | AF17: =Y17+J39+J27+Y15+J35+Y41 -> 4 | AG17: =AA17+L39+L27+AA15+L35+AA41 -> 4 | AH17: =AB17+M39+M27+AB15+M35+AB41 -> 29 | AI17: =AC17+N39+N27+AC15+N35+AC41 -> 3
A18: vs. | P18: vs.
A19: =AE19 -> Mark Napier | B19: 6 | C19: =IF(B19>B17,1,0) -> 1 | E19: 6 | F19: =IF(E19>E17,1,0) -> 1 | I19: =IF(H19>H17,1,0) -> 0 | J19: =IF(B19="",0,1) -> 1 | K19: =IF(C19+F19=2,3,IF(C19+F19=1,1,0)) -> 3 | L19: =IF(K19=3,3,IF(I19+K19=2,2,IF(K19=1,1,0))) -> 3 | M19: =B19+E19 -> 12 | N19: =C19+F19+I19 -> 2 | P19: =AE19 -> Mark Napier | R19: =IF(Q19>Q17,1,0) -> 0 | U19: =IF(T19>T17,1,0) -> 0 | X19: =IF(W19>W17,1,0) -> 0 | Y19: =IF(Q19="",0,1) -> 0 | Z19: =IF(R19+U19=2,3,IF(R19+U19=1,1,0)) -> 0 | AA19: =IF(Z19=3,3,IF(X19+Z19=2,2,IF(Z19=1,1,0))) -> 0 | AB19: =Q19+T19 -> 0 | AC19: =R19+U19+X19 -> 0 | AE19: ='Players - Men'!B47 -> Mark Napier | AF19: =Y19+Y27+Y35+J19+J31+Y39 -> 4 | AG19: =AA19+AA35+L31+AA27+L19+AA39 -> 10 | AH19: =AB19+AB27+AB35+M19+M31+AB39 -> 45 | AI19: =AC19+AC27+AC35+N19+N31+AC39 -> 7
A21: =AE11 -> Justin Scicluna | C21: =IF(B21>B23,1,0) -> 0 | F21: =IF(E21>E23,1,0) -> 0 | I21: =IF(H21>H23,1,0) -> 0 | J21: =IF(B21="",0,1) -> 0 | K21: =IF(C21+F21=2,3,IF(C21+F21=1,1,0)) -> 0 | L21: =IF(K21=3,3,IF(I21+K21=2,2,IF(K21=1,1,0))) -> 0 | M21: =B21+E21 -> 0 | N21: =C21+F21+I21 -> 0 | P21: =AE11 -> Justin Scicluna | Q21: 6 | R21: =IF(Q21>Q23,1,0) -> 1 | T21: 5 | U21: =IF(T21>T23,1,0) -> 0 | W21: 10 | X21: =IF(W21>W23,1,0) -> 1 | Y21: =IF(Q21="",0,1) -> 1 | Z21: =IF(R21+U21=2,3,IF(R21+U21=1,1,0)) -> 1 | AA21: =IF(Z21=3,3,IF(X21+Z21=2,2,IF(Z21=1,1,0))) -> 2 | AB21: =Q21+T21 -> 11 | AC21: =R21+U21+X21 -> 2 | AE21: ='Players - Men'!B48 -> Antoine Bugeja | AF21: =J41+J47+J51+Y37+Y43+Y47 -> 3 | AG21: =L41+L47+L51+AA37+AA43+AA47 -> 3 | AH21: =M41+M47+M51+AB37+AB43+AB47 -> 31 | AI21: =N41+N47+N51+AC37+AC43+AC47 -> 3
A22: vs. | P22: vs.
A23: =AE13 -> Frank Agius | C23: =IF(B23>B21,1,0) -> 0 | F23: =IF(E23>E21,1,0) -> 0 | I23: =IF(H23>H21,1,0) -> 0 | J23: =IF(B23="",0,1) -> 0 | K23: =IF(C23+F23=2,3,IF(C23+F23=1,1,0)) -> 0 | L23: =IF(K23=3,3,IF(I23+K23=2,2,IF(K23=1,1,0))) -> 0 | M23: =B23+E23 -> 0 | N23: =C23+F23+I23 -> 0 | P23: =AE15 -> Chris Boot | Q23: 2 | R23: =IF(Q23>Q21,1,0) -> 0 | T23: 7 | U23: =IF(T23>T21,1,0) -> 1 | W23: 7 | X23: =IF(W23>W21,1,0) -> 0 | Y23: =IF(Q23="",0,1) -> 1 | Z23: =IF(R23+U23=2,3,IF(R23+U23=1,1,0)) -> 1 | AA23: =IF(Z23=3,3,IF(X23+Z23=2,2,IF(Z23=1,1,0))) -> 1 | AB23: =Q23+T23 -> 9 | AC23: =R23+U23+X23 -> 1
AE24: Divison Winner
A25: =AE11 -> Justin Scicluna | B25: 6 | C25: =IF(B25>B27,1,0) -> 1 | E25: 6 | F25: =IF(E25>E27,1,0) -> 1 | I25: =IF(H25>H27,1,0) -> 0 | J25: =IF(B25="",0,1) -> 1 | K25: =IF(C25+F25=2,3,IF(C25+F25=1,1,0)) -> 3 | L25: =IF(K25=3,3,IF(I25+K25=2,2,IF(K25=1,1,0))) -> 3 | M25: =B25+E25 -> 12 | N25: =C25+F25+I25 -> 2 | P25: =AE11 -> Justin Scicluna | Q25: 2 | R25: =IF(Q25>Q27,1,0) -> 0 | T25: 4 | U25: =IF(T25>T27,1,0) -> 0 | X25: =IF(W25>W27,1,0) -> 0 | Y25: =IF(Q25="",0,1) -> 1 | Z25: =IF(R25+U25=2,3,IF(R25+U25=1,1,0)) -> 0 | AA25: =IF(Z25=3,3,IF(X25+Z25=2,2,IF(Z25=1,1,0))) -> 0 | AB25: =Q25+T25 -> 6 | AC25: =R25+U25+X25 -> 0
A26: vs. | P26: vs.
A27: =AE17 -> Oliver Brincat | B27: 1 | C27: =IF(B27>B25,1,0) -> 0 | E27: 4 | F27: =IF(E27>E25,1,0) -> 0 | I27: =IF(H27>H25,1,0) -> 0 | J27: =IF(B27="",0,1) -> 1 | K27: =IF(C27+F27=2,3,IF(C27+F27=1,1,0)) -> 0 | L27: =IF(K27=3,3,IF(I27+K27=2,2,IF(K27=1,1,0))) -> 0 | M27: =B27+E27 -> 5 | N27: =C27+F27+I27 -> 0 | P27: =AE19 -> Mark Napier | Q27: 6 | R27: =IF(Q27>Q25,1,0) -> 1 | T27: 6 | U27: =IF(T27>T25,1,0) -> 1 | X27: =IF(W27>W25,1,0) -> 0 | Y27: =IF(Q27="",0,1) -> 1 | Z27: =IF(R27+U27=2,3,IF(R27+U27=1,1,0)) -> 3 | AA27: =IF(Z27=3,3,IF(X27+Z27=2,2,IF(Z27=1,1,0))) -> 3 | AB27: =Q27+T27 -> 12 | AC27: =R27+U27+X27 -> 2 | AE27: Divison Runner Up
A29: =AE15 -> Chris Boot | B29: 6 | C29: =IF(B29>B31,1,0) -> 1 | E29: 3 | F29: =IF(E29>E31,1,0) -> 0 | H29: 10 | I29: =IF(H29>H31,1,0) -> 1 | J29: =IF(B29="",0,1) -> 1 | K29: =IF(C29+F29=2,3,IF(C29+F29=1,1,0)) -> 1 | L29: =IF(K29=3,3,IF(I29+K29=2,2,IF(K29=1,1,0))) -> 2 | M29: =B29+E29 -> 9 | N29: =C29+F29+I29 -> 2 | P29: =AE13 -> Frank Agius | R29: =IF(Q29>Q31,1,0) -> 0 | U29: =IF(T29>T31,1,0) -> 0 | X29: =IF(W29>W31,1,0) -> 0 | Y29: =IF(Q29="",0,1) -> 0 | Z29: =IF(R29+U29=2,3,IF(R29+U29=1,1,0)) -> 0 | AA29: =IF(Z29=3,3,IF(X29+Z29=2,2,IF(Z29=1,1,0))) -> 0 | AB29: =Q29+T29 -> 0 | AC29: =R29+U29+X29 -> 0
A30: vs. | P30: vs.
A31: =AE19 -> Mark Napier | B31: 3 | C31: =IF(B31>B29,1,0) -> 0 | E31: 6 | F31: =IF(E31>E29,1,0) -> 1 | H31: 5 | I31: =IF(H31>H29,1,0) -> 0 | J31: =IF(B31="",0,1) -> 1 | K31: =IF(C31+F31=2,3,IF(C31+F31=1,1,0)) -> 1 | L31: =IF(K31=3,3,IF(I31+K31=2,2,IF(K31=1,1,0))) -> 1 | M31: =B31+E31 -> 9 | N31: =C31+F31+I31 -> 1 | P31: =AE15 -> Chris Boot | R31: =IF(Q31>Q29,1,0) -> 0 | U31: =IF(T31>T29,1,0) -> 0 | X31: =IF(W31>W29,1,0) -> 0 | Y31: =IF(Q31="",0,1) -> 0 | Z31: =IF(R31+U31=2,3,IF(R31+U31=1,1,0)) -> 0 | AA31: =IF(Z31=3,3,IF(X31+Z31=2,2,IF(Z31=1,1,0))) -> 0 | AB31: =Q31+T31 -> 0 | AC31: =R31+U31+X31 -> 0
A33: =AE13 -> Frank Agius | B33: 6 | C33: =IF(B33>B35,1,0) -> 1 | E33: 6 | F33: =IF(E33>E35,1,0) -> 1 | I33: =IF(H33>H35,1,0) -> 0 | J33: =IF(B33="",0,1) -> 1 | K33: =IF(C33+F33=2,3,IF(C33+F33=1,1,0)) -> 3 | L33: =IF(K33=3,3,IF(I33+K33=2,2,IF(K33=1,1,0))) -> 3 | M33: =B33+E33 -> 12 | N33: =C33+F33+I33 -> 2 | P33: =AE13 -> Frank Agius | Q33: 2 | T33: 4 | U33: =IF(T33>T35,1,0) -> 0 | X33: =IF(W33>W35,1,0) -> 0 | Y33: =IF(Q33="",0,1) -> 1 | Z33: =IF(R33+U33=2,3,IF(R33+U33=1,1,0)) -> 0 | AA33: =IF(Z33=3,3,IF(X33+Z33=2,2,IF(Z33=1,1,0))) -> 0 | AB33: =Q33+T33 -> 6 | AC33: =R33+U33+X33 -> 0
A34: vs. | P34: vs.
A35: =AE17 -> Oliver Brincat | B35: 1 | C35: =IF(B35>B33,1,0) -> 0 | E35: 2 | F35: =IF(E35>E33,1,0) -> 0 | I35: =IF(H35>H33,1,0) -> 0 | J35: =IF(B35="",0,1) -> 1 | K35: =IF(C35+F35=2,3,IF(C35+F35=1,1,0)) -> 0 | L35: =IF(K35=3,3,IF(I35+K35=2,2,IF(K35=1,1,0))) -> 0 | M35: =B35+E35 -> 3 | N35: =C35+F35+I35 -> 0 | P35: =AE19 -> Mark Napier | Q35: 6 | R35: =IF(Q35>Q33,1,0) -> 1 | T35: 6 | U35: =IF(T35>T33,1,0) -> 1 | X35: =IF(W35>W33,1,0) -> 0 | Y35: =IF(Q35="",0,1) -> 1 | Z35: =IF(R35+U35=2,3,IF(R35+U35=1,1,0)) -> 3 | AA35: =IF(Z35=3,3,IF(X35+Z35=2,2,IF(Z35=1,1,0))) -> 3 | AB35: =Q35+T35 -> 12 | AC35: =R35+U35+X35 -> 2
A37: =AE15 -> Chris Boot | B37: 6 | C37: =IF(B37>B39,1,0) -> 1 | E37: 3 | F37: =IF(E37>E39,1,0) -> 0 | H37: 10 | I37: =IF(H37>H39,1,0) -> 1 | J37: =IF(B37="",0,1) -> 1 | K37: =IF(C37+F37=2,3,IF(C37+F37=1,1,0)) -> 1 | L37: =IF(K37=3,3,IF(I37+K37=2,2,IF(K37=1,1,0))) -> 2 | M37: =B37+E37 -> 9 | N37: =C37+F37+I37 -> 2 | P37: =AE21 -> Antoine Bugeja | R37: =IF(Q37>Q39,1,0) -> 0 | U37: =IF(T37>T39,1,0) -> 0 | X37: =IF(W37>W35,1,0) -> 0 | Y37: =IF(Q37="",0,1) -> 0 | Z37: =IF(R37+U37=2,3,IF(R37+U37=1,1,0)) -> 0 | AA37: =IF(Z37=3,3,IF(X37+Z37=2,2,IF(Z37=1,1,0))) -> 0 | AB37: =Q37+T37 -> 0 | AC37: =R37+U37+X37 -> 0
A38: vs. | P38: vs.
A39: =AE17 -> Oliver Brincat | B39: 3 | C39: =IF(B39>B37,1,0) -> 0 | E39: 6 | F39: =IF(E39>E37,1,0) -> 1 | H39: 8 | I39: =IF(H39>H37,1,0) -> 0 | J39: =IF(B39="",0,1) -> 1 | K39: =IF(C39+F39=2,3,IF(C39+F39=1,1,0)) -> 1 | L39: =IF(K39=3,3,IF(I39+K39=2,2,IF(K39=1,1,0))) -> 1 | M39: =B39+E39 -> 9 | N39: =C39+F39+I39 -> 1 | P39: =AE19 -> Mark Napier | R39: =IF(Q39>Q37,1,0) -> 0 | U39: =IF(T39>T37,1,0) -> 0 | X39: =IF(W39>W37,1,0) -> 0 | Y39: =IF(Q39="",0,1) -> 0 | Z39: =IF(R39+U39=2,3,IF(R39+U39=1,1,0)) -> 0 | AA39: =IF(Z39=3,3,IF(X39+Z39=2,2,IF(Z39=1,1,0))) -> 0 | AB39: =Q39+T39 -> 0 | AC39: =R39+U39+X39 -> 0
A41: =AE21 -> Antoine Bugeja | B41: 7 | C41: =IF(B41>B43,1,0) -> 1 | E41: 3 | F41: =IF(E41>E43,1,0) -> 0 | H41: 9 | I41: =IF(H41>H39,1,0) -> 1 | J41: =IF(B41="",0,1) -> 1 | K41: =IF(C41+F41=2,3,IF(C41+F41=1,1,0)) -> 1 | L41: =IF(K41=3,3,IF(I41+K41=2,2,IF(K41=1,1,0))) -> 2 | M41: =B41+E41 -> 10 | N41: =C41+F41+I41 -> 2 | P41: =AE17 -> Oliver Brincat | R41: =IF(Q41>Q43,1,0) -> 0 | U41: =IF(T41>T43,1,0) -> 0 | X41: =IF(W41>W39,1,0) -> 0 | Y41: =IF(Q41="",0,1) -> 0 | Z41: =IF(R41+U41=2,3,IF(R41+U41=1,1,0)) -> 0 | AA41: =IF(Z41=3,3,IF(X41+Z41=2,2,IF(Z41=1,1,0))) -> 0 | AB41: =Q41+T41 -> 0 | AC41: =R41+U41+X41 -> 0
A42: vs. | P42: vs.
A43: =P23 -> Chris Boot | B43: 6 | C43: =IF(B43>B41,1,0) -> 0 | E43: 6 | F43: =IF(E43>E41,1,0) -> 1 | H43: 11 | I43: =IF(H43>H41,1,0) -> 1 | J43: =IF(B43="",0,1) -> 1 | K43: =IF(C43+F43=2,3,IF(C43+F43=1,1,0)) -> 1 | L43: =IF(K43=3,3,IF(I43+K43=2,2,IF(K43=1,1,0))) -> 2 | M43: =B43+E43 -> 12 | N43: =C43+F43+I43 -> 2 | P43: =AE21 -> Antoine Bugeja | R43: =IF(Q43>Q41,1,0) -> 0 | U43: =IF(T43>T41,1,0) -> 0 | X43: =IF(W43>W41,1,0) -> 0 | Y43: =IF(Q43="",0,1) -> 0 | Z43: =IF(R43+U43=2,3,IF(R43+U43=1,1,0)) -> 0 | AA43: =IF(Z43=3,3,IF(X43+Z43=2,2,IF(Z43=1,1,0))) -> 0 | AB43: =Q43+T43 -> 0 | AC43: =R43+U43+X43 -> 0
A45: =AE13 -> Frank Agius | B45: 7 | C45: =IF(B45>B47,1,0) -> 1 | E45: 6 | F45: =IF(E45>E47,1,0) -> 1 | I45: =IF(H45>H43,1,0) -> 0 | J45: =IF(B45="",0,1) -> 1 | K45: =IF(C45+F45=2,3,IF(C45+F45=1,1,0)) -> 3 | L45: =IF(K45=3,3,IF(I45+K45=2,2,IF(K45=1,1,0))) -> 3 | M45: =B45+E45 -> 13 | N45: =C45+F45+I45 -> 2 | P45: =AE11 -> Justin Scicluna | R45: =IF(Q45>Q47,1,0) -> 0 | U45: =IF(T45>T47,1,0) -> 0 | X45: =IF(W45>W43,1,0) -> 0 | Y45: =IF(Q45="",0,1) -> 0 | Z45: =IF(R45+U45=2,3,IF(R45+U45=1,1,0)) -> 0 | AA45: =IF(Z45=3,3,IF(X45+Z45=2,2,IF(Z45=1,1,0))) -> 0 | AB45: =Q45+T45 -> 0 | AC45: =R45+U45+X45 -> 0
A46: vs. | P46: vs.
A47: =AE21 -> Antoine Bugeja | B47: 6 | C47: =IF(B47>B45,1,0) -> 0 | E47: 3 | F47: =IF(E47>E45,1,0) -> 0 | I47: =IF(H47>H45,1,0) -> 0 | J47: =IF(B47="",0,1) -> 1 | K47: =IF(C47+F47=2,3,IF(C47+F47=1,1,0)) -> 0 | L47: =IF(K47=3,3,IF(I47+K47=2,2,IF(K47=1,1,0))) -> 0 | M47: =B47+E47 -> 9 | N47: =C47+F47+I47 -> 0 | P47: =AE21 -> Antoine Bugeja | R47: =IF(Q47>Q45,1,0) -> 0 | U47: =IF(T47>T45,1,0) -> 0 | X47: =IF(W47>W45,1,0) -> 0 | Y47: =IF(Q47="",0,1) -> 0 | Z47: =IF(R47+U47=2,3,IF(R47+U47=1,1,0)) -> 0 | AA47: =IF(Z47=3,3,IF(X47+Z47=2,2,IF(Z47=1,1,0))) -> 0 | AB47: =Q47+T47 -> 0 | AC47: =R47+U47+X47 -> 0
A49: Twesigye Twekye | B49: 3 | C49: =IF(B49>B51,1,0) -> 0 | E49: 7 | F49: =IF(E49>E51,1,0) -> 1 | H49: 10 | I49: =IF(H49>H47,1,0) -> 1 | J49: =IF(B49="",0,1) -> 1 | K49: =IF(C49+F49=2,3,IF(C49+F49=1,1,0)) -> 1 | L49: =IF(K49=3,3,IF(I49+K49=2,2,IF(K49=1,1,0))) -> 2 | M49: =B49+E49 -> 10 | N49: =C49+F49+I49 -> 2
A50: vs.
A51: =AE21 -> Antoine Bugeja | B51: 6 | C51: =IF(B51>B49,1,0) -> 1 | E51: 6 | F51: =IF(E51>E49,1,0) -> 0 | H51: 8 | I51: =IF(H51>H49,1,0) -> 0 | J51: =IF(B51="",0,1) -> 1 | K51: =IF(C51+F51=2,3,IF(C51+F51=1,1,0)) -> 1 | L51: =IF(K51=3,3,IF(I51+K51=2,2,IF(K51=1,1,0))) -> 1 | M51: =B51+E51 -> 12 | N51: =C51+F51+I51 -> 1

Sheet Players - Ladies
A1: H & S Singles Tournament 2026
B6: Ladies Division 1
A7: 1 | B7: Alison Muscat
A8: 2 | B8: Giada Sciberras
A9: 3 | B9: Amanda Falzon
A10: 4 | B10: Dawn Azzopardi
A11: 5 | B11: Yanika Pace
B13: Ladies Division 2
A14: 1 | B14: Nancy Wong
A15: 2 | B15: Tiffany Fenech
A16: 3 | B16: Maria Angela Gambin
A17: 4 | B17: Maria Ellul
A18: 5 | B18: Alida Borg
B20: Ladies Division 3
A21: 1 | B21: Tiziana Spiteri
A22: 2 | B22: Janice Galea
A23: 3 | B23: Roberta Grixti
A24: 4 | B24: Francesca Mamo
A25: 5 | B25: Karolina Papiernik

Sheet Ladies Div 1
A1: H & S Singles Tournament 2026
A5: Ladies Division 1
A7: Players | B7: Set Scores | H7: Tie | P7: Players | Q7: Set Scores | W7: Tie | AE7: Player | AF7: Matches Played | AG7: Points Overall | AH7: Games Won | AI7: Sets Won
B8: Score | C8: Set 1 Work | E8: Score | F8: Set 2 Work | H8: Score | I8: Tie Work | J8: Game Played | K8: Sets Points Work | L8: Sets & Tie Points Work | M8: Games Wins Work | N8: Sets Wins Work | Q8: Score | R8: Set 1 Work | T8: Score | U8: Set 2 Work | W8: Score | X8: Tie Work | Y8: Game Played | Z8: Sets Points Work | AA8: Sets & Tie Points Work | AB8: Games Wins Work | AC8: Sets Wins Work | AJ8: Winner Working | AK8: Runner Up Working | AL8: Total Games Work | AM8: Winner | AN8: Runner Up
A9: =AE9 -> Alison Muscat | B9: 7 | C9: =IF(B9>B11,1,0) -> 1 | E9: 5 | F9: =IF(E9>E11,1,0) -> 0 | H9: 6 | I9: =IF(H9>H11,1,0) -> 0 | J9: =IF(B9="",0,1) -> 1 | K9: =IF(C9+F9=2,3,IF(C9+F9=1,1,0)) -> 1 | L9: =IF(K9=3,3,IF(I9+K9=2,2,IF(K9=1,1,0))) -> 1 | M9: =B9+E9 -> 12 | N9: =C9+F9+I9 -> 1 | P9: =AE9 -> Alison Muscat | Q9: 1 | R9: =IF(Q9>Q11,1,0) -> 0 | T9: 4 | U9: =IF(T9>T11,1,0) -> 0 | X9: =IF(W9>W11,1,0) -> 0 | Y9: =IF(Q9="",0,1) -> 1 | Z9: =IF(R9+U9=2,3,IF(R9+U9=1,1,0)) -> 0 | AA9: =IF(Z9=3,3,IF(X9+Z9=2,2,IF(Z9=1,1,0))) -> 0 | AB9: =Q9+T9 -> 5 | AC9: =R9+U9+X9 -> 0 | AE9: ='Players - Ladies'!B7 -> Alison Muscat | AF9: =J9+Y9+J13+Y13 -> 3 | AG9: =L9+AA9+L13+AA13 -> 1 | AH9: =M9+AB9+M13+AB13 -> 17 | AI9: =N9+AC9+N13+AC13 -> 1 | AJ9: =MAX(AG9:AG18) -> 9 | AK9: =LARGE(AG9:AG18, 2) -> 6 | AL9: =SUM(AF9:AF18) -> 14 | AM9: =IF(AG9=$AJ$9,AE9,IF(AG11=$AJ$9,AE11,IF(AG13=$AJ$9,AE13,IF(AG15=$AJ$9,AE15,IF(AG17=$AJ$9,AE17,""))))) -> Amanda Falzon | AN9: =IF(AG9=$AK$9,AE9,IF(AG11=$AK$9,AE11,IF(AG13=$AK$9,AE13,IF(AG15=$AK$9,AE15,IF(AG17=$AK$9,AE17,""))))) -> Dawn Azzopardi
A10: vs. | P10: vs.
A11: =AE11 -> Giada Sciberras | B11: 6 | C11: =IF(B11>B9,1,0) -> 0 | E11: 7 | F11: =IF(E11>E9,1,0) -> 1 | H11: 10 | I11: =IF(H11>H9,1,0) -> 1 | J11: =IF(B11="",0,1) -> 1 | K11: =IF(C11+F11=2,3,IF(C11+F11=1,1,0)) -> 1 | L11: =IF(K11=3,3,IF(I11+K11=2,2,IF(K11=1,1,0))) -> 2 | M11: =B11+E11 -> 13 | N11: =C11+F11+I11 -> 2 | P11: =AE13 -> Amanda Falzon | Q11: 6 | R11: =IF(Q11>Q9,1,0) -> 1 | T11: 6 | U11: =IF(T11>T9,1,0) -> 1 | X11: =IF(W11>W9,1,0) -> 0 | Y11: =IF(Q11="",0,1) -> 1 | Z11: =IF(R11+U11=2,3,IF(R11+U11=1,1,0)) -> 3 | AA11: =IF(Z11=3,3,IF(X11+Z11=2,2,IF(Z11=1,1,0))) -> 3 | AB11: =Q11+T11 -> 12 | AC11: =R11+U11+X11 -> 2 | AE11: ='Players - Ladies'!B8 -> Giada Sciberras | AF11: =J11+J21+Y21+Y17 -> 3 | AG11: =L11+L21+AA21+AA17 -> 2 | AH11: =M11+M21+AB21+AB17 -> 22 | AI11: =N11+N21+AC21+AC17 -> 2
A13: =AE9 -> Alison Muscat | B13: 0 | C13: =IF(B13>B15,1,0) -> 0 | E13: 0 | F13: =IF(E13>E15,1,0) -> 0 | I13: =IF(H13>H15,1,0) -> 0 | J13: =IF(B13="",0,1) -> 1 | K13: =IF(C13+F13=2,3,IF(C13+F13=1,1,0)) -> 0 | L13: =IF(K13=3,3,IF(I13+K13=2,2,IF(K13=1,1,0))) -> 0 | M13: =B13+E13 -> 0 | N13: =C13+F13+I13 -> 0 | P13: =AE9 -> Alison Muscat | R13: =IF(Q13>Q15,1,0) -> 0 | U13: =IF(T13>T15,1,0) -> 0 | X13: =IF(W13>W15,1,0) -> 0 | Y13: =IF(Q13="",0,1) -> 0 | Z13: =IF(R13+U13=2,3,IF(R13+U13=1,1,0)) -> 0 | AA13: =IF(Z13=3,3,IF(X13+Z13=2,2,IF(Z13=1,1,0))) -> 0 | AB13: =Q13+T13 -> 0 | AC13: =R13+U13+X13 -> 0 | AE13: ='Players - Ladies'!B9 -> Amanda Falzon | AF13: =Y25+Y11+J25+Y19 -> 3 | AG13: =AA25+AA11+L25+AA19 -> 9 | AH13: =AB25+AB11+M25+AB19 -> 36 | AI13: =AC25+AC11+N25+AC19 -> 6
A14: vs. | P14: vs.
A15: =AE15 -> Dawn Azzopardi | B15: 6 | C15: =IF(B15>B13,1,0) -> 1 | E15: 6 | F15: =IF(E15>E13,1,0) -> 1 | I15: =IF(H15>H13,1,0) -> 0 | J15: =IF(B15="",0,1) -> 1 | K15: =IF(C15+F15=2,3,IF(C15+F15=1,1,0)) -> 3 | L15: =IF(K15=3,3,IF(I15+K15=2,2,IF(K15=1,1,0))) -> 3 | M15: =B15+E15 -> 12 | N15: =C15+F15+I15 -> 2 | P15: =AE17 -> Yanika Pace | R15: =IF(Q15>Q13,1,0) -> 0 | U15: =IF(T15>T13,1,0) -> 0 | X15: =IF(W15>W13,1,0) -> 0 | Y15: =IF(Q15="",0,1) -> 0 | Z15: =IF(R15+U15=2,3,IF(R15+U15=1,1,0)) -> 0 | AA15: =IF(Z15=3,3,IF(X15+Z15=2,2,IF(Z15=1,1,0))) -> 0 | AB15: =Q15+T15 -> 0 | AC15: =R15+U15+X15 -> 0 | AE15: ='Players - Ladies'!B10 -> Dawn Azzopardi | AF15: =Y27+J17+J15+Y23 -> 2 | AG15: =AA27+L17+L15+AA23 -> 6 | AH15: =AB27+M17+M15+AB23 -> 24 | AI15: =AC27+N17+N15+AC23 -> 4
A17: =AE15 -> Dawn Azzopardi | B17: 6 | C17: =IF(B17>B19,1,0) -> 1 | E17: 6 | F17: =IF(E17>E19,1,0) -> 1 | I17: =IF(H17>H19,1,0) -> 0 | J17: =IF(B17="",0,1) -> 1 | K17: =IF(C17+F17=2,3,IF(C17+F17=1,1,0)) -> 3 | L17: =IF(K17=3,3,IF(I17+K17=2,2,IF(K17=1,1,0))) -> 3 | M17: =B17+E17 -> 12 | N17: =C17+F17+I17 -> 2 | P17: =AE11 -> Giada Sciberras | Q17: 1 | R17: =IF(Q17>Q19,1,0) -> 0 | T17: 3 | U17: =IF(T17>T19,1,0) -> 0 | X17: =IF(W17>W19,1,0) -> 0 | Y17: =IF(Q17="",0,1) -> 1 | Z17: =IF(R17+U17=2,3,IF(R17+U17=1,1,0)) -> 0 | AA17: =IF(Z17=3,3,IF(X17+Z17=2,2,IF(Z17=1,1,0))) -> 0 | AB17: =Q17+T17 -> 4 | AC17: =R17+U17+X17 -> 0 | AE17: ='Players - Ladies'!B11 -> Yanika Pace | AF17: =J19+J23+Y15+J27 -> 3 | AG17: =L19+L23+AA15+L27 -> 3 | AH17: =M19+M23+AB15+M27 -> 16 | AI17: =N19+N23+AC15+N27 -> 2
A18: vs. | P18: vs.
A19: =AE17 -> Yanika Pace | B19: 0 | C19: =IF(B19>B17,1,0) -> 0 | E19: 0 | F19: =IF(E19>E17,1,0) -> 0 | I19: =IF(H19>H17,1,0) -> 0 | J19: =IF(B19="",0,1) -> 1 | K19: =IF(C19+F19=2,3,IF(C19+F19=1,1,0)) -> 0 | L19: =IF(K19=3,3,IF(I19+K19=2,2,IF(K19=1,1,0))) -> 0 | M19: =B19+E19 -> 0 | N19: =C19+F19+I19 -> 0 | P19: =AE13 -> Amanda Falzon | Q19: 6 | R19: =IF(Q19>Q17,1,0) -> 1 | T19: 6 | U19: =IF(T19>T17,1,0) -> 1 | X19: =IF(W19>W17,1,0) -> 0 | Y19: =IF(Q19="",0,1) -> 1 | Z19: =IF(R19+U19=2,3,IF(R19+U19=1,1,0)) -> 3 | AA19: =IF(Z19=3,3,IF(X19+Z19=2,2,IF(Z19=1,1,0))) -> 3 | AB19: =Q19+T19 -> 12 | AC19: =R19+U19+X19 -> 2 | AE19: Divison Winner
A21: =AE11 -> Giada Sciberras | B21: 3 | C21: =IF(B21>B23,1,0) -> 0 | E21: 2 | F21: =IF(E21>E23,1,0) -> 0 | I21: =IF(H21>H23,1,0) -> 0 | J21: =IF(B21="",0,1) -> 1 | K21: =IF(C21+F21=2,3,IF(C21+F21=1,1,0)) -> 0 | L21: =IF(K21=3,3,IF(I21+K21=2,2,IF(K21=1,1,0))) -> 0 | M21: =B21+E21 -> 5 | N21: =C21+F21+I21 -> 0 | P21: =AE11 -> Giada Sciberras | R21: =IF(Q21>Q23,1,0) -> 0 | U21: =IF(T21>T23,1,0) -> 0 | X21: =IF(W21>W23,1,0) -> 0 | Y21: =IF(Q21="",0,1) -> 0 | Z21: =IF(R21+U21=2,3,IF(R21+U21=1,1,0)) -> 0 | AA21: =IF(Z21=3,3,IF(X21+Z21=2,2,IF(Z21=1,1,0))) -> 0 | AB21: =Q21+T21 -> 0 | AC21: =R21+U21+X21 -> 0
A22: vs. | P22: vs. | AE22: Divison Runner Up
A23: =AE17 -> Yanika Pace | B23: 6 | C23: =IF(B23>B21,1,0) -> 1 | E23: 6 | F23: =IF(E23>E21,1,0) -> 1 | I23: =IF(H23>H21,1,0) -> 0 | J23: =IF(B23="",0,1) -> 1 | K23: =IF(C23+F23=2,3,IF(C23+F23=1,1,0)) -> 3 | L23: =IF(K23=3,3,IF(I23+K23=2,2,IF(K23=1,1,0))) -> 3 | M23: =B23+E23 -> 12 | N23: =C23+F23+I23 -> 2 | P23: =AE15 -> Dawn Azzopardi | R23: =IF(Q23>Q21,1,0) -> 0 | U23: =IF(T23>T21,1,0) -> 0 | X23: =IF(W23>W21,1,0) -> 0 | Y23: =IF(Q23="",0,1) -> 0 | Z23: =IF(R23+U23=2,3,IF(R23+U23=1,1,0)) -> 0 | AA23: =IF(Z23=3,3,IF(X23+Z23=2,2,IF(Z23=1,1,0))) -> 0 | AB23: =Q23+T23 -> 0 | AC23: =R23+U23+X23 -> 0
A25: =AE13 -> Amanda Falzon | B25: 6 | C25: =IF(B25>B27,1,0) -> 1 | E25: 6 | F25: =IF(E25>E27,1,0) -> 1 | I25: =IF(H25>H27,1,0) -> 0 | J25: =IF(B25="",0,1) -> 1 | K25: =IF(C25+F25=2,3,IF(C25+F25=1,1,0)) -> 3 | L25: =IF(K25=3,3,IF(I25+K25=2,2,IF(K25=1,1,0))) -> 3 | M25: =B25+E25 -> 12 | N25: =C25+F25+I25 -> 2 | P25: =AE13 -> Amanda Falzon | R25: =IF(Q25>Q27,1,0) -> 0 | U25: =IF(T25>T27,1,0) -> 0 | X25: =IF(W25>W27,1,0) -> 0 | Y25: =IF(Q25="",0,1) -> 0 | Z25: =IF(R25+U25=2,3,IF(R25+U25=1,1,0)) -> 0 | AA25: =IF(Z25=3,3,IF(X25+Z25=2,2,IF(Z25=1,1,0))) -> 0 | AB25: =Q25+T25 -> 0 | AC25: =R25+U25+X25 -> 0
A26: vs. | P26: vs.
A27: =AE17 -> Yanika Pace | B27: 2 | C27: =IF(B27>B25,1,0) -> 0 | E27: 2 | F27: =IF(E27>E25,1,0) -> 0 | I27: =IF(H27>H25,1,0) -> 0 | J27: =IF(B27="",0,1) -> 1 | K27: =IF(C27+F27=2,3,IF(C27+F27=1,1,0)) -> 0 | L27: =IF(K27=3,3,IF(I27+K27=2,2,IF(K27=1,1,0))) -> 0 | M27: =B27+E27 -> 4 | N27: =C27+F27+I27 -> 0 | P27: =AE15 -> Dawn Azzopardi | R27: =IF(Q27>Q25,1,0) -> 0 | U27: =IF(T27>T25,1,0) -> 0 | X27: =IF(W27>W25,1,0) -> 0 | Y27: =IF(Q27="",0,1) -> 0 | Z27: =IF(R27+U27=2,3,IF(R27+U27=1,1,0)) -> 0 | AA27: =IF(Z27=3,3,IF(X27+Z27=2,2,IF(Z27=1,1,0))) -> 0 | AB27: =Q27+T27 -> 0 | AC27: =R27+U27+X27 -> 0

Sheet Ladies Div 2
A1: H & S Singles Tournament 2026
A5: Ladies Division 2
A7: Players | B7: Set Scores | H7: Tie | P7: Players | Q7: Set Scores | W7: Tie | AE7: Player | AF7: Matches Played | AG7: Points Overall | AH7: Games Won | AI7: Sets Won
B8: Score | C8: Set 1 Work | E8: Score | F8: Set 2 Work | H8: Score | I8: Tie Work | J8: Game Played | K8: Sets Points Work | L8: Sets & Tie Points Work | M8: Games Wins Work | N8: Sets Wins Work | Q8: Score | R8: Set 1 Work | T8: Score | U8: Set 2 Work | W8: Score | X8: Tie Work | Y8: Game Played | Z8: Sets Points Work | AA8: Sets & Tie Points Work | AB8: Games Wins Work | AC8: Sets Wins Work | AJ8: Winner Working | AK8: Runner Up Working | AL8: Total Games Work | AM8: Winner | AN8: Runner Up
A9: =AE9 -> Nancy Wong | B9: 6 | C9: =IF(B9>B11,1,0) -> 1 | E9: 6 | F9: =IF(E9>E11,1,0) -> 1 | I9: =IF(H9>H11,1,0) -> 0 | J9: =IF(B9="",0,1) -> 1 | K9: =IF(C9+F9=2,3,IF(C9+F9=1,1,0)) -> 3 | L9: =IF(K9=3,3,IF(I9+K9=2,2,IF(K9=1,1,0))) -> 3 | M9: =B9+E9 -> 12 | N9: =C9+F9+I9 -> 2 | P9: =AE9 -> Nancy Wong | Q9: 2 | R9: =IF(Q9>Q11,1,0) -> 0 | T9: 0 | U9: =IF(T9>T11,1,0) -> 0 | X9: =IF(W9>W11,1,0) -> 0 | Y9: =IF(Q9="",0,1) -> 1 | Z9: =IF(R9+U9=2,3,IF(R9+U9=1,1,0)) -> 0 | AA9: =IF(Z9=3,3,IF(X9+Z9=2,2,IF(Z9=1,1,0))) -> 0 | AB9: =Q9+T9 -> 2 | AC9: =R9+U9+X9 -> 0 | AE9: ='Players - Ladies'!B14 -> Nancy Wong | AF9: =J9+Y9+J13+Y13 -> 3 | AG9: =L9+AA9+L13+AA13 -> 5 | AH9: =M9+AB9+M13+AB13 -> 23 | AI9: =N9+AC9+N13+AC13 -> 4 | AJ9: =MAX(AG9:AG18) -> 9 | AK9: =LARGE(AG9:AG18, 2) -> 5 | AL9: =SUM(AF9:AF18) -> 12 | AM9: =IF(AG9=$AJ$9,AE9,IF(AG11=$AJ$9,AE11,IF(AG13=$AJ$9,AE13,IF(AG15=$AJ$9,AE15,IF(AG17=$AJ$9,AE17,""))))) -> Maria Angela Gambin | AN9: =IF(AG9=$AK$9,AE9,IF(AG11=$AK$9,AE11,IF(AG13=$AK$9,AE13,IF(AG15=$AK$9,AE15,IF(AG17=$AK$9,AE17,""))))) -> Nancy Wong
A10: vs. | P10: vs.
A11: =AE11 -> Tiffany Fenech | B11: 4 | C11: =IF(B11>B9,1,0) -> 0 | E11: 4 | F11: =IF(E11>E9,1,0) -> 0 | I11: =IF(H11>H9,1,0) -> 0 | J11: =IF(B11="",0,1) -> 1 | K11: =IF(C11+F11=2,3,IF(C11+F11=1,1,0)) -> 0 | L11: =IF(K11=3,3,IF(I11+K11=2,2,IF(K11=1,1,0))) -> 0 | M11: =B11+E11 -> 8 | N11: =C11+F11+I11 -> 0 | P11: =AE13 -> Maria Angela Gambin | Q11: 6 | R11: =IF(Q11>Q9,1,0) -> 1 | T11: 6 | U11: =IF(T11>T9,1,0) -> 1 | X11: =IF(W11>W9,1,0) -> 0 | Y11: =IF(Q11="",0,1) -> 1 | Z11: =IF(R11+U11=2,3,IF(R11+U11=1,1,0)) -> 3 | AA11: =IF(Z11=3,3,IF(X11+Z11=2,2,IF(Z11=1,1,0))) -> 3 | AB11: =Q11+T11 -> 12 | AC11: =R11+U11+X11 -> 2 | AE11: ='Players - Ladies'!B15 -> Tiffany Fenech | AF11: =J11+J21+Y21+Y17 -> 3 | AG11: =L11+L21+AA21+AA17 -> 1 | AH11: =M11+M21+AB21+AB17 -> 23 | AI11: =N11+N21+AC21+AC17 -> 1
A13: =AE9 -> Nancy Wong | C13: =IF(B13>B15,1,0) -> 0 | F13: =IF(E13>E15,1,0) -> 0 | I13: =IF(H13>H15,1,0) -> 0 | J13: =IF(B13="",0,1) -> 0 | K13: =IF(C13+F13=2,3,IF(C13+F13=1,1,0)) -> 0 | L13: =IF(K13=3,3,IF(I13+K13=2,2,IF(K13=1,1,0))) -> 0 | M13: =B13+E13 -> 0 | N13: =C13+F13+I13 -> 0 | P13: =AE9 -> Nancy Wong | Q13: 3 | R13: =IF(Q13>Q15,1,0) -> 0 | T13: 6 | U13: =IF(T13>T15,1,0) -> 1 | W13: 10 | X13: =IF(W13>W15,1,0) -> 1 | Y13: =IF(Q13="",0,1) -> 1 | Z13: =IF(R13+U13=2,3,IF(R13+U13=1,1,0)) -> 1 | AA13: =IF(Z13=3,3,IF(X13+Z13=2,2,IF(Z13=1,1,0))) -> 2 | AB13: =Q13+T13 -> 9 | AC13: =R13+U13+X13 -> 2 | AE13: ='Players - Ladies'!B16 -> Maria Angela Gambin | AF13: =Y25+Y11+J25+Y19 -> 3 | AG13: =AA25+AA11+L25+AA19 -> 9 | AH13: =AB25+AB11+M25+AB19 -> 36 | AI13: =AC25+AC11+N25+AC19 -> 6
A14: vs. | P14: vs.
A15: =AE15 -> Maria Ellul | C15: =IF(B15>B13,1,0) -> 0 | F15: =IF(E15>E13,1,0) -> 0 | I15: =IF(H15>H13,1,0) -> 0 | J15: =IF(B15="",0,1) -> 0 | K15: =IF(C15+F15=2,3,IF(C15+F15=1,1,0)) -> 0 | L15: =IF(K15=3,3,IF(I15+K15=2,2,IF(K15=1,1,0))) -> 0 | M15: =B15+E15 -> 0 | N15: =C15+F15+I15 -> 0 | P15: =AE17 -> Alida Borg | Q15: 6 | R15: =IF(Q15>Q13,1,0) -> 1 | T15: 4 | U15: =IF(T15>T13,1,0) -> 0 | W15: 5 | X15: =IF(W15>W13,1,0) -> 0 | Y15: =IF(Q15="",0,1) -> 1 | Z15: =IF(R15+U15=2,3,IF(R15+U15=1,1,0)) -> 1 | AA15: =IF(Z15=3,3,IF(X15+Z15=2,2,IF(Z15=1,1,0))) -> 1 | AB15: =Q15+T15 -> 10 | AC15: =R15+U15+X15 -> 1 | AE15: ='Players - Ladies'!B17 -> Maria Ellul | AF15: =Y27+J17+J15+Y23 -> 1 | AG15: =AA27+L17+L15+AA23 -> 0 | AH15: =AB27+M17+M15+AB23 -> 3 | AI15: =AC27+N17+N15+AC23 -> 0
A17: =AE15 -> Maria Ellul | C17: =IF(B17>B19,1,0) -> 0 | F17: =IF(E17>E19,1,0) -> 0 | I17: =IF(H17>H19,1,0) -> 0 | J17: =IF(B17="",0,1) -> 0 | K17: =IF(C17+F17=2,3,IF(C17+F17=1,1,0)) -> 0 | L17: =IF(K17=3,3,IF(I17+K17=2,2,IF(K17=1,1,0))) -> 0 | M17: =B17+E17 -> 0 | N17: =C17+F17+I17 -> 0 | P17: =AE11 -> Tiffany Fenech | Q17: 3 | R17: =IF(Q17>Q19,1,0) -> 0 | T17: 2 | U17: =IF(T17>T19,1,0) -> 0 | X17: =IF(W17>W19,1,0) -> 0 | Y17: =IF(Q17="",0,1) -> 1 | Z17: =IF(R17+U17=2,3,IF(R17+U17=1,1,0)) -> 0 | AA17: =IF(Z17=3,3,IF(X17+Z17=2,2,IF(Z17=1,1,0))) -> 0 | AB17: =Q17+T17 -> 5 | AC17: =R17+U17+X17 -> 0 | AE17: ='Players - Ladies'!B18 -> Alida Borg | AF17: =J19+J23+Y15+J27 -> 2 | AG17: =L19+L23+AA15+L27 -> 3 | AH17: =M19+M23+AB15+M27 -> 21 | AI17: =N19+N23+AC15+N27 -> 3
A18: vs. | P18: vs.
A19: =AE17 -> Alida Borg | C19: =IF(B19>B17,1,0) -> 0 | F19: =IF(E19>E17,1,0) -> 0 | I19: =IF(H19>H17,1,0) -> 0 | J19: =IF(B19="",0,1) -> 0 | K19: =IF(C19+F19=2,3,IF(C19+F19=1,1,0)) -> 0 | L19: =IF(K19=3,3,IF(I19+K19=2,2,IF(K19=1,1,0))) -> 0 | M19: =B19+E19 -> 0 | N19: =C19+F19+I19 -> 0 | P19: =AE13 -> Maria Angela Gambin | Q19: 6 | R19: =IF(Q19>Q17,1,0) -> 1 | T19: 6 | U19: =IF(T19>T17,1,0) -> 1 | X19: =IF(W19>W17,1,0) -> 0 | Y19: =IF(Q19="",0,1) -> 1 | Z19: =IF(R19+U19=2,3,IF(R19+U19=1,1,0)) -> 3 | AA19: =IF(Z19=3,3,IF(X19+Z19=2,2,IF(Z19=1,1,0))) -> 3 | AB19: =Q19+T19 -> 12 | AC19: =R19+U19+X19 -> 2 | AE19: Divison Winner
A21: =AE11 -> Tiffany Fenech | B21: 6 | C21: =IF(B21>B23,1,0) -> 1 | E21: 4 | F21: =IF(E21>E23,1,0) -> 0 | H21: 5 | I21: =IF(H21>H23,1,0) -> 0 | J21: =IF(B21="",0,1) -> 1 | K21: =IF(C21+F21=2,3,IF(C21+F21=1,1,0)) -> 1 | L21: =IF(K21=3,3,IF(I21+K21=2,2,IF(K21=1,1,0))) -> 1 | M21: =B21+E21 -> 10 | N21: =C21+F21+I21 -> 1 | P21: =AE11 -> Tiffany Fenech | R21: =IF(Q21>Q23,1,0) -> 0 | U21: =IF(T21>T23,1,0) -> 0 | X21: =IF(W21>W23,1,0) -> 0 | Y21: =IF(Q21="",0,1) -> 0 | Z21: =IF(R21+U21=2,3,IF(R21+U21=1,1,0)) -> 0 | AA21: =IF(Z21=3,3,IF(X21+Z21=2,2,IF(Z21=1,1,0))) -> 0 | AB21: =Q21+T21 -> 0 | AC21: =R21+U21+X21 -> 0
A22: vs. | P22: vs. | AE22: Divison Runner Up
A23: =AE17 -> Alida Borg | B23: 4 | C23: =IF(B23>B21,1,0) -> 0 | E23: 7 | F23: =IF(E23>E21,1,0) -> 1 | H23: 10 | I23: =IF(H23>H21,1,0) -> 1 | J23: =IF(B23="",0,1) -> 1 | K23: =IF(C23+F23=2,3,IF(C23+F23=1,1,0)) -> 1 | L23: =IF(K23=3,3,IF(I23+K23=2,2,IF(K23=1,1,0))) -> 2 | M23: =B23+E23 -> 11 | N23: =C23+F23+I23 -> 2 | P23: =AE15 -> Maria Ellul | R23: =IF(Q23>Q21,1,0) -> 0 | U23: =IF(T23>T21,1,0) -> 0 | X23: =IF(W23>W21,1,0) -> 0 | Y23: =IF(Q23="",0,1) -> 0 | Z23: =IF(R23+U23=2,3,IF(R23+U23=1,1,0)) -> 0 | AA23: =IF(Z23=3,3,IF(X23+Z23=2,2,IF(Z23=1,1,0))) -> 0 | AB23: =Q23+T23 -> 0 | AC23: =R23+U23+X23 -> 0
A25: =AE13 -> Maria Angela Gambin | C25: =IF(B25>B27,1,0) -> 0 | F25: =IF(E25>E27,1,0) -> 0 | I25: =IF(H25>H27,1,0) -> 0 | J25: =IF(B25="",0,1) -> 0 | K25: =IF(C25+F25=2,3,IF(C25+F25=1,1,0)) -> 0 | L25: =IF(K25=3,3,IF(I25+K25=2,2,IF(K25=1,1,0))) -> 0 | M25: =B25+E25 -> 0 | N25: =C25+F25+I25 -> 0 | P25: =AE13 -> Maria Angela Gambin | Q25: 6 | R25: =IF(Q25>Q27,1,0) -> 1 | T25: 6 | U25: =IF(T25>T27,1,0) -> 1 | X25: =IF(W25>W27,1,0) -> 0 | Y25: =IF(Q25="",0,1) -> 1 | Z25: =IF(R25+U25=2,3,IF(R25+U25=1,1,0)) -> 3 | AA25: =IF(Z25=3,3,IF(X25+Z25=2,2,IF(Z25=1,1,0))) -> 3 | AB25: =Q25+T25 -> 12 | AC25: =R25+U25+X25 -> 2
A26: vs. | P26: vs.
A27: =AE17 -> Alida Borg | C27: =IF(B27>B25,1,0) -> 0 | F27: =IF(E27>E25,1,0) -> 0 | I27: =IF(H27>H25,1,0) -> 0 | J27: =IF(B27="",0,1) -> 0 | K27: =IF(C27+F27=2,3,IF(C27+F27=1,1,0)) -> 0 | L27: =IF(K27=3,3,IF(I27+K27=2,2,IF(K27=1,1,0))) -> 0 | M27: =B27+E27 -> 0 | N27: =C27+F27+I27 -> 0 | P27: =AE15 -> Maria Ellul | Q27: 3 | R27: =IF(Q27>Q25,1,0) -> 0 | T27: 0 | U27: =IF(T27>T25,1,0) -> 0 | X27: =IF(W27>W25,1,0) -> 0 | Y27: =IF(Q27="",0,1) -> 1 | Z27: =IF(R27+U27=2,3,IF(R27+U27=1,1,0)) -> 0 | AA27: =IF(Z27=3,3,IF(X27+Z27=2,2,IF(Z27=1,1,0))) -> 0 | AB27: =Q27+T27 -> 3 | AC27: =R27+U27+X27 -> 0

Sheet Ladies Div 3
A1: H & S Singles Tournament 2026
A5: Ladies Division 3
A7: Players | B7: Set Scores | H7: Tie | P7: Players | Q7: Set Scores | W7: Tie | AE7: Player | AF7: Matches Played | AG7: Points Overall | AH7: Games Won | AI7: Sets Won
B8: Score | C8: Set 1 Work | E8: Score | F8: Set 2 Work | H8: Score | I8: Tie Work | J8: Game Played | K8: Sets Points Work | L8: Sets & Tie Points Work | M8: Games Wins Work | N8: Sets Wins Work | Q8: Score | R8: Set 1 Work | T8: Score | U8: Set 2 Work | W8: Score | X8: Tie Work | Y8: Game Played | Z8: Sets Points Work | AA8: Sets & Tie Points Work | AB8: Games Wins Work | AC8: Sets Wins Work | AJ8: Winner Working | AK8: Runner Up Working | AL8: Total Games Work | AM8: Winner | AN8: Runner Up
A9: =AE9 -> Tiziana Spiteri | B9: 6 | C9: =IF(B9>B11,1,0) -> 1 | E9: 5 | F9: =IF(E9>E11,1,0) -> 0 | H9: 10 | I9: =IF(H9>H11,1,0) -> 1 | J9: =IF(B9="",0,1) -> 1 | K9: =IF(C9+F9=2,3,IF(C9+F9=1,1,0)) -> 1 | L9: =IF(K9=3,3,IF(I9+K9=2,2,IF(K9=1,1,0))) -> 2 | M9: =B9+E9 -> 11 | N9: =C9+F9+I9 -> 2 | P9: =AE9 -> Tiziana Spiteri | R9: =IF(Q9>Q11,1,0) -> 0 | U9: =IF(T9>T11,1,0) -> 0 | X9: =IF(W9>W11,1,0) -> 0 | Y9: =IF(Q9="",0,1) -> 0 | Z9: =IF(R9+U9=2,3,IF(R9+U9=1,1,0)) -> 0 | AA9: =IF(Z9=3,3,IF(X9+Z9=2,2,IF(Z9=1,1,0))) -> 0 | AB9: =Q9+T9 -> 0 | AC9: =R9+U9+X9 -> 0 | AE9: ='Players - Ladies'!B21 -> Tiziana Spiteri | AF9: =J9+Y9+J13+Y13 -> 2 | AG9: =L9+AA9+L13+AA13 -> 2 | AH9: =M9+AB9+M13+AB13 -> 18 | AI9: =N9+AC9+N13+AC13 -> 2 | AJ9: =MAX(AG9:AG18) -> 9 | AK9: =LARGE(AG9:AG18, 2) -> 8 | AL9: =SUM(AF9:AF18) -> 16 | AM9: =IF(AG9=$AJ$9,AE9,IF(AG11=$AJ$9,AE11,IF(AG13=$AJ$9,AE13,IF(AG15=$AJ$9,AE15,IF(AG17=$AJ$9,AE17,""))))) -> Janice Galea | AN9: =IF(AG9=$AK$9,AE9,IF(AG11=$AK$9,AE11,IF(AG13=$AK$9,AE13,IF(AG15=$AK$9,AE15,IF(AG17=$AK$9,AE17,""))))) -> Francesca Mamo
A10: vs. | P10: vs.
A11: =AE11 -> Janice Galea | B11: 2 | C11: =IF(B11>B9,1,0) -> 0 | E11: 7 | F11: =IF(E11>E9,1,0) -> 1 | H11: 7 | I11: =IF(H11>H9,1,0) -> 0 | J11: =IF(B11="",0,1) -> 1 | K11: =IF(C11+F11=2,3,IF(C11+F11=1,1,0)) -> 1 | L11: =IF(K11=3,3,IF(I11+K11=2,2,IF(K11=1,1,0))) -> 1 | M11: =B11+E11 -> 9 | N11: =C11+F11+I11 -> 1 | P11: =AE13 -> Roberta Grixti | R11: =IF(Q11>Q9,1,0) -> 0 | U11: =IF(T11>T9,1,0) -> 0 | X11: =IF(W11>W9,1,0) -> 0 | Y11: =IF(Q11="",0,1) -> 0 | Z11: =IF(R11+U11=2,3,IF(R11+U11=1,1,0)) -> 0 | AA11: =IF(Z11=3,3,IF(X11+Z11=2,2,IF(Z11=1,1,0))) -> 0 | AB11: =Q11+T11 -> 0 | AC11: =R11+U11+X11 -> 0 | AE11: ='Players - Ladies'!B22 -> Janice Galea | AF11: =J11+J21+Y21+Y17 -> 4 | AG11: =L11+L21+AA21+AA17 -> 9 | AH11: =M11+M21+AB21+AB17 -> 42 | AI11: =N11+N21+AC21+AC17 -> 7
A13: =AE9 -> Tiziana Spiteri | B13: 3 | C13: =IF(B13>B15,1,0) -> 0 | E13: 4 | F13: =IF(E13>E15,1,0) -> 0 | I13: =IF(H13>H15,1,0) -> 0 | J13: =IF(B13="",0,1) -> 1 | K13: =IF(C13+F13=2,3,IF(C13+F13=1,1,0)) -> 0 | L13: =IF(K13=3,3,IF(I13+K13=2,2,IF(K13=1,1,0))) -> 0 | M13: =B13+E13 -> 7 | N13: =C13+F13+I13 -> 0 | P13: =AE9 -> Tiziana Spiteri | R13: =IF(Q13>Q15,1,0) -> 0 | U13: =IF(T13>T15,1,0) -> 0 | X13: =IF(W13>W15,1,0) -> 0 | Y13: =IF(Q13="",0,1) -> 0 | Z13: =IF(R13+U13=2,3,IF(R13+U13=1,1,0)) -> 0 | AA13: =IF(Z13=3,3,IF(X13+Z13=2,2,IF(Z13=1,1,0))) -> 0 | AB13: =Q13+T13 -> 0 | AC13: =R13+U13+X13 -> 0 | AE13: ='Players - Ladies'!B23 -> Roberta Grixti | AF13: =Y25+Y11+J25+Y19 -> 3 | AG13: =AA25+AA11+L25+AA19 -> 0 | AH13: =AB25+AB11+M25+AB19 -> 12 | AI13: =AC25+AC11+N25+AC19 -> 0
A14: vs. | P14: vs.
A15: =AE15 -> Francesca Mamo | B15: 6 | C15: =IF(B15>B13,1,0) -> 1 | E15: 6 | F15: =IF(E15>E13,1,0) -> 1 | I15: =IF(H15>H13,1,0) -> 0 | J15: =IF(B15="",0,1) -> 1 | K15: =IF(C15+F15=2,3,IF(C15+F15=1,1,0)) -> 3 | L15: =IF(K15=3,3,IF(I15+K15=2,2,IF(K15=1,1,0))) -> 3 | M15: =B15+E15 -> 12 | N15: =C15+F15+I15 -> 2 | P15: =AE17 -> Karolina Papiernik | R15: =IF(Q15>Q13,1,0) -> 0 | U15: =IF(T15>T13,1,0) -> 0 | X15: =IF(W15>W13,1,0) -> 0 | Y15: =IF(Q15="",0,1) -> 0 | Z15: =IF(R15+U15=2,3,IF(R15+U15=1,1,0)) -> 0 | AA15: =IF(Z15=3,3,IF(X15+Z15=2,2,IF(Z15=1,1,0))) -> 0 | AB15: =Q15+T15 -> 0 | AC15: =R15+U15+X15 -> 0 | AE15: ='Players - Ladies'!B24 -> Francesca Mamo | AF15: =Y27+J17+J15+Y23 -> 4 | AG15: =AA27+L17+L15+AA23 -> 8 | AH15: =AB27+M17+M15+AB23 -> 42 | AI15: =AC27+N17+N15+AC23 -> 6
A17: =AE15 -> Francesca Mamo | B17: 7 | C17: =IF(B17>B19,1,0) -> 1 | E17: 3 | F17: =IF(E17>E19,1,0) -> 0 | H17: 10 | I17: =IF(H17>H19,1,0) -> 1 | J17: =IF(B17="",0,1) -> 1 | K17: =IF(C17+F17=2,3,IF(C17+F17=1,1,0)) -> 1 | L17: =IF(K17=3,3,IF(I17+K17=2,2,IF(K17=1,1,0))) -> 2 | M17: =B17+E17 -> 10 | N17: =C17+F17+I17 -> 2 | P17: =AE11 -> Janice Galea | Q17: 6 | R17: =IF(Q17>Q19,1,0) -> 1 | T17: 6 | U17: =IF(T17>T19,1,0) -> 1 | X17: =IF(W17>W19,1,0) -> 0 | Y17: =IF(Q17="",0,1) -> 1 | Z17: =IF(R17+U17=2,3,IF(R17+U17=1,1,0)) -> 3 | AA17: =IF(Z17=3,3,IF(X17+Z17=2,2,IF(Z17=1,1,0))) -> 3 | AB17: =Q17+T17 -> 12 | AC17: =R17+U17+X17 -> 2 | AE17: ='Players - Ladies'!B25 -> Karolina Papiernik | AF17: =J19+J23+Y15+J27 -> 3 | AG17: =L19+L23+AA15+L27 -> 5 | AH17: =M19+M23+AB15+M27 -> 33 | AI17: =N19+N23+AC15+N27 -> 4
A18: vs. | P18: vs.
A19: =AE17 -> Karolina Papiernik | B19: 5 | C19: =IF(B19>B17,1,0) -> 0 | E19: 6 | F19: =IF(E19>E17,1,0) -> 1 | H19: 4 | I19: =IF(H19>H17,1,0) -> 0 | J19: =IF(B19="",0,1) -> 1 | K19: =IF(C19+F19=2,3,IF(C19+F19=1,1,0)) -> 1 | L19: =IF(K19=3,3,IF(I19+K19=2,2,IF(K19=1,1,0))) -> 1 | M19: =B19+E19 -> 11 | N19: =C19+F19+I19 -> 1 | P19: =AE13 -> Roberta Grixti | Q19: 3 | R19: =IF(Q19>Q17,1,0) -> 0 | T19: 1 | U19: =IF(T19>T17,1,0) -> 0 | X19: =IF(W19>W17,1,0) -> 0 | Y19: =IF(Q19="",0,1) -> 1 | Z19: =IF(R19+U19=2,3,IF(R19+U19=1,1,0)) -> 0 | AA19: =IF(Z19=3,3,IF(X19+Z19=2,2,IF(Z19=1,1,0))) -> 0 | AB19: =Q19+T19 -> 4 | AC19: =R19+U19+X19 -> 0 | AE19: Division Winner
A21: =AE11 -> Janice Galea | B21: 6 | C21: =IF(B21>B23,1,0) -> 1 | E21: 3 | F21: =IF(E21>E23,1,0) -> 0 | H21: 13 | I21: =IF(H21>H23,1,0) -> 1 | J21: =IF(B21="",0,1) -> 1 | K21: =IF(C21+F21=2,3,IF(C21+F21=1,1,0)) -> 1 | L21: =IF(K21=3,3,IF(I21+K21=2,2,IF(K21=1,1,0))) -> 2 | M21: =B21+E21 -> 9 | N21: =C21+F21+I21 -> 2 | P21: =AE11 -> Janice Galea | Q21: 6 | R21: =IF(Q21>Q23,1,0) -> 1 | T21: 6 | U21: =IF(T21>T23,1,0) -> 1 | X21: =IF(W21>W23,1,0) -> 0 | Y21: =IF(Q21="",0,1) -> 1 | Z21: =IF(R21+U21=2,3,IF(R21+U21=1,1,0)) -> 3 | AA21: =IF(Z21=3,3,IF(X21+Z21=2,2,IF(Z21=1,1,0))) -> 3 | AB21: =Q21+T21 -> 12 | AC21: =R21+U21+X21 -> 2
A22: vs. | P22: vs. | AE22: Division Runner Up
A23: =AE17 -> Karolina Papiernik | B23: 4 | C23: =IF(B23>B21,1,0) -> 0 | E23: 6 | F23: =IF(E23>E21,1,0) -> 1 | H23: 11 | I23: =IF(H23>H21,1,0) -> 0 | J23: =IF(B23="",0,1) -> 1 | K23: =IF(C23+F23=2,3,IF(C23+F23=1,1,0)) -> 1 | L23: =IF(K23=3,3,IF(I23+K23=2,2,IF(K23=1,1,0))) -> 1 | M23: =B23+E23 -> 10 | N23: =C23+F23+I23 -> 1 | P23: =AE15 -> Francesca Mamo | Q23: 4 | R23: =IF(Q23>Q21,1,0) -> 0 | T23: 4 | U23: =IF(T23>T21,1,0) -> 0 | X23: =IF(W23>W21,1,0) -> 0 | Y23: =IF(Q23="",0,1) -> 1 | Z23: =IF(R23+U23=2,3,IF(R23+U23=1,1,0)) -> 0 | AA23: =IF(Z23=3,3,IF(X23+Z23=2,2,IF(Z23=1,1,0))) -> 0 | AB23: =Q23+T23 -> 8 | AC23: =R23+U23+X23 -> 0
A25: =AE13 -> Roberta Grixti | B25: 2 | C25: =IF(B25>B27,1,0) -> 0 | E25: 2 | F25: =IF(E25>E27,1,0) -> 0 | I25: =IF(H25>H27,1,0) -> 0 | J25: =IF(B25="",0,1) -> 1 | K25: =IF(C25+F25=2,3,IF(C25+F25=1,1,0)) -> 0 | L25: =IF(K25=3,3,IF(I25+K25=2,2,IF(K25=1,1,0))) -> 0 | M25: =B25+E25 -> 4 | N25: =C25+F25+I25 -> 0 | P25: =AE13 -> Roberta Grixti | Q25: 2 | R25: =IF(Q25>Q27,1,0) -> 0 | T25: 2 | U25: =IF(T25>T27,1,0) -> 0 | X25: =IF(W25>W27,1,0) -> 0 | Y25: =IF(Q25="",0,1) -> 1 | Z25: =IF(R25+U25=2,3,IF(R25+U25=1,1,0)) -> 0 | AA25: =IF(Z25=3,3,IF(X25+Z25=2,2,IF(Z25=1,1,0))) -> 0 | AB25: =Q25+T25 -> 4 | AC25: =R25+U25+X25 -> 0
A26: vs. | P26: vs.
A27: =AE17 -> Karolina Papiernik | B27: 6 | C27: =IF(B27>B25,1,0) -> 1 | E27: 6 | F27: =IF(E27>E25,1,0) -> 1 | I27: =IF(H27>H25,1,0) -> 0 | J27: =IF(B27="",0,1) -> 1 | K27: =IF(C27+F27=2,3,IF(C27+F27=1,1,0)) -> 3 | L27: =IF(K27=3,3,IF(I27+K27=2,2,IF(K27=1,1,0))) -> 3 | M27: =B27+E27 -> 12 | N27: =C27+F27+I27 -> 2 | P27: =AE15 -> Francesca Mamo | Q27: 6 | R27: =IF(Q27>Q25,1,0) -> 1 | T27: 6 | U27: =IF(T27>T25,1,0) -> 1 | X27: =IF(W27>W25,1,0) -> 0 | Y27: =IF(Q27="",0,1) -> 1 | Z27: =IF(R27+U27=2,3,IF(R27+U27=1,1,0)) -> 3 | AA27: =IF(Z27=3,3,IF(X27+Z27=2,2,IF(Z27=1,1,0))) -> 3 | AB27: =Q27+T27 -> 12 | AC27: =R27+U27+X27 -> 2
