Workbook

Sheet Team Selection
A1: VITTORIOSA LAWN TENNIS CLUB
A2: SAN MICHEL TEAM TOURNAMENT - 2026
B4: TEAM A | C4: TEAM B | D4: TEAM C | E4: TEAM D | F4: TEAM E | G4: TEAM F
A5: CAPTAIN | B5: Christine Scerri | C5: Cory Greenland | D5: Jean Paul Sciberras | E5: Juan Sammut | F5: Roberto Murdocco | G5: Diane Fenech
A6: MEN
A7: A1 | B7: Clayton Zammit Cesare | C7: Gareth Magri | D7: Matthew Pace | E7: Duncan D'Alessandro | F7: Trevor Rutter | G7: Kurt Carabott
A8: A2 | B8: Andrew Pule' | C8: Fotios Evangelou | D8: Manuel Bonello | E8: Jesmond Pule' | F8: Marco Mercieca | G8: Jean Attard
A9: A3 | B9: Jonathan Martinelli | C9: Javier Viloria | D9: Peter Khiev | E9: David Mifsud | F9: Ivan Cachia | G9: Andrew Spiteri Willets
A11: B1 | B11: Cyril Lastimosa | C11: Kristen Cachia | D11: Jonathan Vella | E11: David Schembri | F11: Emman Xuereb | G11: Sergey Kasatkin
A12: B2 | B12: Clint Agius | C12: Ivan Cassar | D12: Willlem Steenkamer | E12: George Grech | F12: Luke Genuis | G12: Richard Curmi
A13: B3 | B13: Sandro Pecorella | C13: Tobias Kristensen | D13: Jean Paul Vella | E13: Jurgen Farrugia | F13: Roberto Murdocco | G13: Steve Gambin
A15: C1 | B15: Alain Frendo | C15: Kenneth Farrugia | D15: Matthew Schembri | E15: Etienne Formosa Carabez | F15: Max Anastasi | G15: Julian Esposito
A16: C2 | B16: Charles Sacco | C16: Manuel Mifsud | D16: Jason Lee Evans | E16: Juan Sammut | F16: Jordan Lastimosa | G16: Simone Re
A17: C3 | B17: Redent Scicluna | C17: Cory Greenland | D17: Jean Paul Sciberras | E17: Sam Micallef | F17: Aaron Micallef Piccone | G17: Dunstan Vella
A19: D1 | B19: Daniele Privitera | C19: David Camilleri | D19: Kenneth Caruana | E19: Joseph Randich | F19: Matthias Cremona | G19: Ryan Ebejer
A20: D2 | B20: Antoine Bugeja | C20: Matthew Napier | D20: Kevin Sciberras | E20: Clifford Debono | F20: Braydon Galea | G20: Clinton Cutajar
A21: D3 | B21: Dorian Demanuele | C21: Mario Abdilla | D21: Alberto Bafumi | E21: Owen Farrugia | F21: Oliver Brincat | G21: Robert Attard
A23: LADIES
A24: A1 | B24: Amanda Falzon | C24: Christine Schembri | D24: Alexia Spiteri Willets | E24: Leanne Vassallo | F24: AnnMarie Mangion | G24: Renette Magro
A25: A2 | B25: Kirsty Mercieca | C25: Kaya Sammut | D25: Lucienne Meli | E25: Alison Muscat | F25: Elaine Grech | G25: Christina Bonett
A26: A3 | B26: Yanika Pace | C26: Kelsey Gauci | D26: Olivia Belli | E26: Louise Qi | F26: Mae Jane Manzanares | G26: Anthea Gauci
A28: B1 | B28: Silvana Portelli | C28: Andrea Magaldi | D28: Kristina Briffa | E28: Anabel Borg | F28: Dorianne Buhagiar | G28: Maria Angela Gambin
A29: B2 | B29: Deborah Farrugia | C29: Giada Sciberras | D29: Brenda Baldacchino | E29: Sue Stevenson | F29: Nancy Wong | G29: Ann-Marie Attard
A30: B3 | B30: Tiffany Fenech | C30: Sabrina Xuereb | D30: Jade Sammut | E30: Sarah Axiaq | F30: Mariska Steenkamer | G30: Romina Gauci
A32: C1 | B32: Janice Galea | C32: Karolina Papiernik | D32: Francesca Mamo | E32: Frances Saliba Hersey | F32: Leanne Sammut | G32: Tiziana Spiteri
A33: C2 | B33: Josette Cassar | C33: Alida Borg | D33: Jodie Stivala | E33: Jennifer Roca | F33: Maria Ellul | G33: Daphne Vella
A34: C3 | B34: Christine Scerri | C34: Christabel Chetcuti | D34: Brenda Bugeja | E34: Mary Borg | F34: Roberta Grixti | G34: Kim Bonello

Sheet Encounters Played
B1: VITTORIOSA LAWN TENNIS CLUB
B2: SAN MICHEL TEAM TOURNAMENT - 2026
A5: A | B5: Christine Scerri | C5: Day 1 | D5: Day 2 | E5: Day 3 | F5: Day 4 | G5: Day 5 | H5: Day 6 | I5: Day 7 | J5: Day 8 | K5: Day 9 | L5: Day 10 | M5: TOTAL
A6: A1 | B6: Clayton Zammit Cesare | C6: 1 | D6: 1 | E6: 1 | G6: 1 | H6: 1 | I6: 1 | K6: 1 | L6: 1 | M6: =SUM(C6:L6) -> 8
A7: A2 | B7: Andrew Pule' | C7: 1 | E7: 1 | F7: 1 | H7: 1 | J7: 1 | K7: 1 | M7: =SUM(C7:L7) -> 6
A8: A3 | B8: Jonathan Martinelli | D8: 1 | F8: 1 | G8: 1 | I8: 1 | J8: 1 | L8: 1 | M8: =SUM(C8:L8) -> 6
A9: B1 | B9: Cyril Lastimosa | C9: 1 | D9: 1 | E9: 1 | F9: 1 | G9: 1 | H9: 1 | K9: 1 | L9: 1 | M9: =SUM(C9:L9) -> 8
A10: B2 | B10: Clint Agius | C10: 1 | E10: 1 | F10: 1 | H10: 1 | I10: 1 | J10: 1 | M10: =SUM(C10:L10) -> 6
A11: B3 | B11: Sandro Pecorella | D11: 1 | G11: 1 | I11: 1 | J11: 1 | K11: 1 | L11: 1 | M11: =SUM(C11:L11) -> 6
A12: C1 | B12: Alain Frendo | C12: 1 | D12: 1 | F12: 1 | G12: 1 | H12: 1 | I12: 1 | J12: 1 | L12: 1 | M12: =SUM(C12:L12) -> 8
A13: C2 | B13: Charles Sacco | C13: 1 | E13: 1 | F13: 1 | G13: 1 | I13: 1 | K13: 1 | M13: =SUM(C13:L13) -> 6
A14: C3 | B14: Redent Scicluna | D14: 1 | E14: 1 | H14: 1 | J14: 1 | K14: 1 | L14: 1 | M14: =SUM(C14:L14) -> 6
A15: D1 | B15: Daniele Privitera | D15: 1 | F15: 1 | G15: 1 | H15: 1 | I15: 1 | J15: 1 | L15: 1 | M15: =SUM(C15:L15) -> 7
A16: D2 | B16: Antoine Bugeja | C16: 1 | E16: 1 | F16: 1 | H16: 1 | J16: 1 | K16: 1 | L16: 1 | M16: =SUM(C16:L16) -> 7
A17: D3 | B17: Dorian Demanuele | C17: 1 | D17: 1 | E17: 1 | G17: 1 | I17: 1 | K17: 1 | M17: =SUM(C17:L17) -> 6
A18: A1 | B18: Amanda Falzon | D18: 1 | E18: 1 | F18: 1 | G18: 1 | H18: 1 | I18: 1 | K18: 1 | L18: 1 | M18: =SUM(C18:L18) -> 8
A19: A2 | B19: Kirsty Mercieca | C19: 1 | D19: 1 | F19: 1 | H19: 1 | J19: 1 | L19: 1 | M19: =SUM(C19:L19) -> 6
A20: A3 | B20: Yanika Pace | C20: 1 | E20: 1 | G20: 1 | I20: 1 | J20: 1 | K20: 1 | M20: =SUM(C20:L20) -> 6
A21: B1 | B21: Silvana Portelli | C21: 1 | D21: 1 | F21: 1 | G21: 1 | H21: 1 | J21: 1 | K21: 1 | L21: 1 | M21: =SUM(C21:L21) -> 8
A22: B2 | B22: Deborah Farrugia | C22: 1 | E22: 1 | H22: 1 | I22: 1 | K22: 1 | L22: 1 | M22: =SUM(C22:L22) -> 6
A23: B3 | B23: Tiffany Fenech | D23: 1 | E23: 1 | F23: 1 | G23: 1 | I23: 1 | J23: 1 | M23: =SUM(C23:L23) -> 6
A24: C1 | B24: Janice Galea | C24: 1 | D24: 1 | F24: 1 | G24: 1 | H24: 1 | L24: 1 | M24: =SUM(C24:L24) -> 6
A25: C2 | B25: Josette Cassar | C25: 1 | E25: 1 | F25: 1 | I25: 1 | J25: 1 | K25: 1 | M25: =SUM(C25:L25) -> 6
A26: C3 | B26: Christine Scerri | D26: 1 | E26: 1 | G26: 1 | H26: 1 | I26: 1 | J26: 1 | K26: 1 | L26: 1 | M26: =SUM(C26:L26) -> 8
A28: B | B28: Cory Greenland | C28: Day 1 | D28: Day 2 | E28: Day 3 | F28: Day 4 | G28: Day 5 | H28: Day 6 | I28: Day 7 | J28: Day 8 | K28: Day 9 | L28: Day 10 | M28: TOTAL
A29: A1 | B29: Gareth Magri | C29: 1 | E29: 1 | F29: 1 | G29: 1 | H29: 1 | I29: 1 | J29: 1 | K29: 1 | M29: =SUM(C29:L29) -> 8
A30: A2 | B30: Fotios Evangelou | C30: 1 | D30: 1 | F30: 1 | G30: 1 | I30: 1 | L30: 1 | M30: =SUM(C30:L30) -> 6
A31: A3 | B31: Javier Viloria | D31: 1 | E31: 1 | H31: 1 | J31: 1 | K31: 1 | L31: 1 | M31: =SUM(C31:L31) -> 6
A32: B1 | B32: Kristen Cachia | D32: 1 | E32: 1 | G32: 1 | H32: 1 | I32: 1 | J32: 1 | K32: 1 | L32: 1 | M32: =SUM(C32:L32) -> 8
A33: B2 | B33: Ivan Cassar | C33: 1 | D33: 1 | F33: 1 | G33: 1 | J33: 1 | L33: 1 | M33: =SUM(C33:L33) -> 6
A34: B3 | B34: Tobias Kristensen | C34: 1 | E34: 1 | F34: 1 | H34: 1 | I34: 1 | K34: 1 | M34: =SUM(C34:L34) -> 6
A35: C1 | B35: Kenneth Farrugia | C35: 1 | E35: 1 | F35: 1 | G35: 1 | H35: 1 | I35: 1 | J35: 1 | K35: 1 | M35: =SUM(C35:L35) -> 8
A36: C2 | B36: Manuel Mifsud | C36: 1 | D36: 1 | E36: 1 | H36: 1 | J36: 1 | L36: 1 | M36: =SUM(C36:L36) -> 6
A37: C3 | B37: Cory Greenland | D37: 1 | F37: 1 | G37: 1 | I37: 1 | K37: 1 | L37: 1 | M37: =SUM(C37:L37) -> 6
A38: D1 | B38: David Camilleri | C38: 1 | E38: 1 | F38: 1 | G38: 1 | H38: 1 | I38: 1 | J38: 1 | L38: 1 | M38: =SUM(C38:L38) -> 8
A39: D2 | B39: Matthew Napier | C39: 1 | D39: 1 | F39: 1 | H39: 1 | K39: 1 | L39: 1 | M39: =SUM(C39:L39) -> 6
A40: D3 | B40: Mario Abdilla | D40: 1 | E40: 1 | G40: 1 | I40: 1 | J40: 1 | K40: 1 | M40: =SUM(C40:L40) -> 6
A41: A1 | B41: Christine Schembri | D41: 1 | E41: 1 | F41: 1 | G41: 1 | H41: 1 | I41: 1 | J41: 1 | L41: 1 | M41: =SUM(C41:L41) -> 8
A42: A2 | B42: Kaya Sammut | C42: 1 | E42: 1 | G42: 1 | I42: 1 | J42: 1 | K42: 1 | M42: =SUM(C42:L42) -> 6
A43: A3 | B43: Kelsey Gauci | C43: 1 | D43: 1 | F43: 1 | H43: 1 | K43: 1 | L43: 1 | M43: =SUM(C43:L43) -> 6
A44: B1 | B44: Andrea Magaldi | C44: 1 | D44: 1 | F44: 1 | H44: 1 | I44: 1 | J44: 1 | K44: 1 | L44: 1 | M44: =SUM(C44:L44) -> 8
A45: B2 | B45: Giada Sciberras | D45: 1 | E45: 1 | F45: 1 | G45: 1 | I45: 1 | K45: 1 | M45: =SUM(C45:L45) -> 6
A46: B3 | B46: Sabrina Xuereb | C46: 1 | E46: 1 | G46: 1 | H46: 1 | J46: 1 | L46: 1 | M46: =SUM(C46:L46) -> 6
A47: C1 | B47: Karolina Papiernik | C47: 1 | E47: 1 | F47: 1 | G47: 1 | H47: 1 | I47: 1 | J47: 1 | L47: 1 | M47: =SUM(C47:L47) -> 8
A48: C2 | B48: Alida Borg | C48: 1 | D48: 1 | F48: 1 | H48: 1 | K48: 1 | L48: 1 | M48: =SUM(C48:L48) -> 6
A49: C3 | B49: Christabel Chetcuti | D49: 1 | E49: 1 | G49: 1 | I49: 1 | J49: 1 | K49: 1 | M49: =SUM(C49:L49) -> 6
A51: C | B51: Jean Paul Sciberras | C51: Day 1 | D51: Day 2 | E51: Day 3 | F51: Day 4 | G51: Day 5 | H51: Day 6 | I51: Day 7 | J51: Day 8 | K51: Day 9 | L51: Day 10 | M51: TOTAL
A52: A1 | B52: Matthew Pace | D52: 1 | F52: 1 | G52: 1 | H52: 1 | I52: 1 | J52: 1 | K52: 1 | L52: 1 | M52: =SUM(C52:L52) -> 8
A53: A2 | B53: Manuel Bonello | C53: 1 | D53: 1 | E53: 1 | G53: 1 | J53: 1 | L53: 1 | M53: =SUM(C53:L53) -> 6
A54: A3 | B54: Peter Khiev | C54: 1 | E54: 1 | F54: 1 | H54: 1 | I54: 1 | K54: 1 | M54: =SUM(C54:L54) -> 6
A55: B1 | B55: Jonathan Vella | C55: 1 | D55: 1 | E55: 1 | I55: 1 | J55: 1 | K55: 1 | L55: 1 | M55: =SUM(C55:L55) -> 7
A56: B2 | B56: Willem Steenkamer | D56: 1 | F56: 1 | G56: 1 | H56: 1 | I56: 1 | J56: 1 | K56: 1 | M56: =SUM(C56:L56) -> 7
A57: B3 | B57: Jean Paul Vella | C57: 1 | E57: 1 | F57: 1 | G57: 1 | H57: 1 | L57: 1 | M57: =SUM(C57:L57) -> 6
A58: C1 | B58: Matthew Schembri | C58: 1 | D58: 1 | E58: 1 | G58: 1 | H58: 1 | I58: 1 | J58: 1 | L58: 1 | M58: =SUM(C58:L58) -> 8
A59: C2 | B59: Jason Lee Evans | C59: 1 | F59: 1 | G59: 1 | I59: 1 | K59: 1 | L59: 1 | M59: =SUM(C59:L59) -> 6
A60: C3 | B60: Jean Paul Sciberras | D60: 1 | E60: 1 | F60: 1 | H60: 1 | J60: 1 | K60: 1 | M60: =SUM(C60:L60) -> 6
A61: D1 | B61: Kenneth Caruana | C61: 1 | D61: 1 | G61: 1 | H61: 1 | I61: 1 | K61: 1 | L61: 1 | M61: =SUM(C61:L61) -> 7
A62: D2 | B62: Kevin Sciberras | C62: 1 | D62: 1 | E62: 1 | F62: 1 | I62: 1 | J62: 1 | L62: 1 | M62: =SUM(C62:L62) -> 7
A63: D3 | B63: Alberto Bafumi | E63: 1 | F63: 1 | G63: 1 | H63: 1 | J63: 1 | K63: 1 | M63: =SUM(C63:L63) -> 6
A64: A1 | B64: Alexia Spiteri Willets | C64: 1 | D64: 1 | E64: 1 | F64: 1 | H64: 1 | I64: 1 | J64: 1 | L64: 1 | M64: =SUM(C64:L64) -> 8
A65: A2 | B65: Lucienne Meli | C65: 1 | E65: 1 | G65: 1 | I65: 1 | K65: 1 | L65: 1 | M65: =SUM(C65:L65) -> 6
A66: A3 | B66: Olivia Belli | D66: 1 | F66: 1 | G66: 1 | H66: 1 | J66: 1 | K66: 1 | M66: =SUM(C66:L66) -> 6
A67: B1 | B67: Kristina Briffa | C67: 1 | D67: 1 | E67: 1 | G67: 1 | I67: 1 | J67: 1 | K67: 1 | L67: 1 | M67: =SUM(C67:L67) -> 8
A68: B2 | B68: Brenda Baldacchino | C68: 1 | F68: 1 | G68: 1 | H68: 1 | J68: 1 | K68: 1 | M68: =SUM(C68:L68) -> 6
A69: B3 | B69: Jade Sammut | D69: 1 | E69: 1 | F69: 1 | H69: 1 | I69: 1 | L69: 1 | M69: =SUM(C69:L69) -> 6
A70: C1 | B70: Francesca Mamo | C70: 1 | E70: 1 | F70: 1 | G70: 1 | H70: 1 | I70: 1 | J70: 1 | L70: 1 | M70: =SUM(C70:L70) -> 8
A71: C2 | B71: Jodie Stivala | C71: 1 | D71: 1 | F71: 1 | H71: 1 | J71: 1 | K71: 1 | M71: =SUM(C71:L71) -> 6
A72: C3 | B72: Brenda Bugeja | D72: 1 | E72: 1 | G72: 1 | I72: 1 | K72: 1 | L72: 1 | M72: =SUM(C72:L72) -> 6
A74: D | B74: Juan Sammut | C74: Day 1 | D74: Day 2 | E74: Day 3 | F74: Day 4 | G74: Day 5 | H74: Day 6 | I74: Day 7 | J74: Day 8 | K74: Day 9 | L74: Day 10 | M74: TOTAL
A75: A1 | B75: Duncan D'Alessandro | C75: 1 | E75: 1 | F75: 1 | G75: 1 | I75: 1 | J75: 1 | K75: 1 | L75: 1 | M75: =SUM(C75:L75) -> 8
A76: A2 | B76: Jesmond Pule' | D76: 1 | E76: 1 | H76: 1 | I76: 1 | J76: 1 | K76: 1 | M76: =SUM(C76:L76) -> 6
A77: A3 | B77: David Mifsud | C77: 1 | D77: 1 | F77: 1 | G77: 1 | H77: 1 | L77: 1 | M77: =SUM(C77:L77) -> 6
A78: B1 | B78: David Schembri | C78: 1 | E78: 1 | F78: 1 | G78: 1 | I78: 1 | J78: 1 | K78: 1 | L78: 1 | M78: =SUM(C78:L78) -> 8
A79: B2 | B79: George Grech | C79: 1 | D79: 1 | F79: 1 | H79: 1 | I79: 1 | K79: 1 | M79: =SUM(C79:L79) -> 6
A80: B3 | B80: Jurgen Farrugia | D80: 1 | E80: 1 | G80: 1 | H80: 1 | J80: 1 | L80: 1 | M80: =SUM(C80:L80) -> 6
A81: C1 | B81: Etienne Formosa Carabez | C81: 1 | D81: 1 | E81: 1 | F81: 1 | I81: 1 | J81: 1 | K81: 1 | L81: 1 | M81: =SUM(C81:L81) -> 8
A82: C2 | B82: Juan Sammut | D82: 1 | F82: 1 | G82: 1 | H82: 1 | I82: 1 | K82: 1 | M82: =SUM(C82:L82) -> 6
A83: C3 | B83: Sam Micallef | C83: 1 | E83: 1 | G83: 1 | H83: 1 | J83: 1 | L83: 1 | M83: =SUM(C83:L83) -> 6
A84: D1 | B84: Joseph Randich | C84: 1 | D84: 1 | F84: 1 | H84: 1 | I84: 1 | J84: 1 | K84: 1 | L84: 1 | M84: =SUM(C84:L84) -> 8
A85: D2 | B85: Clifford Debono | C85: 1 | D85: 1 | E85: 1 | G85: 1 | I85: 1 | K85: 1 | M85: =SUM(C85:L85) -> 6
A86: D3 | B86: Owen Scicluna | E86: 1 | F86: 1 | G86: 1 | H86: 1 | J86: 1 | L86: 1 | M86: =SUM(C86:L86) -> 6
A87: A1 | B87: Leanne Vassallo | C87: 1 | D87: 1 | E87: 1 | G87: 1 | H87: 1 | J87: 1 | K87: 1 | L87: 1 | M87: =SUM(C87:L87) -> 8
A88: A2 | B88: Alison Muscat | E88: 1 | F88: 1 | G88: 1 | H88: 1 | I88: 1 | K88: 1 | M88: =SUM(C88:L88) -> 6
A89: A3 | B89: Louise Qi | C89: 1 | D89: 1 | F89: 1 | I89: 1 | J89: 1 | L89: 1 | M89: =SUM(C89:L89) -> 6
A90: B1 | B90: Anabel Borg | C90: 1 | D90: 1 | G90: 1 | H90: 1 | I90: 1 | J90: 1 | K90: 1 | L90: 1 | M90: =SUM(C90:L90) -> 8
A91: B2 | B91: Sue Stevenson | C91: 1 | E91: 1 | F91: 1 | I91: 1 | J91: 1 | K91: 1 | M91: =SUM(C91:L91) -> 6
A92: B3 | B92: Sarah Axiaq | D92: 1 | E92: 1 | F92: 1 | G92: 1 | H92: 1 | L92: 1 | M92: =SUM(C92:L92) -> 6
A93: C1 | B93: Frances Saliba Hersey | C93: 1 | E93: 1 | F93: 1 | H93: 1 | I93: 1 | K93: 1 | L93: 1 | M93: =SUM(C93:L93) -> 7
A94: C2 | B94: Jennifer Roca | C94: 1 | D94: 1 | E94: 1 | G94: 1 | I94: 1 | J94: 1 | L94: 1 | M94: =SUM(C94:L94) -> 7
A95: C3 | B95: Mary Borg | D95: 1 | F95: 1 | G95: 1 | H95: 1 | J95: 1 | K95: 1 | M95: =SUM(C95:L95) -> 6
A97: E | B97: Roberto Murdocco | C97: Day 1 | D97: Day 2 | E97: Day 3 | F97: Day 4 | G97: Day 5 | H97: Day 6 | I97: Day 7 | J97: Day 8 | K97: Day 9 | L97: Day 10 | M97: TOTAL
A98: A1 | B98: Trevor Rutter | C98: 1 | D98: 1 | E98: 1 | F98: 1 | G98: 1 | H98: 1 | L98: 1 | M98: =SUM(C98:L98) -> 7
A99: A2 | B99: Marco Mercieca | C99: 1 | E99: 1 | H99: 1 | I99: 1 | J99: 1 | K99: 1 | L99: 1 | M99: =SUM(C99:L99) -> 7
A100: A3 | B100: Ivan Cachia | D100: 1 | F100: 1 | G100: 1 | I100: 1 | J100: 1 | K100: 1 | M100: =SUM(C100:L100) -> 6
A101: B1 | B101: Emman Xuereb | D101: 1 | F101: 1 | G101: 1 | H101: 1 | I101: 1 | J101: 1 | L101: 1 | M101: =SUM(C101:L101) -> 7
A102: B2 | B102: Luke Genuis | C102: 1 | E102: 1 | F102: 1 | G102: 1 | I102: 1 | K102: 1 | L102: 1 | M102: =SUM(C102:L102) -> 7
A103: B3 | B103: Roberto Murdocco | C103: 1 | D103: 1 | E103: 1 | H103: 1 | J103: 1 | K103: 1 | M103: =SUM(C103:L103) -> 6
A104: C1 | B104: Max Anastasi | C104: 1 | E104: 1 | G104: 1 | I104: 1 | J104: 1 | K104: 1 | L104: 1 | M104: =SUM(C104:L104) -> 7
A105: C2 | B105: Jordan Lastimosa | D105: 1 | F105: 1 | G105: 1 | H105: 1 | I105: 1 | J105: 1 | M105: =SUM(C105:L105) -> 6
A106: C3 | B106: Aaron Micallef Piccione | C106: 1 | D106: 1 | E106: 1 | F106: 1 | H106: 1 | K106: 1 | L106: 1 | M106: =SUM(C106:L106) -> 7
...

Sheet Standings
B1: VITTORIOSA LAWN TENNIS CLUB
B2: SAN MICHEL TEAM TOURNAMENT - 2026
C7: ROUND 1
D9: Day 1 | F9: Total Day 1 | I9: Day 2 | K9: Total Day 2 | N9: Day 3 | P9: Total Day 3 | S9: Day 4 | U9: Total Day 4 | X9: Day 5 | Z9: Total Day 5 | AC9: Total Round 1
D10: G | E10: S | F10: G | G10: S | I10: G | J10: S | K10: G | L10: S | N10: G | O10: S | P10: G | Q10: S | S10: G | T10: S | U10: G | V10: S | X10: G | Y10: S | Z10: G | AA10: S | AC10: G | AD10: S
B12: TEAM A: Christine Scerri | C12: Fri | D12: ='Day 1'!J25 -> 40 | E12: ='Day 1'!L25 -> 4 | F12: =D12+D13 -> 66 | G12: =SUM(E12+E13) -> 5 | I12: ='Day 2 '!J60 -> 47 | J12: ='Day 2 '!L60 -> 7 | K12: =I12+I13 -> 67 | L12: =J12+J13 -> 8 | N12: ='Day 3'!J95 -> 25 | O12: ='Day 3'!L95 -> 3 | P12: =N12+N13 -> 60 | Q12: =O12+O13 -> 5 | S12: ='Day 4'!J95 -> 30 | T12: ='Day 4'!L95 -> 2 | U12: =S12+S13 -> 49 | V12: =T12+T13 -> 3 | X12: ='Day 5'!J25 -> 37 | Y12: ='Day 5'!L25 -> 6 | Z12: =X12+X13 -> 76 | AA12: =Y12+Y13 -> 9 | AC12: =D12+D13+I12+I13+N12+N13+S12+S13+X12+X13 -> 318 | AD12: =SUM(G12+G13+L12+L13+Q12+Q13+V12+V13+AA12+AA13) -> 30
C13: Sat | D13: ='Day 1'!J40 -> 26 | E13: ='Day 1'!L40 -> 1 | I13: ='Day 2 '!J75 -> 20 | J13: ='Day 2 '!L75 -> 1 | N13: ='Day 3'!J110 -> 35 | O13: ='Day 3'!L110 -> 2 | S13: ='Day 4'!J110 -> 19 | T13: ='Day 4'!L110 -> 1 | X13: ='Day 5'!J40 -> 39 | Y13: ='Day 5'!L40 -> 3
B15: TEAM B: Cory Greenland | C15: Fri | D15: ='Day 1'!J95 -> 36 | E15: ='Day 1'!L95 -> 5 | F15: =SUM(D15+D16) -> 68 | G15: =SUM(E15:E16) -> 7 | I15: ='Day 2 '!J25 -> 42 | J15: ='Day 2 '!L25 -> 4 | K15: =SUM(I15+I16) -> 68 | L15: =SUM(J15+J16) -> 6 | N15: ='Day 3'!K60 -> 41 | O15: ='Day 3'!M60 -> 3 | P15: =SUM(N15+N16) -> 73 | Q15: =SUM(O15+O16) -> 7 | S15: ='Day 4'!K95 -> 41 | T15: ='Day 4'!M95 -> 6 | U15: =SUM(S15+S16) -> 75 | V15: =T15+T16 -> 11 | X15: ='Day 5'!J60 -> 41 | Y15: ='Day 5'!L60 -> 5 | Z15: =SUM(X15+X16) -> 70 | AA15: =SUM(Y15+Y16) -> 8 | AC15: =D15+D16+I15+I16+N15+N16+S15+S16+X15+X16 -> 354 | AD15: =SUM(G15+G16+L15+L16+Q15+Q16+V15+V16+AA15+AA16) -> 39
C16: Sat | D16: ='Day 1'!J110 -> 32 | E16: ='Day 1'!L110 -> 2 | I16: ='Day 2 '!J40 -> 26 | J16: ='Day 2 '!L40 -> 2 | N16: ='Day 3'!K75 -> 32 | O16: ='Day 3'!M75 -> 4 | S16: ='Day 4'!K110 -> 34 | T16: ='Day 4'!M110 -> 5 | X16: ='Day 5'!J75 -> 29 | Y16: ='Day 5'!L75 -> 3
B18: TEAM C: Jean Paul Sciberras | C18: Fri | D18: ='Day 1'!K25 -> 33 | E18: ='Day 1'!M25 -> 4 | F18: =D18+D19 -> 69 | G18: =E18+E19 -> 9 | I18: ='Day 2 '!J95 -> 46 | J18: ='Day 2 '!L95 -> 6 | K18: =I18+I19 -> 69 | L18: =J18+J19 -> 8 | N18: ='Day 3'!J25 -> 34 | O18: ='Day 3'!L25 -> 2 | P18: =N18+N19 -> 53 | Q18: =O18+O19 -> 3 | S18: ='Day 4'!J60 -> 31 | T18: ='Day 4'!L60 -> 4 | U18: =S18+S19 -> 53 | V18: =T18+T19 -> 6 | X18: ='Day 5'!K60 -> 31 | Y18: ='Day 5'!M60 -> 3 | Z18: =X18+X19 -> 59 | AA18: =SUM(Y18+Y19) -> 6 | AC18: =D18+D19+I18+I19+N18+N19+S18+S19+X18+X19 -> 303 | AD18: =SUM(E18+E19+J18+J19+O18+O19+T18+T19+Y18+Y19) -> 32
C19: Sat | D19: ='Day 1'!K40 -> 36 | E19: ='Day 1'!M40 -> 5 | I19: ='Day 2 '!J110 -> 23 | J19: ='Day 2 '!L110 -> 2 | N19: ='Day 3'!J40 -> 19 | O19: ='Day 3'!L40 -> 1 | S19: ='Day 4'!J75 -> 22 | T19: ='Day 4'!L75 -> 2 | X19: ='Day 5'!K75 -> 28 | Y19: ='Day 5'!M75 -> 3
B21: TEAM D: Juan Sammut | C21: Fri | D21: ='Day 1'!J60 -> 26 | E21: ='Day 1'!L60 -> 1 | F21: =D21+D22 -> 52 | G21: =SUM(E21+E22) -> 4 | I21: ='Day 2 '!K95 -> 28 | J21: ='Day 2 '!M95 -> 2 | K21: =I21+I22 -> 56 | L21: =J21+J22 -> 6 | N21: ='Day 3'!J60 -> 43 | O21: ='Day 3'!L60 -> 5 | P21: =N21+N22 -> 68 | Q21: =O21+O22 -> 7 | S21: ='Day 4'!J25 -> 35 | T21: ='Day 4'!L25 -> 4 | U21: =S21+S22 -> 72 | V21: =T21+T22 -> 9 | X21: ='Day 5'!K25 -> 13 | Y21: ='Day 5'!M25 -> 0 | Z21: =X21+X22 -> 55 | AA21: =SUM(Y21+Y22) -> 5 | AC21: =D21+D22+I21+I22+N21+N22+S21+S22+X21+X22 -> 303 | AD21: =SUM(E21+E22+J21+J22+O21+O22+T21+T22+Y21+Y22) -> 31
C22: Sat | D22: ='Day 1'!J75 -> 26 | E22: ='Day 1'!L75 -> 3 | I22: ='Day 2 '!K110 -> 28 | J22: ='Day 2 '!M110 -> 4 | N22: ='Day 3'!J75 -> 25 | O22: ='Day 3'!L75 -> 2 | S22: ='Day 4'!J40 -> 37 | T22: ='Day 4'!L40 -> 5 | X22: ='Day 5'!K40 -> 42 | Y22: ='Day 5'!M40 -> 5
B24: TEAM E: Roberto Murdocco | C24: Fri | D24: ='Day 1'!K60 -> 45 | E24: ='Day 1'!M60 -> 7 | F24: =D24+D25 -> 72 | G24: =E24+E25 -> 10 | I24: ='Day 2 '!K25 -> 36 | J24: ='Day 2 '!M25 -> 4 | K24: =I24+I25 -> 66 | L24: =J24+J25 -> 8 | N24: ='Day 3'!K95 -> 27 | O24: ='Day 3'!M95 -> 3 | P24: =N24+N25 -> 67 | Q24: =O24+O25 -> 9 | S24: ='Day 4'!K60 -> 35 | T24: ='Day 4'!M60 -> 4 | U24: =S24+S25 -> 68 | V24: =T24+T25 -> 8 | X24: ='Day 5'!J95 -> 40 | Y24: ='Day 5'!L95 -> 4 | Z24: =X24+X25 -> 75 | AA24: =Y24+Y25 -> 9 | AC24: =D24+D25+I24+I25+N24+N25+S24+S25+X24+X25 -> 348 | AD24: =E24+E25+J24+J25+O24+O25+T24+T25+Y24+Y25 -> 44
C25: Sat | D25: ='Day 1'!K75 -> 27 | E25: ='Day 1'!M75 -> 3 | I25: ='Day 2 '!K40 -> 30 | J25: ='Day 2 '!M40 -> 4 | N25: ='Day 3'!K110 -> 40 | O25: ='Day 3'!M110 -> 6 | S25: ='Day 4'!K75 -> 33 | T25: ='Day 4'!M75 -> 4 | X25: ='Day 5'!J110 -> 35 | Y25: ='Day 5'!L110 -> 5
B27: TEAM F: Diane Fenech | C27: Fri | D27: ='Day 1'!K95 -> 25 | E27: ='Day 1'!M95 -> 3 | F27: =D27+D28 -> 59 | G27: =E27+E28 -> 7 | I27: ='Day 2 '!K60 -> 33 | J27: ='Day 2 '!M60 -> 1 | K27: =I27+I28 -> 65 | L27: =J27+J28 -> 6 | N27: ='Day 3'!K25 -> 40 | O27: ='Day 3'!M25 -> 6 | P27: =N27+N28 -> 74 | Q27: =O27+O28 -> 11 | S27: ='Day 4'!K25 -> 26 | T27: ='Day 4'!M25 -> 2 | U27: =S27+S28 -> 57 | V27: =SUM(T27+T28) -> 5 | X27: ='Day 5'!K95 -> 40 | Y27: ='Day 5'!M95 -> 4 | Z27: =X27+X28 -> 67 | AA27: =Y27+Y28 -> 5 | AC27: =D27+D28+I27+I28+N27+N28+S27+S28+X27+X28 -> 322 | AD27: =E27+E28+J27+J28+O27+O28+T27+T28+Y27+Y28 -> 34
C28: Sat | D28: ='Day 1'!K110 -> 34 | E28: ='Day 1'!M110 -> 4 | I28: ='Day 2 '!K75 -> 32 | J28: ='Day 2 '!M75 -> 5 | N28: ='Day 3'!K40 -> 34 | O28: ='Day 3'!M40 -> 5 | S28: ='Day 4'!K40 -> 31 | T28: ='Day 4'!M40 -> 3 | X28: ='Day 5'!K110 -> 27 | Y28: ='Day 5'!M110 -> 1
C31: ROUND 2
D33: Day 6 | F33: Total Day 6 | I33: Day 7 | K33: Total Day 7 | N33: Day 8 | P33: Total Day 8 | S33: Day 9 | U33: Total Day 9 | X33: Day 10 | Z33: Total Day 10 | AC33: Total Rounds 1 & 2
D34: G | E34: S | F34: G | G34: S | I34: G | J34: S | K34: G | L34: S | N34: G | O34: S | P34: G | Q34: S | S34: G | T34: S | U34: G | V34: S | X34: G | Y34: S | Z34: G | AA34: S | AC34: G | AD34: S
B36: TEAM A: Christine Scerri | C36: Fri | D36: ='Day 6'!J25 -> 40 | E36: ='Day 6'!L25 -> 5 | F36: =SUM(D36+D37) -> 77 | G36: =SUM(E36+E37) -> 11 | I36: ='Day 7'!J60 -> 24 | J36: ='Day 7'!L60 -> 3 | K36: =I36+I37 -> 46 | L36: =J36+J37 -> 3 | N36: ='Day 8'!J95 -> 26 | O36: ='Day 8'!L95 -> 2 | P36: =N36+N37 -> 58 | Q36: =O36+O37 -> 4 | S36: =SUM('Day 9'!J95) -> 28 | T36: =SUM('Day 9'!L95) -> 2 | U36: =S36+S37 -> 54 | V36: =T36+T37 -> 5 | X36: =SUM('Day 10'!J25) -> 31 | Y36: =SUM('Day 10'!L25) -> 4 | Z36: =X36+X37 -> 67 | AA36: =Y36+Y37 -> 6 | AC36: =SUM(AC12+AC13+F36+F37+K36+K37+P36+P37+U36+U37+Z36+Z37) -> 620 | AD36: =SUM(AD12+G36+L36+Q36+V36+AA36) -> 59
C37: Sat | D37: ='Day 6'!J40 -> 37 | E37: ='Day 6'!L40 -> 6 | I37: ='Day 7'!J75 -> 22 | J37: ='Day 7'!L75 -> 0 | N37: ='Day 8'!J110 -> 32 | O37: ='Day 8'!L110 -> 2 | S37: =SUM('Day 9'!J110) -> 26 | T37: =SUM('Day 9'!L110) -> 3 | X37: =SUM('Day 10'!J40) -> 36 | Y37: =SUM('Day 10'!L40) -> 2
B39: TEAM B: Cory Greenland | C39: Fri | D39: ='Day 6'!J95 -> 39 | E39: ='Day 6'!L95 -> 4 | F39: =SUM(D39+D40) -> 78 | G39: =SUM(E39+E40) -> 9 | I39: ='Day 7'!J25 -> 37 | J39: ='Day 7'!L25 -> 4 | K39: =I39+I40 -> 72 | L39: =J39+J40 -> 7 | N39: ='Day 8'!K60 -> 36 | O39: ='Day 8'!M60 -> 6 | P39: =N39+N40 -> 81 | Q39: =O39+O40 -> 10 | S39: =SUM('Day 9'!K95) -> 42 | T39: =SUM('Day 9'!M95) -> 6 | U39: =S39+S40 -> 74 | V39: =T39+T40 -> 9 | X39: =SUM('Day 10'!J60) -> 29 | Y39: =SUM('Day 10'!L60) -> 4 | Z39: =X39+X40 -> 66 | AA39: =Y39+Y40 -> 8 | AC39: =SUM(AC15+AC16+F39+F40+K39+K40+P39+P40+U39+U40+Z39+Z40) -> 725 | AD39: =SUM(AD15+G39+L39+Q39+V39+AA39) -> 82
C40: Sat | D40: ='Day 6'!J110 -> 39 | E40: ='Day 6'!L110 -> 5 | I40: ='Day 7'!J40 -> 35 | J40: ='Day 7'!L40 -> 3 | N40: ='Day 8'!K75 -> 45 | O40: ='Day 8'!M75 -> 4 | S40: =SUM('Day 9'!K110) -> 32 | T40: =SUM('Day 9'!M110) -> 3 | X40: =SUM('Day 10'!J75) -> 37 | Y40: =SUM('Day 10'!L75) -> 4
B42: TEAM C: Jean Paul Sciberras | C42: Fri | D42: ='Day 6'!K25 -> 33 | E42: ='Day 6'!M25 -> 3 | F42: =SUM(D42+D43) -> 48 | G42: =SUM(E42+E43) -> 3 | I42: ='Day 7'!J95 -> 32 | J42: ='Day 7'!L95 -> 3 | K42: =I42+I43 -> 78 | L42: =J42+J43 -> 8 | N42: ='Day 8'!J25 -> 46 | O42: ='Day 8'!L25 -> 6 | P42: =N42+N43 -> 74 | Q42: =O42+O43 -> 9 | S42: =SUM('Day 9'!J60) -> 36 | T42: =SUM('Day 9'!L60) -> 5 | U42: =S42+S43 -> 60 | V42: =T42+T43 -> 6 | X42: =SUM('Day 10'!K60) -> 28 | Y42: =SUM('Day 10'!M60) -> 2 | Z42: =X42+X43 -> 62 | AA42: =Y42+Y43 -> 6 | AC42: =SUM(AC18+AC19+F42+F43+K42+K43+P42+P43+U42+U43+Z42+Z43) -> 625 | AD42: =SUM(AD18+G42+L42+Q42+V42+AA42) -> 64
C43: Sat | D43: ='Day 6'!K40 -> 15 | E43: ='Day 6'!M40 -> 0 | I43: ='Day 7'!J110 -> 46 | J43: ='Day 7'!L110 -> 5 | N43: ='Day 8'!J40 -> 28 | O43: ='Day 8'!L40 -> 3 | S43: =SUM('Day 9'!J75) -> 24 | T43: =SUM('Day 9'!L75) -> 1 | X43: =SUM('Day 10'!K75) -> 34 | Y43: =SUM('Day 10'!M75) -> 4
B45: TEAM D: Juan Sammut | C45: Fri | D45: ='Day 6'!J60 -> 17 | E45: ='Day 6'!L60 -> 1 | F45: =SUM(D45+D46) -> 44 | G45: =SUM(E45+E46) -> 3 | I45: ='Day 7'!K95 -> 33 | J45: ='Day 7'!M95 -> 3 | K45: =I45+I46 -> 75 | L45: =J45+J46 -> 6 | N45: ='Day 8'!J60 -> 9 | O45: ='Day 8'!L60 -> 0 | P45: =N45+N46 -> 46 | Q45: =O45+O46 -> 4 | S45: =SUM('Day 9'!J25) -> 29 | T45: =SUM('Day 9'!L25) -> 3 | U45: =S45+S46 -> 55 | V45: =T45+T46 -> 6 | X45: =SUM('Day 10'!K25) -> 27 | Y45: =SUM('Day 10'!M25) -> 2 | Z45: =X45+X46 -> 69 | AA45: =Y45+Y46 -> 8 | AC45: =SUM(AC21+AC22+F45+F46+K45+K46+P45+P46+U45+U46+Z45+Z46) -> 592 | AD45: =SUM(AD21+G45+L45+Q45+V45+AA45) -> 58
C46: Sat | D46: ='Day 6'!J75 -> 27 | E46: ='Day 6'!L75 -> 2 | I46: ='Day 7'!K110 -> 42 | J46: ='Day 7'!M110 -> 3 | N46: ='Day 8'!J75 -> 37 | O46: ='Day 8'!L75 -> 4 | S46: =SUM('Day 9'!J40) -> 26 | T46: =SUM('Day 9'!L40) -> 3 | X46: =SUM('Day 10'!K40) -> 42 | Y46: =SUM('Day 10'!M40) -> 6
B48: TEAM E: Roberto Murdocco | C48: Fri | D48: ='Day 6'!K60 -> 33 | E48: ='Day 6'!M60 -> 5 | F48: =SUM(D48+D49) -> 77 | G48: =SUM(E48+E49) -> 11 | I48: ='Day 7'!K25 -> 29 | J48: ='Day 7'!M25 -> 2 | K48: =I48+I49 -> 65 | L48: =J48+J49 -> 7 | N48: ='Day 8'!K95 -> 31 | O48: ='Day 8'!M95 -> 4 | P48: =N48+N49 -> 77 | Q48: =O48+O49 -> 10 | S48: =SUM('Day 9'!K60) -> 25 | T48: =SUM('Day 9'!M60) -> 1 | U48: =S48+S49 -> 71 | V48: =T48+T49 -> 8 | X48: =SUM('Day 10'!J95) -> 25 | Y48: =SUM('Day 10'!L95) -> 2 | Z48: =X48+X49 -> 60 | AA48: =Y48+Y49 -> 6 | AC48: =SUM(AC24+AC25+F48+F49+K48+K49+P48+P49+U48+U49+Z48+Z49) -> 698 | AD48: =SUM(AD24+G48+L48+Q48+V48+AA48) -> 86
C49: Sat | D49: ='Day 6'!K75 -> 44 | E49: ='Day 6'!M75 -> 6 | I49: ='Day 7'!K40 -> 36 | J49: ='Day 7'!M40 -> 5 | N49: ='Day 8'!K110 -> 46 | O49: ='Day 8'!M110 -> 6 | S49: =SUM('Day 9'!K75) -> 46 | T49: =SUM('Day 9'!M75) -> 7 | X49: =SUM('Day 10'!J110) -> 35 | Y49: =SUM('Day 10'!L110) -> 4
B51: TEAM F: Diane Fenech | C51: Fri | D51: ='Day 6'!K95 -> 42 | E51: ='Day 6'!M95 -> 4 | F51: =SUM(D51+D52) -> 70 | G51: =SUM(E51+E52) -> 5 | I51: ='Day 7'!K60 -> 40 | J51: ='Day 7'!M60 -> 5 | K51: =I51+I52 -> 76 | L51: =J51+J52 -> 11 | N51: ='Day 8'!K25 -> 25 | O51: ='Day 8'!M25 -> 2 | P51: =N51+N52 -> 54 | Q51: =O51+O52 -> 5 | S51: =SUM('Day 9'!K25) -> 32 | T51: =SUM('Day 9'!M25) -> 3 | U51: =S51+S52 -> 72 | V51: =T51+T52 -> 8 | X51: =SUM('Day 10'!K95) -> 33 | Y51: =SUM('Day 10'!M95) -> 4 | Z51: =X51+X52 -> 66 | AA51: =Y51+Y52 -> 8 | AC51: =SUM(AC27+AC28+F51+F52+K51+K52+P51+P52+U51+U52+Z51+Z52) -> 660 | AD51: =SUM(AD27+G51+L51+Q51+V51+AA51) -> 71
C52: Sat | D52: ='Day 6'!K110 -> 28 | E52: ='Day 6'!M110 -> 1 | I52: ='Day 7'!K75 -> 36 | J52: ='Day 7'!M75 -> 6 | N52: ='Day 8'!K40 -> 29 | O52: ='Day 8'!M40 -> 3 | S52: =SUM('Day 9'!K40) -> 40 | T52: =SUM('Day 9'!M40) -> 5 | X52: =SUM('Day 10'!K110) -> 33 | Y52: =SUM('Day 10'!M110) -> 4
Q55: `

Sheet Day 1
C1: SAN MICHEL TEAM TOURNAMENT 2026
C6: DAY 1 - 30/01/2026 - 31/01/2026
C9: Court 1
C11: Time | D11: Rubber | E11: TEAM A: Christine Scerri | G11: vs | H11: TEAM C: Jean Paul Sciberras | J11: Games | L11: Sets
C13: 6.30 pm | D13: Lad A | E13: Kirsty Mercieca | F13: Yanika Pace | G13: vs | H13: Alexia Spiteri Willets | I13: Lucienne Meli | J13: 4 | K13: 6 | L13: =IF(AND(J13>K13,J14>K14),2,IF(J13>K13,1,IF(J14>K14,1,0))) -> 1 | M13: =IF(AND(K13>J13,K14>J14),2,IF(K13>J13,1,IF(K14>J14,1,0))) -> 1
J14: 6 | K14: 3
C16: 7.45 pm | D16: Men C | E16: Alain Frendo | F16: Charles Sacco | G16: vs | H16: Matthew Schembri | I16: Jason Lee Evans | J16: 5 | K16: 7 | L16: =IF(AND(J16>K16,J17>K17),2,IF(J16>K16,1,IF(J17>K17,1,0))) -> 0 | M16: =IF(AND(K16>J16,K17>J17),2,IF(K16>J16,1,IF(K17>J17,1,0))) -> 2
J17: 4 | K17: 6
C19: 9.00 pm | D19: Men A | E19: Clayton Zammit Cesare | F19: Andrew Pule' | G19: vs | H19: Manuel Bonello | I19: Jonathan Vella (pro) Peter Khiev | J19: 6 | K19: 0 | L19: =IF(AND(J19>K19,J20>K20),2,IF(J19>K19,1,IF(J20>K20,1,0))) -> 2 | M19: =IF(AND(K19>J19,K20>J20),2,IF(K19>J19,1,IF(K20>J20,1,0))) -> 0
J20: 6 | K20: 2
C22: 6.30pm | D22: Lad B | E22: Silvana Portelli | F22: Deborah Farrugia | G22: vs | H22: Kristina Briffa | I22: Brenda Baldacchino | J22: 3 | K22: 6 | L22: =IF(AND(J22>K22,J23>K23),2,IF(J22>K22,1,IF(J23>K23,1,0))) -> 1 | M22: =IF(AND(K22>J22,K23>J23),2,IF(K22>J22,1,IF(K23>J23,1,0))) -> 1
J23: 6 | K23: 3
C25: Total Day 1 A | J25: =SUM(J13:J23) -> 40 | K25: =SUM(K13:K23) -> 33 | L25: =SUM(L13:L23) -> 4 | M25: =SUM(M13:M23) -> 4
C28: 3.30pm | D28: Men D | E28: Antoine Bugeja | F28: Dorian Demanuele | G28: vs | H28: Kevin Sciberras | I28: Kenneth Caruana | J28: 5 | K28: 7 | L28: =IF(AND(J28>K28,J29>K29),2,IF(J28>K28,1,IF(J29>K29,1,0))) -> 0 | M28: =IF(AND(K28>J28,K29>J29),2,IF(K28>J28,1,IF(K29>J29,1,0))) -> 2
J29: 4 | K29: 6
C31: 5.00pm | D31: Men B | E31: Alain Frendo(PRO)Cyril Lastimosa | F31: Clint Agius | G31: vs | H31: Jonatahn Vella | I31: Jean Paul Vella | J31: 6 | K31: 4 | L31: =IF(AND(J31>K31,J32>K32),2,IF(J31>K31,1,IF(J32>K32,1,0))) -> 1 | M31: =IF(AND(K31>J31,K32>J32),2,IF(K31>J31,1,IF(K32>J32,1,0))) -> 1
J32: 6 | K32: 7
C34: 6.30pm | D34: Lad C | E34: Janice Galea | F34: Josette Cassar | G34: vs | H34: Jodie Stivala | I34: Francesca | J34: 4 | K34: 6 | L34: =IF(AND(J34>K34,J35>K35),2,IF(J34>K34,1,IF(J35>K35,1,0))) -> 0 | M34: =IF(AND(K34>J34,K35>J35),2,IF(K34>J34,1,IF(K35>J35,1,0))) -> 2
J35: 1 | K35: 6
G37: vs | L37: =IF(AND(J37>K37,J38>K38),2,IF(J37>K37,1,IF(J38>K38,1,0))) -> 0 | M37: =IF(AND(K37>J37,K38>J38),2,IF(K37>J37,1,IF(K38>J38,1,0))) -> 0
C40: Total Day 1B | J40: =SUM(J28:J38) -> 26 | K40: =SUM(K28:K38) -> 36 | L40: =SUM(L28:L38) -> 1 | M40: =SUM(M28:M38) -> 5
C42: Total Day 1 | J42: =J40+J25 -> 66 | K42: =K40+K25 -> 69 | L42: =L40+L25 -> 5 | M42: =M40+M25 -> 9
C44: Court 2
C46: Time | D46: Rubber | E46: TEAM D: Juan Sammut | G46: vs | H46: TEAM E: Roberto Murdocco | J46: Games | L46: Sets
C48: 6.30 pm | D48: Men D | E48: Joseph Randich | F48: Clifford Debono | G48: vs | H48: Matthias Cremona | I48: Oliver Brincat | J48: 4 | K48: 6 | L48: =IF(AND(J48>K48,J49>K49),2,IF(J48>K48,1,IF(J49>K49,1,0))) -> 0 | M48: =IF(AND(K48>J48,K49>J49),2,IF(K48>J48,1,IF(K49>J49,1,0))) -> 2
J49: 2 | K49: 6
C51: 7.45 pm | D51: Lad B | E51: Anabel Borg | F51: Sue Stevenson | G51: vs | H51: Dorianne Buhagiar | I51: Nancy Wong | J51: 0 | K51: 6 | L51: =IF(AND(J51>K51,J52>K52),2,IF(J51>K51,1,IF(J52>K52,1,0))) -> 1 | M51: =IF(AND(K51>J51,K52>J52),2,IF(K51>J51,1,IF(K52>J52,1,0))) -> 1
J52: 6 | K52: 2
C54: 9.00 pm | D54: Men A | E54: Duncan D'Alessandro | F54: David Mifsud | G54: vs | H54: Trevor Rutter | I54: Marco Mercieca | J54: 0 | K54: 6 | L54: =IF(AND(J54>K54,J55>K55),2,IF(J54>K54,1,IF(J55>K55,1,0))) -> 0 | M54: =IF(AND(K54>J54,K55>J55),2,IF(K54>J54,1,IF(K55>J55,1,0))) -> 2
J55: 6 | K55: 7
C57: 7.45 pm | D57: Men C | E57: Etienne Formosa Carabez | F57: Sam Micallef | G57: vs | H57: Max Anastasi | I57: Aaron Micallef Piccione | J57: 4 | K57: 6 | L57: =IF(AND(J57>K57,J58>K58),2,IF(J57>K57,1,IF(J58>K58,1,0))) -> 0 | M57: =IF(AND(K57>J57,K58>J58),2,IF(K57>J57,1,IF(K58>J58,1,0))) -> 2
J58: 4 | K58: 6
C60: Total Day 1 A | J60: =SUM(J48:J58) -> 26 | K60: =SUM(K48:K58) -> 45 | L60: =SUM(L48:L58) -> 1 | M60: =SUM(M48:M58) -> 7
C63: 3.30 pm | D63: Men B | E63: David Schembri | F63: George Grech | G63: vs | H63: Luke Genuis | I63: Roberto Murdocco | J63: 7 | K63: 5 | L63: =IF(AND(J63>K63,J64>K64),2,IF(J63>K63,1,IF(J64>K64,1,0))) -> 1 | M63: =IF(AND(K63>J63,K64>J64),2,IF(K63>J63,1,IF(K64>J64,1,0))) -> 1
J64: 3 | K64: 6
C66: 5.00pm | D66: Lad C | E66: Frances Saliba Hersey | F66: Jennifer Roca | G66: vs | H66: Maria Ellul | I66: Roberta Grixti | J66: 6 | K66: 3 | L66: =IF(AND(J66>K66,J67>K67),2,IF(J66>K66,1,IF(J67>K67,1,0))) -> 2 | M66: =IF(AND(K66>J66,K67>J67),2,IF(K66>J66,1,IF(K67>J67,1,0))) -> 0
J67: 6 | K67: 1
C69: 6.30pm | D69: Lad A | E69: Louse Qi | F69: Leanne Vassallo | G69: vs | H69: Annmarie Mangion | I69: Mae Jane Manzanares | J69: 2 | K69: 6 | L69: =IF(AND(J69>K69,J70>K70),2,IF(J69>K69,1,IF(J70>K70,1,0))) -> 0 | M69: =IF(AND(K69>J69,K70>J70),2,IF(K69>J69,1,IF(K70>J70,1,0))) -> 2
J70: 2 | K70: 6
G72: vs | L72: =IF(AND(J72>K72,J73>K73),2,IF(J72>K72,1,IF(J73>K73,1,0))) -> 0 | M72: =IF(AND(K72>J72,K73>J73),2,IF(K72>J72,1,IF(K73>J73,1,0))) -> 0
C75: Total Day 1B | J75: =SUM(J63:J73) -> 26 | K75: =SUM(K63:K73) -> 27 | L75: =SUM(L63:L73) -> 3 | M75: =SUM(M63:M73) -> 3
C77: Total Day 1 | J77: =J75+J60 -> 52 | K77: =K75+K60 -> 72 | L77: =L75+L60 -> 4 | M77: =M75+M60 -> 10
C79: Court 4
C81: Time | D81: Rubber | E81: Team B: Cory Greenland | G81: vs | H81: TEAM F: Diane Fenech
C83: 6.30 pm | D83: Lad B | E83: Andrea Magaldi | F83: Sabrina Xuereb | G83: vs | H83: Ann Marie Attard | I83: Romina Gauci | J83: 6 | K83: 3 | L83: =IF(AND(J83>K83,J84>K84),2,IF(J83>K83,1,IF(J84>K84,1,0))) -> 2 | M83: =IF(AND(K83>J83,K84>J84),2,IF(K83>J83,1,IF(K84>J84,1,0))) -> 0
J84: 6 | K84: 0
C86: 7.45 pm | D86: Lad A | E86: Kelsey Gauci | F86: Andrea Magaldi (pro) Kaya Sammut | G86: vs | H86: Renette Magro | I86: Anthea Gauci | J86: 1 | K86: 6 | L86: =IF(AND(J86>K86,J87>K87),2,IF(J86>K86,1,IF(J87>K87,1,0))) -> 0 | M86: =IF(AND(K86>J86,K87>J87),2,IF(K86>J86,1,IF(K87>J87,1,0))) -> 2
J87: 1 | K87: 6
C89: 9.00pm | D89: Men C | E89: Kenneth Farrugia | F89: Manuel Mifsud | G89: vs | H89: Julian Esposito | I89: Simone Re | J89: 4 | K89: 6 | L89: =IF(AND(J89>K89,J90>K90),2,IF(J89>K89,1,IF(J90>K90,1,0))) -> 1 | M89: =IF(AND(K89>J89,K90>J90),2,IF(K89>J89,1,IF(K90>J90,1,0))) -> 1
J90: 6 | K90: 1
C92: 9.00 pm | D92: Lad C | E92: Karolina Papiernik | F92: Alida Borg | G92: vs | H92: Daphne Vella | I92: Kim Bonello | J92: 6 | K92: 2 | L92: =IF(AND(J92>K92,J93>K93),2,IF(J92>K92,1,IF(J93>K93,1,0))) -> 2 | M92: =IF(AND(K92>J92,K93>J93),2,IF(K92>J92,1,IF(K93>J93,1,0))) -> 0
J93: 6 | K93: 1
C95: Total Day 1 A | J95: =SUM(J83:J93) -> 36 | K95: =SUM(K83:K93) -> 25 | L95: =SUM(L83:L93) -> 5 | M95: =SUM(M83:M93) -> 3
C98: 3.30 pm | D98: Men B | E98: Ivan Cassar | F98: Tobias Kristensen | G98: vs | H98: Sergey Kasatkin | I98: Steve Gambin | J98: 6 | K98: 7 | L98: =IF(AND(J98>K98,J99>K99),2,IF(J98>K98,1,IF(J99>K99,1,0))) -> 0 | M98: =IF(AND(K98>J98,K99>J99),2,IF(K98>J98,1,IF(K99>J99,1,0))) -> 2
J99: 5 | K99: 7
C101: 5.00pm | D101: Men D | E101: David Camilleri | F101: Matthew Napier | G101: vs | H101: Clinton Cutajar | I101: Robert Attard | J101: 6 | K101: 2 | L101: =IF(AND(J101>K101,J102>K102),2,IF(J101>K101,1,IF(J102>K102,1,0))) -> 1 | M101: =IF(AND(K101>J101,K102>J102),2,IF(K101>J101,1,IF(K102>J102,1,0))) -> 1
J102: 5 | K102: 7
C104: 6.30pm | D104: Men A | E104: Gareth Magri | F104: Fotios Evangelou | G104: vs | H104: Jean Attard | I104: Andrew Spiteri Willets | J104: 7 | K104: 5 | L104: =IF(AND(J104>K104,J105>K105),2,IF(J104>K104,1,IF(J105>K105,1,0))) -> 1 | M104: =IF(AND(K104>J104,K105>J105),2,IF(K104>J104,1,IF(K105>J105,1,0))) -> 1
J105: 3 | K105: 6
C107: 6.30pm | G107: vs | L107: =IF(AND(J107>K107,J108>K108),2,IF(J107>K107,1,IF(J108>K108,1,0))) -> 0 | M107: =IF(AND(K107>J107,K108>J108),2,IF(K107>J107,1,IF(K108>J108,1,0))) -> 0
C110: Total Day 1B | J110: =SUM(J98:J108) -> 32 | K110: =SUM(K98:K108) -> 34 | L110: =SUM(L98:L108) -> 2 | M110: =SUM(M98:M108) -> 4
C112: Total Day 1 | J112: =J110+J95 -> 68 | K112: =K110+K95 -> 59 | L112: =L110+L95 -> 7 | M112: =M110+M95 -> 7

Sheet Day 2 
C1: SAN MICHEL TEAM TOURNAMENT 2026
C6: Day 2 - 06/02/2026 - 07/02/2026
C9: Court 1
C11: Time | D11: Rubber | E11: Team B: Cory Greenland | G11: vs | H11: Team E: Roberto Murdocco | J11: Games | L11: Sets
C13: 6.30pm | D13: Men A | E13: Fotos Evangelou | F13: Javier Viloria | G13: vs | H13: Trevor Rutter | I13: Ivan Cachia | J13: 6 | K13: 2 | L13: =IF(AND(J13>K13,J14>K14),2,IF(J13>K13,1,IF(J14>K14,1,0))) -> 2 | M13: =IF(AND(K13>J13,K14>J14),2,IF(K13>J13,1,IF(K14>J14,1,0))) -> 0
J14: 6 | K14: 2
C16: 7.45 pm | D16: Lad A | E16: Christine Schembri | F16: Kelsey Gauci | G16: vs | H16: Annmarie Mangion | I16: Elaine Grech | J16: 5 | K16: 7 | L16: =IF(AND(J16>K16,J17>K17),2,IF(J16>K16,1,IF(J17>K17,1,0))) -> 0 | M16: =IF(AND(K16>J16,K17>J17),2,IF(K16>J16,1,IF(K17>J17,1,0))) -> 2
J17: 4 | K17: 6
C19: 9.00 pm | D19: Lad B | E19: Andrea Magaldi | F19: Giada Sciberras | G19: vs | H19: Nancy Wong | I19: Mariska Steenkamer | J19: 6 | K19: 3 | L19: =IF(AND(J19>K19,J20>K20),2,IF(J19>K19,1,IF(J20>K20,1,0))) -> 1 | M19: =IF(AND(K19>J19,K20>J20),2,IF(K19>J19,1,IF(K20>J20,1,0))) -> 1
J20: 6 | K20: 7
C22: 6.30 pm | D22: Lad C | E22: Alida Borg | F22: Christabelle Chetcuti | G22: vs | H22: Leanne Sammut | I22: Roberta Grixti | J22: 6 | K22: 3 | L22: =IF(AND(J22>K22,J23>K23),2,IF(J22>K22,1,IF(J23>K23,1,0))) -> 1 | M22: =IF(AND(K22>J22,K23>J23),2,IF(K22>J22,1,IF(K23>J23,1,0))) -> 1
J23: 3 | K23: 6
C25: Total Day 2 A | J25: =SUM(J13:J23) -> 42 | K25: =SUM(K13:K23) -> 36 | L25: =SUM(L13:L23) -> 4 | M25: =SUM(M13:M23) -> 4
C28: 3.30 pm | D28: Men D | E28: Matthew Napier | F28: Mario Abdilla | G28: vs | H28: Matthias Cremona | I28: Braydon Galea | J28: 3 | K28: 6 | L28: =IF(AND(J28>K28,J29>K29),2,IF(J28>K28,1,IF(J29>K29,1,0))) -> 0 | M28: =IF(AND(K28>J28,K29>J29),2,IF(K28>J28,1,IF(K29>J29,1,0))) -> 2
J29: 2 | K29: 6
C31: 5.00 pm | D31: Men C | E31: Manuel Mifsud | F31: Cory Greenland | G31: vs | H31: Aaron Micallef Piccione | I31: Jordan Lastimosa | J31: 5 | K31: 7 | L31: =IF(AND(J31>K31,J32>K32),2,IF(J31>K31,1,IF(J32>K32,1,0))) -> 1 | M31: =IF(AND(K31>J31,K32>J32),2,IF(K31>J31,1,IF(K32>J32,1,0))) -> 1
J32: 6 | K32: 1
C34: 6.30 pm | D34: Men B | E34: Kristen Cachia | F34: Ivan Cassar | G34: vs | H34: Emman Xuereb | I34: Roberto Murdocco | J34: 4 | K34: 6 | L34: =IF(AND(J34>K34,J35>K35),2,IF(J34>K34,1,IF(J35>K35,1,0))) -> 1 | M34: =IF(AND(K34>J34,K35>J35),2,IF(K34>J34,1,IF(K35>J35,1,0))) -> 1
J35: 6 | K35: 4
C37: 5.30 pm | G37: vs | L37: =IF(AND(J37>K37,J38>K38),2,IF(J37>K37,1,IF(J38>K38,1,0))) -> 0 | M37: =IF(AND(K37>J37,K38>J38),2,IF(K37>J37,1,IF(K38>J38,1,0))) -> 0
C40: Total Day 2B | J40: =SUM(J28:J38) -> 26 | K40: =SUM(K28:K38) -> 30 | L40: =SUM(L28:L38) -> 2 | M40: =SUM(M28:M38) -> 4
C42: Total Day 2 | J42: =J40+J25 -> 68 | K42: =K40+K25 -> 66 | L42: =L40+L25 -> 6 | M42: =M40+M25 -> 8
C44: Court 2
C46: Time | D46: Rubber | E46: Team A: Christine Scerri | G46: vs | H46: Team F: Diane Fenech | J46: Games | L46: Sets
C48: 6.30 pm | D48: Lad C | E48: Janice Galea | F48: Christine Scerri | G48: vs | H48: Tiziana Spiteri | I48: Kim Bonello | J48: 6 | K48: 4 | L48: =IF(AND(J48>K48,J49>K49),2,IF(J48>K48,1,IF(J49>K49,1,0))) -> 2 | M48: =IF(AND(K48>J48,K49>J49),2,IF(K48>J48,1,IF(K49>J49,1,0))) -> 0
J49: 6 | K49: 3
C51: 7.45 pm | D51: Men A | E51: Clayton Zammit Cesare | F51: Jonathan Martinelli | G51: vs | H51: Kurt Carabott | I51: Andrew Spiteri Willets | J51: 6 | K51: 4 | L51: =IF(AND(J51>K51,J52>K52),2,IF(J51>K51,1,IF(J52>K52,1,0))) -> 2 | M51: =IF(AND(K51>J51,K52>J52),2,IF(K51>J51,1,IF(K52>J52,1,0))) -> 0
J52: 6 | K52: 4
C54: 9.00 pm | D54: Lad A | E54: Amanda Falzon | F54: Kirsty Mercieca | G54: vs | H54: Christina Bonett | I54: Anthea Gauci | J54: 7 | K54: 6 | L54: =IF(AND(J54>K54,J55>K55),2,IF(J54>K54,1,IF(J55>K55,1,0))) -> 2 | M54: =IF(AND(K54>J54,K55>J55),2,IF(K54>J54,1,IF(K55>J55,1,0))) -> 0
J55: 6 | K55: 4
C57: 7.45 pm | D57: Men D | E57: Daniele Privitera | F57: Dorian Demanuele | G57: vs | H57: Ryan Ebejer | I57: Robert Attard | J57: 6 | K57: 2 | L57: =IF(AND(J57>K57,J58>K58),2,IF(J57>K57,1,IF(J58>K58,1,0))) -> 1 | M57: =IF(AND(K57>J57,K58>J58),2,IF(K57>J57,1,IF(K58>J58,1,0))) -> 1
J58: 4 | K58: 6
C60: Total Day 2 A | J60: =SUM(J48:J58) -> 47 | K60: =SUM(K48:K58) -> 33 | L60: =SUM(L48:L58) -> 7 | M60: =SUM(M48:M58) -> 1
C63: 3.30pm | D63: Men B | E63: Cyril Lastimosa | F63: Sandro Pecorella | G63: vs | H63: Sergey Kasatkin | I63: Richard Curmi | J63: 1 | K63: 6 | L63: =IF(AND(J63>K63,J64>K64),2,IF(J63>K63,1,IF(J64>K64,1,0))) -> 1 | M63: =IF(AND(K63>J63,K64>J64),2,IF(K63>J63,1,IF(K64>J64,1,0))) -> 1
J64: 6 | K64: 2
C66: 5.00pm | D66: Lad B | E66: Deborah Farrugia | F66: Tiffany Fenech | G66: vs | H66: Maria Angela Gambin | I66: Ann Marie Attard | J66: 3 | K66: 6 | L66: =IF(AND(J66>K66,J67>K67),2,IF(J66>K66,1,IF(J67>K67,1,0))) -> 0 | M66: =IF(AND(K66>J66,K67>J67),2,IF(K66>J66,1,IF(K67>J67,1,0))) -> 2
J67: 3 | K67: 6
C69: 6.30 pm | D69: Men C | E69: Alain Frendo | F69: Redent Scicluna | G69: vs | H69: Julian Esposito | I69: Dunstan Vella | J69: 3 | K69: 6 | L69: =IF(AND(J69>K69,J70>K70),2,IF(J69>K69,1,IF(J70>K70,1,0))) -> 0 | M69: =IF(AND(K69>J69,K70>J70),2,IF(K69>J69,1,IF(K70>J70,1,0))) -> 2
J70: 4 | K70: 6
C72: 4.15 pm | G72: vs | L72: =IF(AND(J72>K72,J73>K73),2,IF(J72>K72,1,IF(J73>K73,1,0))) -> 0 | M72: =IF(AND(K72>J72,K73>J73),2,IF(K72>J72,1,IF(K73>J73,1,0))) -> 0
C75: Total Day 2B | J75: =SUM(J63:J73) -> 20 | K75: =SUM(K63:K73) -> 32 | L75: =SUM(L63:L73) -> 1 | M75: =SUM(M63:M73) -> 5
C77: Total Day 2 | J77: =J75+J60 -> 67 | K77: =K75+K60 -> 65 | L77: =L75+L60 -> 8 | M77: =M75+M60 -> 6
C79: Court 4
C81: Time | D81: Rubber | E81: Team C: Jean Paul Sciberras | G81: vs | H81: Team D: Juan Sammut | J81: Games | L81: Sets
C83: 6.30 pm | D83: Men A | E83: Matthew Pace | F83: Manuel Bonello | G83: vs | H83: Jesmond Pule' | I83: David Mifsud | J83: 6 | K83: 2 | L83: =IF(AND(J83>K83,J84>K84),2,IF(J83>K83,1,IF(J84>K84,1,0))) -> 2 | M83: =IF(AND(K83>J83,K84>J84),2,IF(K83>J83,1,IF(K84>J84,1,0))) -> 0
J84: 6 | K84: 2
C86: 7.45 pm | D86: Men D | E86: Kenneth Caruana | F86: Kevin Sciberras | G86: vs | H86: Joseph Randich | I86: Clifford Debono | J86: 6 | K86: 1 | L86: =IF(AND(J86>K86,J87>K87),2,IF(J86>K86,1,IF(J87>K87,1,0))) -> 1 | M86: =IF(AND(K86>J86,K87>J87),2,IF(K86>J86,1,IF(K87>J87,1,0))) -> 1
J87: 6 | K87: 7
C89: 9.00 pm | D89: Lad A | E89: Alexia Spiteri Willets | F89: Olivia Belli | G89: vs | H89: Leanne Vassallo | I89: Louise Qi | J89: 7 | K89: 5 | L89: =IF(AND(J89>K89,J90>K90),2,IF(J89>K89,1,IF(J90>K90,1,0))) -> 2 | M89: =IF(AND(K89>J89,K90>J90),2,IF(K89>J89,1,IF(K90>J90,1,0))) -> 0
J90: 6 | K90: 3
C92: 9.00 pm | D92: Lad B | E92: Kristina Briffa | F92: Jade Sammut | G92: vs | H92: Anabel Borg | I92: Sarah Axiaq | J92: 6 | K92: 2 | L92: =IF(AND(J92>K92,J93>K93),2,IF(J92>K92,1,IF(J93>K93,1,0))) -> 1 | M92: =IF(AND(K92>J92,K93>J93),2,IF(K92>J92,1,IF(K93>J93,1,0))) -> 1
J93: 3 | K93: 6
C95: Total Day 2 A | J95: =SUM(J83:J93) -> 46 | K95: =SUM(K83:K93) -> 28 | L95: =SUM(L83:L93) -> 6 | M95: =SUM(M83:M93) -> 2
C98: 3.30pm | D98: Men B | E98: Jonathan Vella | F98: Willem Steenkamer | G98: vs | H98: George Grech | I98: Jurgen Farrugia | J98: 4 | K98: 6 | L98: =IF(AND(J98>K98,J99>K99),2,IF(J98>K98,1,IF(J99>K99,1,0))) -> 1 | M98: =IF(AND(K98>J98,K99>J99),2,IF(K98>J98,1,IF(K99>J99,1,0))) -> 1
J99: 6 | K99: 4
C101: 5.00 pm | D101: Lad C | E101: Jodie Stivala | F101: Brenda Bugeja | G101: vs | H101: Jennifer Roca | I101: Mary Borg | J101: 2 | K101: 6 | L101: =IF(AND(J101>K101,J102>K102),2,IF(J101>K101,1,IF(J102>K102,1,0))) -> 0 | M101: =IF(AND(K101>J101,K102>J102),2,IF(K101>J101,1,IF(K102>J102,1,0))) -> 2
J102: 1 | K102: 6
C104: 6.30 pm | D104: Men C | E104: Jean Paul Sciberras | F104: Matthew Schembri | G104: vs | H104: Etienne Formosa Carabez | I104: Juan Sammut | J104: 6 | K104: 0 | L104: =IF(AND(J104>K104,J105>K105),2,IF(J104>K104,1,IF(J105>K105,1,0))) -> 1 | M104: =IF(AND(K104>J104,K105>J105),2,IF(K104>J104,1,IF(K105>J105,1,0))) -> 1
J105: 4 | K105: 6
G107: vs | L107: =IF(AND(J107>K107,J108>K108),2,IF(J107>K107,1,IF(J108>K108,1,0))) -> 0 | M107: =IF(AND(K107>J107,K108>J108),2,IF(K107>J107,1,IF(K108>J108,1,0))) -> 0
C110: Total Day 2B | J110: =SUM(J98:J108) -> 23 | K110: =SUM(K98:K108) -> 28 | L110: =SUM(L98:L108) -> 2 | M110: =SUM(M98:M108) -> 4
C112: Total Day 2 | J112: =J110+J95 -> 69 | K112: =K110+K95 -> 56 | L112: =L110+L95 -> 8 | M112: =M110+M95 -> 6

Sheet Day 3
C1: SAN MICHEL TEAM TOURNAMENT 2026
C6: Day 3 -
C9: Court 1
C11: Time | D11: Rubber | E11: TEAM C: JEAN PAUL | G11: vs | H11: TEAM F: DIANE | J11: Games | L11: Sets
C13: 6.30 pm | D13: Lad A | E13: Alexia Spiteri Willets | F13: Lucienne Meli | G13: vs | H13: Renette Magro | I13: Anthea Gauci | J13: 4 | K13: 6 | L13: =IF(AND(J13>K13,J14>K14),2,IF(J13>K13,1,IF(J14>K14,1,0))) -> 1 | M13: =IF(AND(K13>J13,K14>J14),2,IF(K13>J13,1,IF(K14>J14,1,0))) -> 1
J14: 6 | K14: 1
C16: 6.30 pm | D16: Men A | E16: Manuel Bonello | F16: Peter Khiev | G16: vs | H16: Kurt Carabott | I16: Jean Attard | J16: 3 | K16: 6 | L16: =IF(AND(J16>K16,J17>K17),2,IF(J16>K16,1,IF(J17>K17,1,0))) -> 0 | M16: =IF(AND(K16>J16,K17>J17),2,IF(K16>J16,1,IF(K17>J17,1,0))) -> 2
J17: 4 | K17: 6
C19: 7.45 pm | D19: Men C | E19: Jean Paul Sciberras | F19: Matthew Schembri | G19: vs | H19: Simone Re | I19: Dunstan Vella | J19: 3 | K19: 6 | L19: =IF(AND(J19>K19,J20>K20),2,IF(J19>K19,1,IF(J20>K20,1,0))) -> 0 | M19: =IF(AND(K19>J19,K20>J20),2,IF(K19>J19,1,IF(K20>J20,1,0))) -> 2
J20: 4 | K20: 6
C22: 9.00 pm | D22: Lad B | E22: Kristina Briffa | F22: Jade Sammut | G22: vs | H22: Maria Angela Gambin | I22: Ann Marie Attard | J22: 4 | K22: 6 | L22: =IF(AND(J22>K22,J23>K23),2,IF(J22>K22,1,IF(J23>K23,1,0))) -> 1 | M22: =IF(AND(K22>J22,K23>J23),2,IF(K22>J22,1,IF(K23>J23,1,0))) -> 1
J23: 6 | K23: 3
C25: Total Day 3 A | J25: =SUM(J13:J23) -> 34 | K25: =SUM(K13:K23) -> 40 | L25: =SUM(L13:L23) -> 2 | M25: =SUM(M13:M23) -> 6
C28: 3.30 pm | D28: Men D | E28: Kevin Sciberras | F28: Alberto Bafumi | G28: vs | H28: Ryan Ebejer | I28: Clinton Cutajar | J28: 6 | K28: 3 | L28: =IF(AND(J28>K28,J29>K29),2,IF(J28>K28,1,IF(J29>K29,1,0))) -> 1 | M28: =IF(AND(K28>J28,K29>J29),2,IF(K28>J28,1,IF(K29>J29,1,0))) -> 1
J29: 6 | K29: 7
C31: 5.00pm | D31: Men B | E31: Jonathan Vella | F31: Jean Paul Vella | G31: vs | H31: Sergey Kasatkin | I31: Steve Gambin | J31: 1 | K31: 6 | L31: =IF(AND(J31>K31,J32>K32),2,IF(J31>K31,1,IF(J32>K32,1,0))) -> 0 | M31: =IF(AND(K31>J31,K32>J32),2,IF(K31>J31,1,IF(K32>J32,1,0))) -> 2
J32: 3 | K32: 6
C34: 6.30pm | D34: Lad C | E34: Brenda Bugeja | F34: Francesca Mamo | G34: vs | H34: Tiziana Spiteri | I34: Daphne Vella | J34: 1 | K34: 6 | L34: =IF(AND(J34>K34,J35>K35),2,IF(J34>K34,1,IF(J35>K35,1,0))) -> 0 | M34: =IF(AND(K34>J34,K35>J35),2,IF(K34>J34,1,IF(K35>J35,1,0))) -> 2
J35: 2 | K35: 6
G37: vs | L37: =IF(AND(J37>K37,J38>K38),2,IF(J37>K37,1,IF(J38>K38,1,0))) -> 0 | M37: =IF(AND(K37>J37,K38>J38),2,IF(K37>J37,1,IF(K38>J38,1,0))) -> 0
C40: Total Day 3B | J40: =SUM(J28:J38) -> 19 | K40: =SUM(K28:K38) -> 34 | L40: =SUM(L28:L38) -> 1 | M40: =SUM(M28:M38) -> 5
C42: Total Day 3 | J42: =J40+J25 -> 53 | K42: =K40+K25 -> 74 | L42: =L40+L25 -> 3 | M42: =M40+M25 -> 11
C44: Court 2
C46: Time | D46: Rubber | E46: TEAM D: JUAN | G46: vs | H46: TEAM B: CORY | J46: Games | L46: Sets
C48: 6.30 pm | D48: Lad C | E48: Frances Saliba Hersey | F48: Jennifer Roca | G48: vs | H48: Karolina Papiernik | I48: Christabelle Chetcuti | J48: 6 | K48: 3 | L48: =IF(AND(J48>K48,J49>K49),2,IF(J48>K48,1,IF(J49>K49,1,0))) -> 2 | M48: =IF(AND(K48>J48,K49>J49),2,IF(K48>J48,1,IF(K49>J49,1,0))) -> 0
J49: 7 | K49: 5
C51: 7.45 pm | D51: Men D | E51: Clifford Debono | F51: Omar Farrugia | G51: vs | H51: David Camilleri | I51: Mario Abdilla | J51: 6 | K51: 7 | L51: =IF(AND(J51>K51,J52>K52),2,IF(J51>K51,1,IF(J52>K52,1,0))) -> 0 | M51: =IF(AND(K51>J51,K52>J52),2,IF(K51>J51,1,IF(K52>J52,1,0))) -> 2
J52: 2 | K52: 6
C54: 7.45 pm | D54: Lad A | E54: Leanne Vassallo | F54: Alison Muscat | G54: vs | H54: Christine Schembri | I54: Kaya Sammut | J54: 6 | K54: 3 | L54: =IF(AND(J54>K54,J55>K55),2,IF(J54>K54,1,IF(J55>K55,1,0))) -> 2 | M54: =IF(AND(K54>J54,K55>J55),2,IF(K54>J54,1,IF(K55>J55,1,0))) -> 0
J55: 7 | K55: 5
C57: 9.00 pm | D57: Men B | E57: David Schembri | F57: Jurgen Farrugia | G57: vs | H57: Kristen Cachia | I57: Tobias Kristensen | J57: 7 | K57: 6 | L57: =IF(AND(J57>K57,J58>K58),2,IF(J57>K57,1,IF(J58>K58,1,0))) -> 1 | M57: =IF(AND(K57>J57,K58>J58),2,IF(K57>J57,1,IF(K58>J58,1,0))) -> 1
J58: 2 | K58: 6
C60: Total Day 3 A | J60: =SUM(J48:J58) -> 43 | K60: =SUM(K48:K58) -> 41 | L60: =SUM(L48:L58) -> 5 | M60: =SUM(M48:M58) -> 3
C63: 3.30 pm | D63: Men C | E63: Etienne Formosa Carabez | F63: Sam Micallef | G63: vs | H63: Kenneth Farrugia | I63: Manuel Mifsud | J63: 6 | K63: 7 | L63: =IF(AND(J63>K63,J64>K64),2,IF(J63>K63,1,IF(J64>K64,1,0))) -> 0 | M63: =IF(AND(K63>J63,K64>J64),2,IF(K63>J63,1,IF(K64>J64,1,0))) -> 2
J64: 3 | K64: 6
C66: 5.00pm | D66: Men A | E66: Duncan D`Alessandro | F66: Jesmond Pule` | G66: vs | H66: Gareth Magri | I66: Javier Viloria | J66: 2 | K66: 6 | L66: =IF(AND(J66>K66,J67>K67),2,IF(J66>K66,1,IF(J67>K67,1,0))) -> 1 | M66: =IF(AND(K66>J66,K67>J67),2,IF(K66>J66,1,IF(K67>J67,1,0))) -> 1
J67: 6 | K67: 4
C69: 6.30 pm | D69: Lad B | E69: Sue Stevenson | F69: Sarah Axiaq | G69: vs | H69: Giada Sciberras | I69: Sabrina Xuereb | J69: 6 | K69: 3 | L69: =IF(AND(J69>K69,J70>K70),2,IF(J69>K69,1,IF(J70>K70,1,0))) -> 1 | M69: =IF(AND(K69>J69,K70>J70),2,IF(K69>J69,1,IF(K70>J70,1,0))) -> 1
J70: 2 | K70: 6
L72: =IF(AND(J72>K72,J73>K73),2,IF(J72>K72,1,IF(J73>K73,1,0))) -> 0 | M72: =IF(AND(K72>J72,K73>J73),2,IF(K72>J72,1,IF(K73>J73,1,0))) -> 0
C75: Total Day 3B | J75: =SUM(J63:J73) -> 25 | K75: =SUM(K63:K73) -> 32 | L75: =SUM(L63:L73) -> 2 | M75: =SUM(M63:M73) -> 4
C77: Total Day 3 | J77: =J75+J60 -> 68 | K77: =K75+K60 -> 73 | L77: =L75+L60 -> 7 | M77: =M75+M60 -> 7
C79: Court 4
C81: Time | D81: Rubber | E81: TEAM A: CHRISTINE | G81: vs | H81: TEAM E: ROBERTO
C83: 6.30 pm | D83: Men D | E83: Dorian Demanuele | F83: Antoine Bugeja | G83: vs | H83: Braydon Galea | I83: Oliver Brincat | J83: 2 | K83: 6 | L83: =IF(AND(J83>K83,J84>K84),2,IF(J83>K83,1,IF(J84>K84,1,0))) -> 1 | M83: =IF(AND(K83>J83,K84>J84),2,IF(K83>J83,1,IF(K84>J84,1,0))) -> 1
J84: 6 | K84: 1
C86: 7.45 pm | D86: Men C | E86: Charles Sacco | F86: Redent Scicluna | G86: vs | H86: Max Anastasi | I86: Aaron Micallef Piccione | J86: 6 | K86: 4 | L86: =IF(AND(J86>K86,J87>K87),2,IF(J86>K86,1,IF(J87>K87,1,0))) -> 2 | M86: =IF(AND(K86>J86,K87>J87),2,IF(K86>J86,1,IF(K87>J87,1,0))) -> 0
J87: 6 | K87: 4
C89: 9.00 pm | D89: Lad B | E89: Deborah Farrugia | F89: Tiffany Fenech | G89: vs | H89: Dorianne Buhagiar | I89: Nancy Wong | J89: 3 | K89: 6 | L89: =IF(AND(J89>K89,J90>K90),2,IF(J89>K89,1,IF(J90>K90,1,0))) -> 0 | M89: =IF(AND(K89>J89,K90>J90),2,IF(K89>J89,1,IF(K90>J90,1,0))) -> 2
J90: 2 | K90: 6
L92: =IF(AND(J92>K92,J93>K93),2,IF(J92>K92,1,IF(J93>K93,1,0))) -> 0 | M92: =IF(AND(K92>J92,K93>J93),2,IF(K92>J92,1,IF(K93>J93,1,0))) -> 0
C95: Total Day 3 A | J95: =SUM(J83:J93) -> 25 | K95: =SUM(K83:K93) -> 27 | L95: =SUM(L83:L93) -> 3 | M95: =SUM(M83:M93) -> 3
C98: 3.30 pm | D98: Lad C | E98: Josette Cassar | F98: Christine Scerri | G98: vs | H98: Leanne Sammut | I98: Maria Ellul | J98: 4 | K98: 6 | L98: =IF(AND(J98>K98,J99>K99),2,IF(J98>K98,1,IF(J99>K99,1,0))) -> 0 | M98: =IF(AND(K98>J98,K99>J99),2,IF(K98>J98,1,IF(K99>J99,1,0))) -> 2
J99: 3 | K99: 6
C101: 5.00pm | D101: Men A | E101: Clayton Zammit Cesare | F101: Andrew Pule' | G101: vs | H101: Trevor Rutter | I101: Marco Mercieca | J101: 2 | K101: 6 | L101: =IF(AND(J101>K101,J102>K102),2,IF(J101>K101,1,IF(J102>K102,1,0))) -> 1 | M101: =IF(AND(K101>J101,K102>J102),2,IF(K101>J101,1,IF(K102>J102,1,0))) -> 1
J102: 6 | K102: 0
C104: 5.00pm | D104: Lad A | E104: Amanda Falzon | F104: Yanika Pace | G104: vs | H104: Annmarie Mangion | I104: Elaine Grech | J104: 4 | K104: 6 | L104: =IF(AND(J104>K104,J105>K105),2,IF(J104>K104,1,IF(J105>K105,1,0))) -> 0 | M104: =IF(AND(K104>J104,K105>J105),2,IF(K104>J104,1,IF(K105>J105,1,0))) -> 2
J105: 6 | K105: 7
C107: 6.30pm | D107: Men B | E107: Cyril Lastimosa | F107: Clint Agius | G107: vs | H107: Luke Genuis | I107: Roberto Murdocco | J107: 6 | K107: 3 | L107: =IF(AND(J107>K107,J108>K108),2,IF(J107>K107,1,IF(J108>K108,1,0))) -> 1 | M107: =IF(AND(K107>J107,K108>J108),2,IF(K107>J107,1,IF(K108>J108,1,0))) -> 1
J108: 4 | K108: 6
C110: Total Day 3B | J110: =SUM(J98:J108) -> 35 | K110: =SUM(K98:K108) -> 40 | L110: =SUM(L98:L108) -> 2 | M110: =SUM(M98:M108) -> 6
C112: Total Day 3 | J112: =J110+J95 -> 60 | K112: =K110+K95 -> 67 | L112: =L110+L95 -> 5 | M112: =M110+M95 -> 9

Sheet Day 4
C1: SAN MICHEL TEAM TOURNAMENT 2026
C6: Day 4 - 20/02/2026 & 21/02/2026
C9: Court 1
C11: Time | D11: Rubber | E11: Team D: Juan | H11: Team F: Diane | J11: Games | L11: Sets
C13: 6.30 pm | D13: Lad C | E13: Frances Saliba Hersey | F13: Mary Borg | G13: vs | H13: Daphne Vella | I13: Kim Bonello | J13: 6 | K13: 4 | L13: =IF(AND(J13>K13,J14>K14),2,IF(J13>K13,1,IF(J14>K14,1,0))) -> 2 | M13: =IF(AND(K13>J13,K14>J14),2,IF(K13>J13,1,IF(K14>J14,1,0))) -> 0
J14: 6 | K14: 1
C16: 7.45 pm | D16: Men A | E16: Duncan D'Alessandro | F16: David Mifsud | G16: vs | H16: Kurt Carabott | I16: Jean Attard | J16: 5 | K16: 7 | L16: =IF(AND(J16>K16,J17>K17),2,IF(J16>K16,1,IF(J17>K17,1,0))) -> 0 | M16: =IF(AND(K16>J16,K17>J17),2,IF(K16>J16,1,IF(K17>J17,1,0))) -> 2
J17: 5 | K17: 7 | N17: Ret
C19: 9.00 pm | D19: Lad B | E19: Sue Stevenson | F19: Sarah Axiaq | G19: vs | H19: AnnMarie Attard | I19: Romina Gauci | J19: 6 | K19: 2 | L19: =IF(AND(J19>K19,J20>K20),2,IF(J19>K19,1,IF(J20>K20,1,0))) -> 2 | M19: =IF(AND(K19>J19,K20>J20),2,IF(K19>J19,1,IF(K20>J20,1,0))) -> 0
J20: 7 | K20: 5
C22: 7.45 pm | G22: vs | L22: =IF(AND(J22>K22,J23>K23),2,IF(J22>K22,1,IF(J23>K23,1,0))) -> 0 | M22: =IF(AND(K22>J22,K23>J23),2,IF(K22>J22,1,IF(K23>J23,1,0))) -> 0
C25: Total Day 4 A | J25: =SUM(J13:J23) -> 35 | K25: =SUM(K13:K23) -> 26 | L25: =SUM(L13:L23) -> 4 | M25: =SUM(M13:M23) -> 2
C28: 3.30 pm | D28: Men D | E28: Joseph Randich | F28: Owen Farrugia | G28: vs | H28: Ryan Ebejer | I28: Robert Attard | J28: 6 | K28: 4 | L28: =IF(AND(J28>K28,J29>K29),2,IF(J28>K28,1,IF(J29>K29,1,0))) -> 1 | M28: =IF(AND(K28>J28,K29>J29),2,IF(K28>J28,1,IF(K29>J29,1,0))) -> 1
J29: 4 | K29: 6
C31: 5.00 pm | D31: Lad A | E31: Alison Muscat | F31: Louise Qi | G31: vs | H31: Renette Magro | I31: Christina Bonett | J31: 0 | K31: 6 | L31: =IF(AND(J31>K31,J32>K32),2,IF(J31>K31,1,IF(J32>K32,1,0))) -> 0 | M31: =IF(AND(K31>J31,K32>J32),2,IF(K31>J31,1,IF(K32>J32,1,0))) -> 2
J32: 3 | K32: 6
C34: 5.00 pm | D34: Men C | E34: Etienne Formosa Carabez | F34: Juan Sammut | G34: vs | H34: Simone Re | I34: Dunstan Vella | J34: 6 | K34: 3 | L34: =IF(AND(J34>K34,J35>K35),2,IF(J34>K34,1,IF(J35>K35,1,0))) -> 2 | M34: =IF(AND(K34>J34,K35>J35),2,IF(K34>J34,1,IF(K35>J35,1,0))) -> 0
J35: 6 | K35: 2
C37: 6.30 pm | D37: Men B | E37: David Schembri | F37: George Grech | G37: vs | H37: Sergey Kasatkin | I37: Richard Curmi | J37: 6 | K37: 4 | L37: =IF(AND(J37>K37,J38>K38),2,IF(J37>K37,1,IF(J38>K38,1,0))) -> 2 | M37: =IF(AND(K37>J37,K38>J38),2,IF(K37>J37,1,IF(K38>J38,1,0))) -> 0
J38: 6 | K38: 0
C40: Total Day 4B | J40: =SUM(J28:J38) -> 37 | K40: =SUM(K28:K38) -> 31 | L40: =SUM(L28:L38) -> 5 | M40: =SUM(M28:M38) -> 3
C42: Total Day 4 | J42: =J40+J25 -> 72 | K42: =K40+K25 -> 57 | L42: =L40+L25 -> 9 | M42: =M40+M25 -> 5
C44: Court 2
C46: Time | D46: Rubber | E46: TEAM C: Jean Paul | H46: TEAM E: Roberto | J46: Games | L46: Sets
C48: 6.30 pm | D48: Lad A | E48: Alexia Spiteri Willets | F48: Olivia Belli | G48: vs | H48: Annmarie Mangion | I48: Mae Jane Manzanares | J48: 0 | K48: 6 | L48: =IF(AND(J48>K48,J49>K49),2,IF(J48>K48,1,IF(J49>K49,1,0))) -> 0 | M48: =IF(AND(K48>J48,K49>J49),2,IF(K48>J48,1,IF(K49>J49,1,0))) -> 2
J49: 3 | K49: 6
C51: 7.45 pm | D51: Lad C | E51: Francesca Mamo | F51: Jodie Stivala | G51: vs | H51: Leanne Sammut | I51: Roberta Grixti | J51: 6 | K51: 0 | L51: =IF(AND(J51>K51,J52>K52),2,IF(J51>K51,1,IF(J52>K52,1,0))) -> 2 | M51: =IF(AND(K51>J51,K52>J52),2,IF(K51>J51,1,IF(K52>J52,1,0))) -> 0
J52: 7 | K52: 6
C54: 9.00 pm | D54: Men A | E54: Matthew Pace | F54: Peter Khiev | G54: vs | H54: Trevor Rutter | I54: Ivan Cachia | J54: 6 | K54: 2 | L54: =IF(AND(J54>K54,J55>K55),2,IF(J54>K54,1,IF(J55>K55,1,0))) -> 2 | M54: =IF(AND(K54>J54,K55>J55),2,IF(K54>J54,1,IF(K55>J55,1,0))) -> 0
J55: 6 | K55: 3
C57: 6.30 pm | D57: Men B | E57: Jean Paul Vella | F57: Willem Steenkamer | G57: vs | H57: Emman Xuereb | I57: Luke Genuis | J57: 3 | K57: 6 | L57: =IF(AND(J57>K57,J58>K58),2,IF(J57>K57,1,IF(J58>K58,1,0))) -> 0 | M57: =IF(AND(K57>J57,K58>J58),2,IF(K57>J57,1,IF(K58>J58,1,0))) -> 2
J58: 0 | K58: 6
C60: Total Day 4 A | J60: =SUM(J48:J58) -> 31 | K60: =SUM(K48:K58) -> 35 | L60: =SUM(L48:L58) -> 4 | M60: =SUM(M48:M58) -> 4
C63: 3.30 pm | D63: Men D | E63: Kevin Sciberras | F63: Alberto Bufumi | G63: vs | H63: Matthias Cremona | I63: Oliver Brincat | J63: 3 | K63: 6 | L63: =IF(AND(J63>K63,J64>K64),2,IF(J63>K63,1,IF(J64>K64,1,0))) -> 0 | M63: =IF(AND(K63>J63,K64>J64),2,IF(K63>J63,1,IF(K64>J64,1,0))) -> 2
J64: 4 | K64: 6
C66: 5.00pm | D66: Men C | E66: Jason Lee Evans | F66: Jean Paul Sciberras | G66: vs | H66: Aaron Micallef Piccione | I66: Jordan Lastimosa | J66: 6 | K66: 4 | L66: =IF(AND(J66>K66,J67>K67),2,IF(J66>K66,1,IF(J67>K67,1,0))) -> 2 | M66: =IF(AND(K66>J66,K67>J67),2,IF(K66>J66,1,IF(K67>J67,1,0))) -> 0
J67: 7 | K67: 5
D69: Lad B | E69: Brenda Baldacchino | F69: Jade Sammut | G69: vs | H69: Dorianne Buhagiar | I69: Mariska Steenkamer | J69: 1 | K69: 6 | L69: =IF(AND(J69>K69,J70>K70),2,IF(J69>K69,1,IF(J70>K70,1,0))) -> 0 | M69: =IF(AND(K69>J69,K70>J70),2,IF(K69>J69,1,IF(K70>J70,1,0))) -> 2
J70: 1 | K70: 6
G72: vs | L72: =IF(AND(J72>K72,J73>K73),2,IF(J72>K72,1,IF(J73>K73,1,0))) -> 0 | M72: =IF(AND(K72>J72,K73>J73),2,IF(K72>J72,1,IF(K73>J73,1,0))) -> 0
C75: Total Day 4B | J75: =SUM(J63:J73) -> 22 | K75: =SUM(K63:K73) -> 33 | L75: =SUM(L63:L73) -> 2 | M75: =SUM(M63:M73) -> 4
C77: Total Day 4 | J77: =J75+J60 -> 53 | K77: =K75+K60 -> 68 | L77: =L75+L60 -> 6 | M77: =M75+M60 -> 8
C79: Court 4
C81: Time | D81: Rubber | E81: TEAM A: Christine | H81: TEAM B: Cory
C83: 6.30 pm | D83: Lad C | E83: Janice Galea | F83: Josette Cassar | G83: vs | H83: Alida Borg | I83: Karolina Papiernik | J83: 2 | K83: 6 | L83: =IF(AND(J83>K83,J84>K84),2,IF(J83>K83,1,IF(J84>K84,1,0))) -> 0 | M83: =IF(AND(K83>J83,K84>J84),2,IF(K83>J83,1,IF(K84>J84,1,0))) -> 2
J84: 4 | K84: 6
C86: 7.45 pm | D86: Men A | E86: Andrew Pule' | F86: Jonathan Martinelli | G86: vs | H86: Gareth Magri | I86: Fotis Evangelou | J86: 1 | K86: 6 | L86: =IF(AND(J86>K86,J87>K87),2,IF(J86>K86,1,IF(J87>K87,1,0))) -> 0 | M86: =IF(AND(K86>J86,K87>J87),2,IF(K86>J86,1,IF(K87>J87,1,0))) -> 2
J87: 4 | K87: 6
C89: 7.45 pm | D89: Men B | E89: Cyril Lastimosa | F89: Clint Agius | G89: vs | H89: Ivan Cassar | I89: Tobias Kristensen | J89: 6 | K89: 2 | L89: =IF(AND(J89>K89,J90>K90),2,IF(J89>K89,1,IF(J90>K90,1,0))) -> 2 | M89: =IF(AND(K89>J89,K90>J90),2,IF(K89>J89,1,IF(K90>J90,1,0))) -> 0
J90: 6 | K90: 2
D92: Men C | E92: Charles Sacco | F92: Alain Frendo | H92: Kenneth Farrugia | I92: Cory Greenland | J92: 2 | K92: 6 | L92: =IF(AND(J92>K92,J93>K93),2,IF(J92>K92,1,IF(J93>K93,1,0))) -> 0 | M92: =IF(AND(K92>J92,K93>J93),2,IF(K92>J92,1,IF(K93>J93,1,0))) -> 2
J93: 5 | K93: 7
C95: Total Day 4 A | J95: =SUM(J83:J93) -> 30 | K95: =SUM(K83:K93) -> 41 | L95: =SUM(L83:L93) -> 2 | M95: =SUM(M83:M93) -> 6
C98: 3.30 pm | D98: Lad B | E98: Janice Galea(pro)Silvana Portelli | F98: Tiffany Fenech | G98: vs | H98: Andrea Magaldi | I98: Giada Sciberras | J98: 2 | K98: 6 | L98: =IF(AND(J98>K98,J99>K99),2,IF(J98>K98,1,IF(J99>K99,1,0))) -> 0 | M98: =IF(AND(K98>J98,K99>J99),2,IF(K98>J98,1,IF(K99>J99,1,0))) -> 2
J99: 5 | K99: 7
C101: 5.00 pm | D101: Men D | E101: Daniele Privitera | F101: Antoine Bugeja | G101: vs | H101: David Camilleri | I101: Matthew Napier | J101: 1 | K101: 6 | L101: =IF(AND(J101>K101,J102>K102),2,IF(J101>K101,1,IF(J102>K102,1,0))) -> 0 | M101: =IF(AND(K101>J101,K102>J102),2,IF(K101>J101,1,IF(K102>J102,1,0))) -> 2
J102: 3 | K102: 6
C104: 6.30 pm | D104: Lad A | E104: Kirsty Mercieca | F104: Amanda Falzon | G104: vs | H104: Christine Schembri | I104: Kelsey Gauci | J104: 6 | K104: 3 | L104: =IF(AND(J104>K104,J105>K105),2,IF(J104>K104,1,IF(J105>K105,1,0))) -> 1 | M104: =IF(AND(K104>J104,K105>J105),2,IF(K104>J104,1,IF(K105>J105,1,0))) -> 1
J105: 2 | K105: 6
G107: vs | L107: =IF(AND(J107>K107,J108>K108),2,IF(J107>K107,1,IF(J108>K108,1,0))) -> 0 | M107: =IF(AND(K107>J107,K108>J108),2,IF(K107>J107,1,IF(K108>J108,1,0))) -> 0
C110: Total Day 4B | J110: =SUM(J98:J108) -> 19 | K110: =SUM(K98:K108) -> 34 | L110: =SUM(L98:L108) -> 1 | M110: =SUM(M98:M108) -> 5
C112: Total Day 4 | J112: =J110+J95 -> 49 | K112: =K110+K95 -> 75 | L112: =L110+L95 -> 3 | M112: =M110+M95 -> 11

Sheet Day 5
C1: SAN MICHEL TEAM TOURNAMENT 2026
C6: Day 5 - 27/02/2026 & 28/02/2026
C9: Court 1
C11: Time | D11: Rubber | E11: TEAM A: Christine Scerri | H11: TEAM D: Juan Sammut | J11: Games | L11: Sets
C13: 6.30 pm | D13: Men A | E13: Clayton Zammit Cesare | F13: Jonathan Martinelli | G13: vs | H13: Duncan D`Alessandro | I13: David Mifsud | J13: 6 | K13: 1 | L13: =IF(AND(J13>K13,J14>K14),2,IF(J13>K13,1,IF(J14>K14,1,0))) -> 2 | M13: =IF(AND(K13>J13,K14>J14),2,IF(K13>J13,1,IF(K14>J14,1,0))) -> 0
J14: 6 | K14: 3
C15: 6
C16: 6.30 pm | D16: Lad C | E16: Janice Galea | F16: Christine Scerri | G16: vs | H16: Jennifer Roca | I16: Mary Borg | J16: 7 | K16: 6 | L16: =IF(AND(J16>K16,J17>K17),2,IF(J16>K16,1,IF(J17>K17,1,0))) -> 2 | M16: =IF(AND(K16>J16,K17>J17),2,IF(K16>J16,1,IF(K17>J17,1,0))) -> 0
J17: 6 | K17: 0
C19: 7.45 pm | D19: Men C | E19: Charles Sacco | F19: Alain Frendo | G19: vs | H19: Juan Sammut | I19: Sam Micallef | J19: 6 | K19: 2 | L19: =IF(AND(J19>K19,J20>K20),2,IF(J19>K19,1,IF(J20>K20,1,0))) -> 2 | M19: =IF(AND(K19>J19,K20>J20),2,IF(K19>J19,1,IF(K20>J20,1,0))) -> 0
J20: 6 | K20: 1
G22: vs | L22: =IF(AND(J22>K22,J23>K23),2,IF(J22>K22,1,IF(J23>K23,1,0))) -> 0 | M22: =IF(AND(K22>J22,K23>J23),2,IF(K22>J22,1,IF(K23>J23,1,0))) -> 0
C25: Total Day 5 A | J25: =SUM(J13:J23) -> 37 | K25: =SUM(K13:K23) -> 13 | L25: =SUM(L13:L23) -> 6 | M25: =SUM(M13:M23) -> 0
C28: 3.30 pm | D28: Men D | E28: Daniele Privitera | F28: Dorian Demanuele | G28: vs | H28: Clifford Debono | I28: Owen Farrugia | J28: 7 | K28: 5 | L28: =IF(AND(J28>K28,J29>K29),2,IF(J28>K28,1,IF(J29>K29,1,0))) -> 2 | M28: =IF(AND(K28>J28,K29>J29),2,IF(K28>J28,1,IF(K29>J29,1,0))) -> 0
J29: 6 | K29: 0
C31: 5.00 pm | D31: Men B | E31: Cyril Lastimosa | F31: Sandro Pecorella | G31: vs | H31: David Schembri | I31: Jurgen Farrugia | J31: 2 | K31: 6 | L31: =IF(AND(J31>K31,J32>K32),2,IF(J31>K31,1,IF(J32>K32,1,0))) -> 1 | M31: =IF(AND(K31>J31,K32>J32),2,IF(K31>J31,1,IF(K32>J32,1,0))) -> 1
J32: 7 | K32: 6
C34: 5.00pm | D34: Lad A | E34: Amanda Falzon | F34: Yanika Pace | G34: vs | H34: Leanne Vassallo | I34: Alison Muscat | J34: 4 | K34: 6 | L34: =IF(AND(J34>K34,J35>K35),2,IF(J34>K34,1,IF(J35>K35,1,0))) -> 0 | M34: =IF(AND(K34>J34,K35>J35),2,IF(K34>J34,1,IF(K35>J35,1,0))) -> 2
J35: 4 | K35: 6
C37: 6.30pm | D37: Lad B | E37: Silvana Portelli | F37: Tiffany Fenech | G37: vs | H37: Anabel Borg | I37: Sarah Axiaq | J37: 5 | K37: 7 | L37: =IF(AND(J37>K37,J38>K38),2,IF(J37>K37,1,IF(J38>K38,1,0))) -> 0 | M37: =IF(AND(K37>J37,K38>J38),2,IF(K37>J37,1,IF(K38>J38,1,0))) -> 2
J38: 4 | K38: 6
C40: Total Day 5B | J40: =SUM(J28:J38) -> 39 | K40: =SUM(K28:K38) -> 42 | L40: =SUM(L28:L38) -> 3 | M40: =SUM(M28:M38) -> 5
C42: Total Day 5 | J42: =J40+J25 -> 76 | K42: =K40+K25 -> 55 | L42: =L40+L25 -> 9 | M42: =M40+M25 -> 5
C44: Court 2
C46: Time | D46: Rubber | E46: TEAM B: Cory Greenland | H46: TEAM C: Jean Paul Sciberras | J46: Games | L46: Sets
C48: 6.30 pm | D48: Lad A | E48: Christine Schembri | F48: Kaya Sammut | G48: vs | H48: Olivia Belli | I48: Lucienne Meli | J48: 6 | K48: 3 | L48: =IF(AND(J48>K48,J49>K49),2,IF(J48>K48,1,IF(J49>K49,1,0))) -> 2 | M48: =IF(AND(K48>J48,K49>J49),2,IF(K48>J48,1,IF(K49>J49,1,0))) -> 0
J49: 6 | K49: 1
C51: 7.45 pm | D51: Lad C | E51: Karolina Papiernik | F51: Christabelle Chetcuti | G51: vs | H51: Francesca Mamo | I51: Brenda Bugeja | J51: 6 | K51: 1 | L51: =IF(AND(J51>K51,J52>K52),2,IF(J51>K51,1,IF(J52>K52,1,0))) -> 1 | M51: =IF(AND(K51>J51,K52>J52),2,IF(K51>J51,1,IF(K52>J52,1,0))) -> 1
J52: 3 | K52: 6
C54: 7.45 pm | D54: Men C | E54: Kenneth Farrugia | F54: Cory Greenland | G54: vs | H54: Matthew Schembri | I54: Jason Lee Evans | J54: 6 | K54: 4 | L54: =IF(AND(J54>K54,J55>K55),2,IF(J54>K54,1,IF(J55>K55,1,0))) -> 1 | M54: =IF(AND(K54>J54,K55>J55),2,IF(K54>J54,1,IF(K55>J55,1,0))) -> 1
J55: 3 | K55: 6
C57: 9.00 pm | D57: Lad B | E57: Giada Sciberras | F57: Sabrina Xuereb | G57: vs | H57: Kristina Briffa | I57: Brenda Baldacchino | J57: 6 | K57: 3 | L57: =IF(AND(J57>K57,J58>K58),2,IF(J57>K57,1,IF(J58>K58,1,0))) -> 1 | M57: =IF(AND(K57>J57,K58>J58),2,IF(K57>J57,1,IF(K58>J58,1,0))) -> 1
J58: 5 | K58: 7
C60: Total Day 5 A | J60: =SUM(J48:J58) -> 41 | K60: =SUM(K48:K58) -> 31 | L60: =SUM(L48:L58) -> 5 | M60: =SUM(M48:M58) -> 3
C63: 3.30 pm | D63: Men D | E63: David Camilleri | F63: Mario Abdilla | G63: vs | H63: Kevin Sciberras(PRO)Kenneth Caruana | I63: Alberto Bafumi | J63: 3 | K63: 6 | L63: =IF(AND(J63>K63,J64>K64),2,IF(J63>K63,1,IF(J64>K64,1,0))) -> 1 | M63: =IF(AND(K63>J63,K64>J64),2,IF(K63>J63,1,IF(K64>J64,1,0))) -> 1
J64: 6 | K64: 3
C66: 5.00pm | D66: Men B | E66: Kristen Cachia | F66: Ivan Cassar | G66: vs | H66: Willem Steenkamer | I66: Jean Paul Vella | J66: 4 | K66: 6 | L66: =IF(AND(J66>K66,J67>K67),2,IF(J66>K66,1,IF(J67>K67,1,0))) -> 1 | M66: =IF(AND(K66>J66,K67>J67),2,IF(K66>J66,1,IF(K67>J67,1,0))) -> 1
J67: 6 | K67: 4
C69: 6.30pm | D69: Men A | E69: Gareth Magri | F69: Fotios Evangelou | G69: vs | H69: Manuel Bonello | I69: Matthew Pace | J69: 6 | K69: 3 | L69: =IF(AND(J69>K69,J70>K70),2,IF(J69>K69,1,IF(J70>K70,1,0))) -> 1 | M69: =IF(AND(K69>J69,K70>J70),2,IF(K69>J69,1,IF(K70>J70,1,0))) -> 1
J70: 4 | K70: 6
L72: =IF(AND(J72>K72,J73>K73),2,IF(J72>K72,1,IF(J73>K73,1,0))) -> 0 | M72: =IF(AND(K72>J72,K73>J73),2,IF(K72>J72,1,IF(K73>J73,1,0))) -> 0
C75: Total Day 5B | J75: =SUM(J63:J73) -> 29 | K75: =SUM(K63:K73) -> 28 | L75: =SUM(L63:L73) -> 3 | M75: =SUM(M63:M73) -> 3
C77: Total Day 5 | J77: =J75+J60 -> 70 | K77: =K75+K60 -> 59 | L77: =L75+L60 -> 8 | M77: =M75+M60 -> 6
C79: Court 4
C81: Time | D81: Rubber | E81: TEAM E: Roberto Murdocco | H81: TEAM F: Diane Fenech
C83: 6.30 pm | D83: Lad B | E83: Dorianne Buhagiar | F83: Mariska Steenkamer | G83: vs | H83: Maria Angela Gambin | I83: Romina Gauci | J83: 1 | K83: 6 | L83: =IF(AND(J83>K83,J84>K84),2,IF(J83>K83,1,IF(J84>K84,1,0))) -> 0 | M83: =IF(AND(K83>J83,K84>J84),2,IF(K83>J83,1,IF(K84>J84,1,0))) -> 2
J84: 5 | K84: 7
C86: 7.45 pm | D86: Lad A | E86: Annmarie Mangion | F86: Elaine Grech | G86: vs | H86: Renette Magro | I86: Christina Bonett | J86: 6 | K86: 7 | L86: =IF(AND(J86>K86,J87>K87),2,IF(J86>K86,1,IF(J87>K87,1,0))) -> 0 | M86: =IF(AND(K86>J86,K87>J87),2,IF(K86>J86,1,IF(K87>J87,1,0))) -> 2
J87: 3 | K87: 6
C89: 9.00 pm | D89: Men C | E89: Max Anastasi | F89: Jordan Lastimosa | G89: vs | H89: Julian Esposito | I89: Dunstan Vella | J89: 6 | K89: 4 | L89: =IF(AND(J89>K89,J90>K90),2,IF(J89>K89,1,IF(J90>K90,1,0))) -> 2 | M89: =IF(AND(K89>J89,K90>J90),2,IF(K89>J89,1,IF(K90>J90,1,0))) -> 0
J90: 6 | K90: 0
C92: 9.00 pm | D92: Men A | E92: Trevor Rutter | F92: Ivan Cachia | G92: vs | H92: Ansrew Spiteri Willets | I92: Sergey Kasatkin(pro)Jean Attard | J92: 6 | K92: 4 | L92: =IF(AND(J92>K92,J93>K93),2,IF(J92>K92,1,IF(J93>K93,1,0))) -> 2 | M92: =IF(AND(K92>J92,K93>J93),2,IF(K92>J92,1,IF(K93>J93,1,0))) -> 0
J93: 7 | K93: 6
C95: Total Day 5 A | J95: =SUM(J83:J93) -> 40 | K95: =SUM(K83:K93) -> 40 | L95: =SUM(L83:L93) -> 4 | M95: =SUM(M83:M93) -> 4
C98: 3.30 pm | D98: Men D | E98: Braaydon Galea | F98: Oliver Brincat | G98: vs | H98: Clinton Cutajar | I98: Robert Attard | J98: 6 | K98: 4 | L98: =IF(AND(J98>K98,J99>K99),2,IF(J98>K98,1,IF(J99>K99,1,0))) -> 2 | M98: =IF(AND(K98>J98,K99>J99),2,IF(K98>J98,1,IF(K99>J99,1,0))) -> 0
J99: 7 | K99: 6
C101: 5.00pm | D101: Lad C | E101: Maria Ellul | F101: Roberta Grixti | G101: vs | H101: Tiziana Spiteri | I101: Kim Bonello | J101: 3 | K101: 6 | L101: =IF(AND(J101>K101,J102>K102),2,IF(J101>K101,1,IF(J102>K102,1,0))) -> 1 | M101: =IF(AND(K101>J101,K102>J102),2,IF(K101>J101,1,IF(K102>J102,1,0))) -> 1
J102: 7 | K102: 6
C104: 6.30pm | D104: Men B | E104: Emman Xuereb | F104: Luke Genuis | G104: vs | H104: Sergey Kasatkin | I104: Steve Gambin | J104: 6 | K104: 1 | L104: =IF(AND(J104>K104,J105>K105),2,IF(J104>K104,1,IF(J105>K105,1,0))) -> 2 | M104: =IF(AND(K104>J104,K105>J105),2,IF(K104>J104,1,IF(K105>J105,1,0))) -> 0
J105: 6 | K105: 4
C107: 3.30 pm | G107: vs | L107: =IF(AND(J107>K107,J108>K108),2,IF(J107>K107,1,IF(J108>K108,1,0))) -> 0 | M107: =IF(AND(K107>J107,K108>J108),2,IF(K107>J107,1,IF(K108>J108,1,0))) -> 0
C110: Total Day 5B | J110: =SUM(J98:J108) -> 35 | K110: =SUM(K98:K108) -> 27 | L110: =SUM(L98:L108) -> 5 | M110: =SUM(M98:M108) -> 1
C112: Total Day 5 | J112: =J110+J95 -> 75 | K112: =K110+K95 -> 67 | L112: =L110+L95 -> 9 | M112: =M110+M95 -> 5

Sheet Day 6
B1: SAN MICHEL TEAM TOURNAMENT 2026
C6: Day 6 - 06/03/2026 & 07/03/2026
C9: Court 1
C11: Time | D11: Rubber | E11: TEAM A: Christine Scerri | H11: TEAM C: Jean Paul Sciberras | J11: Games | L11: Sets
C13: 6.30 pm | D13: Lad A | E13: Amanda Falzon | F13: Kirsty Mercieca | G13: vs | H13: Alexia Spiteri Willets | I13: Kristina Briffa(pro)Olivia Belli | J13: 6 | K13: 3 | L13: =IF(AND(J13>K13,J14>K14),2,IF(J13>K13,1,IF(J14>K14,1,0))) -> 2 | M13: =IF(AND(K13>J13,K14>J14),2,IF(K13>J13,1,IF(K14>J14,1,0))) -> 0
J14: 6 | K14: 2
C16: 7.45 pm | D16: Men C | E16: Alain Frendo | F16: Redent Scicluna | G16: vs | H16: Matthew Schembri | I16: Jean Paul Sciberras | J16: 6 | K16: 7 | L16: =IF(AND(J16>K16,J17>K17),2,IF(J16>K16,1,IF(J17>K17,1,0))) -> 1 | M16: =IF(AND(K16>J16,K17>J17),2,IF(K16>J16,1,IF(K17>J17,1,0))) -> 1
J17: 6 | K17: 3
C19: 7.45 pm | D19: Lad C | E19: Janice Galea | F19: Christine Scerri | G19: vs | H19: Francesca Mamo | I19: Jodie Stivala | J19: 2 | K19: 6 | L19: =IF(AND(J19>K19,J20>K20),2,IF(J19>K19,1,IF(J20>K20,1,0))) -> 1 | M19: =IF(AND(K19>J19,K20>J20),2,IF(K19>J19,1,IF(K20>J20,1,0))) -> 1
J20: 6 | K20: 4
C22: 9.00 pm | D22: Lad B | E22: Silvana Portelli | F22: Deborah Farrugia | G22: vs | H22: Brenda Baldacchino | I22: Jade Sammut | J22: 2 | K22: 6 | L22: =IF(AND(J22>K22,J23>K23),2,IF(J22>K22,1,IF(J23>K23,1,0))) -> 1 | M22: =IF(AND(K22>J22,K23>J23),2,IF(K22>J22,1,IF(K23>J23,1,0))) -> 1
J23: 6 | K23: 2
C25: Total Day 6 A | J25: =SUM(J13:J23) -> 40 | K25: =SUM(K13:K23) -> 33 | L25: =SUM(L13:L23) -> 5 | M25: =SUM(M13:M23) -> 3
C28: 9.00 pm | D28: Men A | E28: Clayton Zammit Cesare | F28: Andrew Pule' | G28: vs | H28: Manuel Bonello(pro)Matthew Pace | I28: Peter Khiev | J28: 6 | K28: 3 | L28: =IF(AND(J28>K28,J29>K29),2,IF(J28>K28,1,IF(J29>K29,1,0))) -> 2 | M28: =IF(AND(K28>J28,K29>J29),2,IF(K28>J28,1,IF(K29>J29,1,0))) -> 0
J29: 6 | K29: 0
C31: 3.30 pm | D31: Men B | E31: Cyril Lastimosa | F31: Clint Agius | G31: vs | H31: Jean Paul Vella | I31: Willem Steenkamer | J31: 6 | K31: 0 | L31: =IF(AND(J31>K31,J32>K32),2,IF(J31>K31,1,IF(J32>K32,1,0))) -> 2 | M31: =IF(AND(K31>J31,K32>J32),2,IF(K31>J31,1,IF(K32>J32,1,0))) -> 0
J32: 6 | K32: 4
C34: 6.30 pm | D34: Men D | E34: Daniele Privitera | F34: Antoine Bugeja | G34: vs | H34: Kevin Sciberras(pro)Kenneth Caruana | I34: Alberto Bafumi | J34: 6 | K34: 2 | L34: =IF(AND(J34>K34,J35>K35),2,IF(J34>K34,1,IF(J35>K35,1,0))) -> 2 | M34: =IF(AND(K34>J34,K35>J35),2,IF(K34>J34,1,IF(K35>J35,1,0))) -> 0
J35: 7 | K35: 6
L37: =IF(AND(J37>K37,J38>K38),2,IF(J37>K37,1,IF(J38>K38,1,0))) -> 0 | M37: =IF(AND(K37>J37,K38>J38),2,IF(K37>J37,1,IF(K38>J38,1,0))) -> 0
C40: Total Day 6B | J40: =SUM(J28:J38) -> 37 | K40: =SUM(K28:K38) -> 15 | L40: =SUM(L28:L38) -> 6 | M40: =SUM(M28:M38) -> 0
C42: Total Day 6 | J42: =J40+J25 -> 77 | K42: =K40+K25 -> 48 | L42: =L40+L25 -> 11 | M42: =M40+M25 -> 3
C44: Court 2
C46: Time | D46: Rubber | E46: TEAM D: Juan Sammut | H46: TEAM E: Roberto Murdocco | J46: Games | L46: Sets
C48: 6.30 pm | D48: Lad C | E48: Frances Saliba Hersey | F48: Mary Borg | G48: vs | H48: Leanne Sammut | I48: Roberta Grixti | J48: 6 | K48: 3 | L48: =IF(AND(J48>K48,J49>K49),2,IF(J48>K48,1,IF(J49>K49,1,0))) -> 1 | M48: =IF(AND(K48>J48,K49>J49),2,IF(K48>J48,1,IF(K49>J49,1,0))) -> 1
J49: 2 | K49: 6
C51: 7.45 pm | D51: Men D | E51: Joseph Randich | F51: Owen Farrugia | G51: vs | H51: Matthias Cremona | I51: Oliver Brincat | J51: 3 | K51: 6 | L51: =IF(AND(J51>K51,J52>K52),2,IF(J51>K51,1,IF(J52>K52,1,0))) -> 0 | M51: =IF(AND(K51>J51,K52>J52),2,IF(K51>J51,1,IF(K52>J52,1,0))) -> 2
J52: 2 | K52: 6
C54: 9.00 pm | D54: Lad B | E54: Anabel Borg | F54: Sarah Axiaq | G54: vs | H54: Nancy Wong | I54: Mariska Steenkamer | J54: 2 | K54: 6 | L54: =IF(AND(J54>K54,J55>K55),2,IF(J54>K54,1,IF(J55>K55,1,0))) -> 0 | M54: =IF(AND(K54>J54,K55>J55),2,IF(K54>J54,1,IF(K55>J55,1,0))) -> 2
J55: 2 | K55: 6
L57: =IF(AND(J57>K57,J58>K58),2,IF(J57>K57,1,IF(J58>K58,1,0))) -> 0 | M57: =IF(AND(K57>J57,K58>J58),2,IF(K57>J57,1,IF(K58>J58,1,0))) -> 0
C60: Total Day 6 A | J60: =SUM(J48:J58) -> 17 | K60: =SUM(K48:K58) -> 33 | L60: =SUM(L48:L58) -> 1 | M60: =SUM(M48:M58) -> 5
C63: 3.30 pm | D63: Men A | E63: Jesmond Pule' | F63: David Mifsud | G63: vs | H63: Trevor Rutter | I63: Marco Mercieca | J63: 0 | K63: 6 | L63: =IF(AND(J63>K63,J64>K64),2,IF(J63>K63,1,IF(J64>K64,1,0))) -> 0 | M63: =IF(AND(K63>J63,K64>J64),2,IF(K63>J63,1,IF(K64>J64,1,0))) -> 2
J64: 2 | K64: 6
C66: 5.00pm | D66: Men B | E66: George Grech | F66: Jurgen Farrugia | G66: vs | H66: Emman Xuereb | I66: Roberto Murdocco | J66: 6 | K66: 1 | L66: =IF(AND(J66>K66,J67>K67),2,IF(J66>K66,1,IF(J67>K67,1,0))) -> 1 | M66: =IF(AND(K66>J66,K67>J67),2,IF(K66>J66,1,IF(K67>J67,1,0))) -> 1
J67: 5 | K67: 7
C69: 6.00pm | D69: Men C | E69: Juan Sammut | F69: Sam Micallef | G69: vs | H69: Aaron Micallef Piccione | I69: Jordan Lastimosa | J69: 7 | K69: 6 | L69: =IF(AND(J69>K69,J70>K70),2,IF(J69>K69,1,IF(J70>K70,1,0))) -> 1 | M69: =IF(AND(K69>J69,K70>J70),2,IF(K69>J69,1,IF(K70>J70,1,0))) -> 1
J70: 2 | K70: 6
C72: 6.30pm | D72: Lad A | E72: Leanne Vassallo | F72: Alison Muscat | G72: vs | H72: Annmarie Mangion | I72: Mae Jane Manzanares | J72: 4 | K72: 6 | L72: =IF(AND(J72>K72,J73>K73),2,IF(J72>K72,1,IF(J73>K73,1,0))) -> 0 | M72: =IF(AND(K72>J72,K73>J73),2,IF(K72>J72,1,IF(K73>J73,1,0))) -> 2
J73: 1 | K73: 6
C75: Total Day 6B | J75: =SUM(J63:J73) -> 27 | K75: =SUM(K63:K73) -> 44 | L75: =SUM(L63:L73) -> 2 | M75: =SUM(M63:M73) -> 6
C77: Total Day 6 | J77: =J75+J60 -> 44 | K77: =K75+K60 -> 77 | L77: =L75+L60 -> 3 | M77: =M75+M60 -> 11
C79: Court 4
C81: Time | D81: Rubber | E81: TEAM B: Cory Greenland | H81: TEAM F: Diane Fenech
C83: 6.30 pm | D83: Men A | E83: Gareth Magri | F83: Javier Viloria | G83: vs | H83: Kurt Carabott | I83: Jean Attard | J83: 6 | K83: 4 | L83: =IF(AND(J83>K83,J84>K84),2,IF(J83>K83,1,IF(J84>K84,1,0))) -> 2 | M83: =IF(AND(K83>J83,K84>J84),2,IF(K83>J83,1,IF(K84>J84,1,0))) -> 0
J84: 6 | K84: 4
C86: 6.30 pm | D86: Men B | E86: Kristen Cachia | F86: Tobias Kristensen | G86: vs | H86: Richard Curmi | I86: Steve Gambin | J86: 6 | K86: 3 | L86: =IF(AND(J86>K86,J87>K87),2,IF(J86>K86,1,IF(J87>K87,1,0))) -> 1 | M86: =IF(AND(K86>J86,K87>J87),2,IF(K86>J86,1,IF(K87>J87,1,0))) -> 1
J87: 1 | K87: 6
C89: 7.45 pm | D89: Lad A | E89: Christine Schembri | F89: Andrea Magaldi(pro)Kelsey Gauci | G89: vs | H89: Christina Bonett | I89: Anthea Gauci | J89: 3 | K89: 6 | L89: =IF(AND(J89>K89,J90>K90),2,IF(J89>K89,1,IF(J90>K90,1,0))) -> 0 | M89: =IF(AND(K89>J89,K90>J90),2,IF(K89>J89,1,IF(K90>J90,1,0))) -> 2
J90: 6 | K90: 7
C92: 9.00 pm | D92: Lad C | E92: Karolina Papiernik | F92: Alida Borg | G92: vs | H92: Tiziana Spiteri | I92: Kim Bonello | J92: 4 | K92: 6 | L92: =IF(AND(J92>K92,J93>K93),2,IF(J92>K92,1,IF(J93>K93,1,0))) -> 1 | M92: =IF(AND(K92>J92,K93>J93),2,IF(K92>J92,1,IF(K93>J93,1,0))) -> 1
J93: 7 | K93: 6
C95: Total Day 6 A | J95: =SUM(J83:J93) -> 39 | K95: =SUM(K83:K93) -> 42 | L95: =SUM(L83:L93) -> 4 | M95: =SUM(M83:M93) -> 4
C98: 3.30 pm | D98: Men C | E98: Kenneth Farrugia | F98: Manuel Mifsud | G98: vs | H98: Simone Re | I98: Dunstan Vella | J98: 6 | K98: 2 | L98: =IF(AND(J98>K98,J99>K99),2,IF(J98>K98,1,IF(J99>K99,1,0))) -> 2 | M98: =IF(AND(K98>J98,K99>J99),2,IF(K98>J98,1,IF(K99>J99,1,0))) -> 0
J99: 7 | K99: 5
C101: 5.00pm | D101: Men D | E101: David Camilleri | F101: Matthew Napier | G101: vs | H101: Ryan Ebejer | I101: Robert Attard | J101: 7 | K101: 5 | L101: =IF(AND(J101>K101,J102>K102),2,IF(J101>K101,1,IF(J102>K102,1,0))) -> 1 | M101: =IF(AND(K101>J101,K102>J102),2,IF(K101>J101,1,IF(K102>J102,1,0))) -> 1
J102: 6 | K102: 7
C104: 6.30pm | D104: Lad B | E104: Andrea Magaldi | F104: Sabrina Xuereb | G104: vs | H104: Maria Angela Gambin | I104: Ann Marie Attard | J104: 6 | K104: 4 | L104: =IF(AND(J104>K104,J105>K105),2,IF(J104>K104,1,IF(J105>K105,1,0))) -> 2 | M104: =IF(AND(K104>J104,K105>J105),2,IF(K104>J104,1,IF(K105>J105,1,0))) -> 0
J105: 7 | K105: 5
G107: vs | L107: =IF(AND(J107>K107,J108>K108),2,IF(J107>K107,1,IF(J108>K108,1,0))) -> 0 | M107: =IF(AND(K107>J107,K108>J108),2,IF(K107>J107,1,IF(K108>J108,1,0))) -> 0
C110: Total Day 6B | J110: =SUM(J98:J108) -> 39 | K110: =SUM(K98:K108) -> 28 | L110: =SUM(L98:L108) -> 5 | M110: =SUM(M98:M108) -> 1
C112: Total Day 6 | J112: =J110+J95 -> 78 | K112: =K110+K95 -> 70 | L112: =L110+L95 -> 9 | M112: =M110+M95 -> 5

Sheet Day 7
C1: SAN MICHEL TEAM TOURNAMENT 2026
C6: Day 7 - 13/03/2026 & 14/03/2026
C9: Court 1
C11: Time | D11: Rubber | E11: TEAM B: Cory Greenland | H11: TEAM E: Roberto Murdocco | J11: Games | L11: Sets
C13: 6.30 pm | D13: Lad C | E13: Karolina Papiernik | F13: Christabelle Chetcuti | G13: vs | H13: Leanne Sammut | I13: Maria Ellul | J13: 6 | K13: 4 | L13: =IF(AND(J13>K13,J14>K14),2,IF(J13>K13,1,IF(J14>K14,1,0))) -> 1 | M13: =IF(AND(K13>J13,K14>J14),2,IF(K13>J13,1,IF(K14>J14,1,0))) -> 1
J14: 5 | K14: 7
C16: 7.45 pm | G16: vs | L16: =IF(AND(J16>K16,J17>K17),2,IF(J16>K16,1,IF(J17>K17,1,0))) -> 0 | M16: =IF(AND(K16>J16,K17>J17),2,IF(K16>J16,1,IF(K17>J17,1,0))) -> 0
C19: 9.00 pm | D19: Men C | E19: Kenneth Farrugia | F19: Cory Greenland | G19: vs | H19: Max Anastasi | I19: Jordan Lastimosa | J19: 7 | K19: 5 | L19: =IF(AND(J19>K19,J20>K20),2,IF(J19>K19,1,IF(J20>K20,1,0))) -> 1 | M19: =IF(AND(K19>J19,K20>J20),2,IF(K19>J19,1,IF(K20>J20,1,0))) -> 1
J20: 6 | K20: 7
C22: 3.30 pm | D22: Men A | E22: Gareth Magri | F22: Fotios Evangelou | G22: vs | H22: Marco Mercieca | I22: Ivan Cachia | J22: 6 | K22: 0 | L22: =IF(AND(J22>K22,J23>K23),2,IF(J22>K22,1,IF(J23>K23,1,0))) -> 2 | M22: =IF(AND(K22>J22,K23>J23),2,IF(K22>J22,1,IF(K23>J23,1,0))) -> 0
J23: 7 | K23: 6
C25: Total Day 7 A | J25: =SUM(J13:J23) -> 37 | K25: =SUM(K13:K23) -> 29 | L25: =SUM(L13:L23) -> 4 | M25: =SUM(M13:M23) -> 2
C28: 3.30 pm | D28: Lad B | E28: Andrea Magalgi | F28: Giada Sciberras | G28: vs | H28: Nancy Wong | I28: Mariska Steenkameer | J28: 6 | K28: 1 | L28: =IF(AND(J28>K28,J29>K29),2,IF(J28>K28,1,IF(J29>K29,1,0))) -> 2 | M28: =IF(AND(K28>J28,K29>J29),2,IF(K28>J28,1,IF(K29>J29,1,0))) -> 0
J29: 6 | K29: 3
C31: 5.00 pm | D31: Lad A | E31: Christine Schembri | F31: Kaya Sammut | G31: vs | H31: Annmarie Mangion | I31: Elaine Grech | J31: 3 | K31: 6 | L31: =IF(AND(J31>K31,J32>K32),2,IF(J31>K31,1,IF(J32>K32,1,0))) -> 0 | M31: =IF(AND(K31>J31,K32>J32),2,IF(K31>J31,1,IF(K32>J32,1,0))) -> 2
J32: 3 | K32: 6
C34: 5.00 pm | D34: Men B | E34: Kristen Cachia | F34: Tobias Kristensen | G34: vs | H34: Emman Xuereb | I34: Luke Genuis | J34: 6 | K34: 7 | L34: =IF(AND(J34>K34,J35>K35),2,IF(J34>K34,1,IF(J35>K35,1,0))) -> 1 | M34: =IF(AND(K34>J34,K35>J35),2,IF(K34>J34,1,IF(K35>J35,1,0))) -> 1
J35: 6 | K35: 1
C37: 6.30 pm | D37: Men D | E37: David Camilleri | F37: Mario Abdilla | G37: vs | H37: Matthias Cremona | I37: Braydon Galea | J37: 2 | K37: 6 | L37: =IF(AND(J37>K37,J38>K38),2,IF(J37>K37,1,IF(J38>K38,1,0))) -> 0 | M37: =IF(AND(K37>J37,K38>J38),2,IF(K37>J37,1,IF(K38>J38,1,0))) -> 2
J38: 3 | K38: 6
C40: Total Day 7B | J40: =SUM(J28:J38) -> 35 | K40: =SUM(K28:K38) -> 36 | L40: =SUM(L28:L38) -> 3 | M40: =SUM(M28:M38) -> 5
C42: Total Day 7 | J42: =J40+J25 -> 72 | K42: =K40+K25 -> 65 | L42: =L40+L25 -> 7 | M42: =M40+M25 -> 7
C44: Court 2
C46: Time | D46: Rubber | E46: TEAM A: Christine Scerri | H46: TEAM F: Diane Fenech | J46: Games | L46: Sets
C48: 6.30 pm | D48: Men A | E48: Clayton Zammit Cesare | F48: Jonathan Martinelli | G48: vs | H48: Kurt Carabott | I48: Andrew Spiteri Willets | J48: 6 | K48: 3 | L48: =IF(AND(J48>K48,J49>K49),2,IF(J48>K48,1,IF(J49>K49,1,0))) -> 2 | M48: =IF(AND(K48>J48,K49>J49),2,IF(K48>J48,1,IF(K49>J49,1,0))) -> 0
J49: 6 | K49: 4
C51: 7.45 pm | D51: Lad A | E51: Amanda Falzon | F51: Yanika Pace | G51: vs | H51: Renette Magro | I51: Christina Bonett | J51: 0 | K51: 6 | L51: =IF(AND(J51>K51,J52>K52),2,IF(J51>K51,1,IF(J52>K52,1,0))) -> 0 | M51: =IF(AND(K51>J51,K52>J52),2,IF(K51>J51,1,IF(K52>J52,1,0))) -> 2
J52: 2 | K52: 6
C54: 9.00 pm | D54: Men C | E54: Alain Frendo | F54: Charles Sacco | G54: vs | H54: Julian Esposito | I54: Simone Re | J54: 3 | K54: 6 | L54: =IF(AND(J54>K54,J55>K55),2,IF(J54>K54,1,IF(J55>K55,1,0))) -> 1 | M54: =IF(AND(K54>J54,K55>J55),2,IF(K54>J54,1,IF(K55>J55,1,0))) -> 1
J55: 6 | K55: 3
C57: 7.45 pm | D57: Lad C | E57: Josette Cassar | F57: Christine Scerri | G57: vs | H57: Tiziana Spiteri | I57: Daphne Vella | J57: 1 | K57: 6 | L57: =IF(AND(J57>K57,J58>K58),2,IF(J57>K57,1,IF(J58>K58,1,0))) -> 0 | M57: =IF(AND(K57>J57,K58>J58),2,IF(K57>J57,1,IF(K58>J58,1,0))) -> 2
J58: 0 | K58: 6
C60: Total Day 7 A | J60: =SUM(J48:J58) -> 24 | K60: =SUM(K48:K58) -> 40 | L60: =SUM(L48:L58) -> 3 | M60: =SUM(M48:M58) -> 5
C63: 3.30 pm | D63: Men B | E63: Clint Agius | F63: Charles Sacco(pro)Sandro Pecorella | G63: vs | H63: Sergey Kasatkin | I63: Richard Curmi | J63: 4 | K63: 6 | L63: =IF(AND(J63>K63,J64>K64),2,IF(J63>K63,1,IF(J64>K64,1,0))) -> 0 | M63: =IF(AND(K63>J63,K64>J64),2,IF(K63>J63,1,IF(K64>J64,1,0))) -> 2
J64: 4 | K64: 6
C66: 5.00pm | D66: Lad B | E66: Tiffany Fenech | F66: Deborah Farrugia | G66: vs | H66: Maria Angela Gambin | I66: Romina Gauci | J66: 4 | K66: 6 | L66: =IF(AND(J66>K66,J67>K67),2,IF(J66>K66,1,IF(J67>K67,1,0))) -> 0 | M66: =IF(AND(K66>J66,K67>J67),2,IF(K66>J66,1,IF(K67>J67,1,0))) -> 2
J67: 3 | K67: 6
C69: 6.30 pm | D69: Men D | E69: Daniele Privitera | F69: Dorian Demanuele | G69: vs | H69: Ryan Ebejer | I69: Clinton Cutajar | J69: 4 | K69: 6 | L69: =IF(AND(J69>K69,J70>K70),2,IF(J69>K69,1,IF(J70>K70,1,0))) -> 0 | M69: =IF(AND(K69>J69,K70>J70),2,IF(K69>J69,1,IF(K70>J70,1,0))) -> 2
J70: 3 | K70: 6
L72: =IF(AND(J72>K72,J73>K73),2,IF(J72>K72,1,IF(J73>K73,1,0))) -> 0 | M72: =IF(AND(K72>J72,K73>J73),2,IF(K72>J72,1,IF(K73>J73,1,0))) -> 0
C75: Total Day 7B | J75: =SUM(J63:J73) -> 22 | K75: =SUM(K63:K73) -> 36 | L75: =SUM(L63:L73) -> 0 | M75: =SUM(M63:M73) -> 6
C77: Total Day 7 | J77: =J75+J60 -> 46 | K77: =K75+K60 -> 76 | L77: =L75+L60 -> 3 | M77: =M75+M60 -> 11
C79: Court 4
C81: Time | D81: Rubber | E81: TEAM C: Jean Paul Sciberras | H81: TEAM D: Juan Sammut
C83: 6.30 pm | D83: Men D | E83: Kevin Sciberras | F83: Jean Paul Sciberras(Dem.)Kenneth Caruana | G83: vs | H83: Joseph Randich | I83: Clifford Debono | J83: 7 | K83: 6 | L83: =IF(AND(J83>K83,J84>K84),2,IF(J83>K83,1,IF(J84>K84,1,0))) -> 1 | M83: =IF(AND(K83>J83,K84>J84),2,IF(K83>J83,1,IF(K84>J84,1,0))) -> 1
J84: 3 | K84: 6
C86: 7.45 pm | D86: Men A | E86: Matthew Pace | F86: Peter Khiev | G86: vs | H86: Duncan D'Alessandro | I86: Jesmond Pule' | J86: 6 | K86: 4 | L86: =IF(AND(J86>K86,J87>K87),2,IF(J86>K86,1,IF(J87>K87,1,0))) -> 2 | M86: =IF(AND(K86>J86,K87>J87),2,IF(K86>J86,1,IF(K87>J87,1,0))) -> 0
J87: 6 | K87: 4
C89: 9.00 pm | D89: Lad C | E89: Brenda Bugeja | F89: Francesca Mamo | G89: vs | H89: Frances Saliba Hersey | I89: Jennifer Roca | J89: 6 | K89: 7 | L89: =IF(AND(J89>K89,J90>K90),2,IF(J89>K89,1,IF(J90>K90,1,0))) -> 0 | M89: =IF(AND(K89>J89,K90>J90),2,IF(K89>J89,1,IF(K90>J90,1,0))) -> 2
J90: 4 | K90: 6
L92: =IF(AND(J92>K92,J93>K93),2,IF(J92>K92,1,IF(J93>K93,1,0))) -> 0 | M92: =IF(AND(K92>J92,K93>J93),2,IF(K92>J92,1,IF(K93>J93,1,0))) -> 0
C95: Total Day 7 A | J95: =SUM(J83:J93) -> 32 | K95: =SUM(K83:K93) -> 33 | L95: =SUM(L83:L93) -> 3 | M95: =SUM(M83:M93) -> 3
C98: 3.30 pm | D98: Men B | E98: Jonathan Vella | F98: Willem Steenkamer | G98: vs | H98: David Schembri | I98: George Grech | J98: 6 | K98: 7 | L98: =IF(AND(J98>K98,J99>K99),2,IF(J98>K98,1,IF(J99>K99,1,0))) -> 1 | M98: =IF(AND(K98>J98,K99>J99),2,IF(K98>J98,1,IF(K99>J99,1,0))) -> 1
J99: 7 | K99: 6
C101: 5.00 pm | D101: Lad A | E101: Alexia Spiteri Willets | F101: Lucienne Meli | G101: vs | H101: Alison Muscat | I101: Louise Qi | J101: 6 | K101: 3 | L101: =IF(AND(J101>K101,J102>K102),2,IF(J101>K101,1,IF(J102>K102,1,0))) -> 1 | M101: =IF(AND(K101>J101,K102>J102),2,IF(K101>J101,1,IF(K102>J102,1,0))) -> 1
J102: 4 | K102: 6
C104: 6.30 pm | D104: Lad B | E104: Kristina Briffa | F104: Jade Sammut | G104: vs | H104: Anabel Borg | I104: Sue Stevenson | J104: 6 | K104: 4 | L104: =IF(AND(J104>K104,J105>K105),2,IF(J104>K104,1,IF(J105>K105,1,0))) -> 2 | M104: =IF(AND(K104>J104,K105>J105),2,IF(K104>J104,1,IF(K105>J105,1,0))) -> 0
J105: 7 | K105: 6
C107: 6.30 pm | D107: Men C | E107: Matthew Schembri | F107: Jason Lee Evans | G107: vs | H107: Etienne Formosa Carabez | I107: Juan Sammut | J107: 4 | K107: 6 | L107: =IF(AND(J107>K107,J108>K108),2,IF(J107>K107,1,IF(J108>K108,1,0))) -> 1 | M107: =IF(AND(K107>J107,K108>J108),2,IF(K107>J107,1,IF(K108>J108,1,0))) -> 1
J108: 6 | K108: 4
C110: Total Day 7B | J110: =SUM(J98:J108) -> 46 | K110: =SUM(K98:K108) -> 42 | L110: =SUM(L98:L108) -> 5 | M110: =SUM(M98:M108) -> 3
C112: Total Day 7 | J112: =J110+J95 -> 78 | K112: =K110+K95 -> 75 | L112: =L110+L95 -> 8 | M112: =M110+M95 -> 6

Sheet Day 8
C1: SAN MICHEL TEAM TOURNAMENT 2026
C6: Day 8 - 20/03/2026 & 21/03/2026
C9: Court 1
C11: Time | D11: Rubber | E11: TEAM C: Jean Paul Sciberras | H11: TEAM F: Diane Fenech | J11: Games | L11: Sets
C13: 6.30 pm | D13: Men A | E13: Manuel Bonello | F13: Matthew Pace | G13: vs | H13: Kurt Carabott | I13: Jean Attard | J13: 6 | K13: 2 | L13: =IF(AND(J13>K13,J14>K14),2,IF(J13>K13,1,IF(J14>K14,1,0))) -> 2 | M13: =IF(AND(K13>J13,K14>J14),2,IF(K13>J13,1,IF(K14>J14,1,0))) -> 0
J14: 6 | K14: 0
C16: 6.30 pm | D16: Men D | E16: Kevin Sciberras | F16: Alberto Bafumi | G16: vs | H16: Ryan Ebejer | I16: Clinton Cutajar | J16: 3 | K16: 6 | L16: =IF(AND(J16>K16,J17>K17),2,IF(J16>K16,1,IF(J17>K17,1,0))) -> 0 | M16: =IF(AND(K16>J16,K17>J17),2,IF(K16>J16,1,IF(K17>J17,1,0))) -> 2
J17: 6 | K17: 7
C19: 7.45 pm | D19: Lad B | E19: Kristina Briffa | F19: Brenda Baldacchino | G19: vs | H19: Maria Angela Gambin | I19: Ann Marie Attard | J19: 6 | K19: 3 | L19: =IF(AND(J19>K19,J20>K20),2,IF(J19>K19,1,IF(J20>K20,1,0))) -> 2 | M19: =IF(AND(K19>J19,K20>J20),2,IF(K19>J19,1,IF(K20>J20,1,0))) -> 0
J20: 7 | K20: 6
C22: 9.00 pm | D22: Lad C | E22: Francesca Mamo | F22: Jodie Stivala | G22: vs | H22: Tiziana Spiteri | I22: Kim Bonello | J22: 6 | K22: 1 | L22: =IF(AND(J22>K22,J23>K23),2,IF(J22>K22,1,IF(J23>K23,1,0))) -> 2 | M22: =IF(AND(K22>J22,K23>J23),2,IF(K22>J22,1,IF(K23>J23,1,0))) -> 0
J23: 6 | K23: 0
C25: Total Day 8 A | J25: =SUM(J13:J23) -> 46 | K25: =SUM(K13:K23) -> 25 | L25: =SUM(L13:L23) -> 6 | M25: =SUM(M13:M23) -> 2
C28: 3.30 pm | D28: Lad A | E28: Alexia Spiteri Willets | F28: Olivia Belli | G28: vs | H28: Renette Magro | I28: Anthea Gauci | J28: 3 | K28: 6 | L28: =IF(AND(J28>K28,J29>K29),2,IF(J28>K28,1,IF(J29>K29,1,0))) -> 0 | M28: =IF(AND(K28>J28,K29>J29),2,IF(K28>J28,1,IF(K29>J29,1,0))) -> 2
J29: 0 | K29: 6
C31: 3.30 pm | D31: Men B | E31: Jonathan Vella | F31: Willem Steenkamer | G31: vs | H31: Sergey Kasatkin | I31: Steve Gambin | J31: 6 | K31: 3 | L31: =IF(AND(J31>K31,J32>K32),2,IF(J31>K31,1,IF(J32>K32,1,0))) -> 2 | M31: =IF(AND(K31>J31,K32>J32),2,IF(K31>J31,1,IF(K32>J32,1,0))) -> 0
J32: 6 | K32: 2
C34: 5.00 pm | D34: Men C | E34: Matthew Schembri | F34: Jean Paul Sciberras | G34: vs | H34: Julian Esposito | I34: Simone Re | J34: 6 | K34: 7 | L34: =IF(AND(J34>K34,J35>K35),2,IF(J34>K34,1,IF(J35>K35,1,0))) -> 1 | M34: =IF(AND(K34>J34,K35>J35),2,IF(K34>J34,1,IF(K35>J35,1,0))) -> 1
J35: 7 | K35: 5
C37: 6.30 pm | G37: vs | L37: =IF(AND(J37>K37,J38>K38),2,IF(J37>K37,1,IF(J38>K38,1,0))) -> 0 | M37: =IF(AND(K37>J37,K38>J38),2,IF(K37>J37,1,IF(K38>J38,1,0))) -> 0
C40: Total Day 8 B | J40: =SUM(J28:J38) -> 28 | K40: =SUM(K28:K38) -> 29 | L40: =SUM(L28:L38) -> 3 | M40: =SUM(M28:M38) -> 3
C42: Total Day 8 | J42: =J40+J25 -> 74 | K42: =K40+K25 -> 54 | L42: =L40+L25 -> 9 | M42: =M40+M25 -> 5
C44: Court 2
C46: Time | D46: Rubber | E46: TEAM D: Juan Sammut | H46: TEAM B: Cory Greenland | J46: Games | L46: Sets
C48: 6.30 pm | D48: Men A | E48: Duncan D'Alessandro | F48: Jesmond Pule' | G48: vs | H48: Gareth Magri | I48: Javier Viloria | J48: 0 | K48: 6 | L48: =IF(AND(J48>K48,J49>K49),2,IF(J48>K48,1,IF(J49>K49,1,0))) -> 0 | M48: =IF(AND(K48>J48,K49>J49),2,IF(K48>J48,1,IF(K49>J49,1,0))) -> 2
J49: 0 | K49: 6
C51: 7.45 pm | D51: Lad B | E51: Anabel Borg | F51: Sue Stevenson | G51: vs | H51: Andrea Magaldi | I51: Sabrina Xuereb | J51: 2 | K51: 6 | L51: =IF(AND(J51>K51,J52>K52),2,IF(J51>K51,1,IF(J52>K52,1,0))) -> 0 | M51: =IF(AND(K51>J51,K52>J52),2,IF(K51>J51,1,IF(K52>J52,1,0))) -> 2
J52: 2 | K52: 6
C54: 9.00 pm | D54: Men C | E54: Etienne Formosa Carabez | F54: Sam Micallef | G54: vs | H54: Kenneth Farrugia | I54: Manuel Mifsud | J54: 1 | K54: 6 | L54: =IF(AND(J54>K54,J55>K55),2,IF(J54>K54,1,IF(J55>K55,1,0))) -> 0 | M54: =IF(AND(K54>J54,K55>J55),2,IF(K54>J54,1,IF(K55>J55,1,0))) -> 2
J55: 4 | K55: 6
C57: 9.00 pm | G57: vs | L57: =IF(AND(J57>K57,J58>K58),2,IF(J57>K57,1,IF(J58>K58,1,0))) -> 0 | M57: =IF(AND(K57>J57,K58>J58),2,IF(K57>J57,1,IF(K58>J58,1,0))) -> 0
C60: Total Day 8 A | J60: =SUM(J48:J58) -> 9 | K60: =SUM(K48:K58) -> 36 | L60: =SUM(L48:L58) -> 0 | M60: =SUM(M48:M58) -> 6
C63: 3.00 pm | D63: Men D | E63: Joseph Randich | F63: Owen Farrugia | G63: vs | H63: David Camilleri | I63: Mario Abdilla | J63: 6 | K63: 4 | L63: =IF(AND(J63>K63,J64>K64),2,IF(J63>K63,1,IF(J64>K64,1,0))) -> 1 | M63: =IF(AND(K63>J63,K64>J64),2,IF(K63>J63,1,IF(K64>J64,1,0))) -> 1
J64: 2 | K64: 6
C66: 5.00 pm | D66: Lad C | E66: Jennifer Roca | F66: Mary Borg | G66: vs | H66: Sabrina Xuereb(Dem.)Karolina Papiernik | I66: Christabelle Chetcuti | J66: 3 | K66: 6 | L66: =IF(AND(J66>K66,J67>K67),2,IF(J66>K66,1,IF(J67>K67,1,0))) -> 0 | M66: =IF(AND(K66>J66,K67>J67),2,IF(K66>J66,1,IF(K67>J67,1,0))) -> 2
J67: 5 | K67: 7
C69: 5.00 pm | D69: Lad A | E69: Leanne Vassallo | F69: Louise Qi | G69: vs | H69: Christine Schembri | I69: Kaya Sammut | J69: 7 | K69: 6 | L69: =IF(AND(J69>K69,J70>K70),2,IF(J69>K69,1,IF(J70>K70,1,0))) -> 2 | M69: =IF(AND(K69>J69,K70>J70),2,IF(K69>J69,1,IF(K70>J70,1,0))) -> 0
J70: 7 | K70: 5
C72: 6.30 pm | D72: Men B | E72: David Schembri | F72: Jurgen Farrugia | G72: vs | H72: Kristen Cachia | I72: Ivan Cassar | J72: 0 | K72: 6 | L72: =IF(AND(J72>K72,J73>K73),2,IF(J72>K72,1,IF(J73>K73,1,0))) -> 1 | M72: =IF(AND(K72>J72,K73>J73),2,IF(K72>J72,1,IF(K73>J73,1,0))) -> 1
J73: 7 | K73: 5
C75: Total Day 8 B | J75: =SUM(J63:J73) -> 37 | K75: =SUM(K63:K73) -> 45 | L75: =SUM(L63:L73) -> 4 | M75: =SUM(M63:M73) -> 4
C77: Total Day 8 | J77: =J75+J60 -> 46 | K77: =K75+K60 -> 81 | L77: =L75+L60 -> 4 | M77: =M75+M60 -> 10
C79: Court 4
C81: Time | D81: Rubber | E81: TEAM A: Christine Scerri | H81: TEAM E: Roberto Murdocco
C83: 6.30 pm | D83: Lad C | E83: Josette Cassar | F83: Christine Scerri | G83: vs | H83: Leanne Sammut | I83: Roberta Grixti | J83: 3 | K83: 6 | L83: =IF(AND(J83>K83,J84>K84),2,IF(J83>K83,1,IF(J84>K84,1,0))) -> 0 | M83: =IF(AND(K83>J83,K84>J84),2,IF(K83>J83,1,IF(K84>J84,1,0))) -> 2
J84: 3 | K84: 6
C86: 7.45 pm | D86: Men C | E86: Redent Scicluna | F86: Alain Frendo | G86: vs | H86: Max Anastasi | I86: Jordan Lastimosa | J86: 6 | K86: 4 | L86: =IF(AND(J86>K86,J87>K87),2,IF(J86>K86,1,IF(J87>K87,1,0))) -> 1 | M86: =IF(AND(K86>J86,K87>J87),2,IF(K86>J86,1,IF(K87>J87,1,0))) -> 1
J87: 2 | K87: 6
C89: 7.45 pm | D89: Lad B | E89: Silvana Portelli | F89: Tiffany Fenech | G89: vs | H89: Dorianne Buhagiar | I89: Nancy Wong | J89: 6 | K89: 2 | L89: =IF(AND(J89>K89,J90>K90),2,IF(J89>K89,1,IF(J90>K90,1,0))) -> 1 | M89: =IF(AND(K89>J89,K90>J90),2,IF(K89>J89,1,IF(K90>J90,1,0))) -> 1
J90: 6 | K90: 7
L92: =IF(AND(J92>K92,J93>K93),2,IF(J92>K92,1,IF(J93>K93,1,0))) -> 0 | M92: =IF(AND(K92>J92,K93>J93),2,IF(K92>J92,1,IF(K93>J93,1,0))) -> 0
C95: Total Day 8 A | J95: =SUM(J83:J93) -> 26 | K95: =SUM(K83:K93) -> 31 | L95: =SUM(L83:L93) -> 2 | M95: =SUM(M83:M93) -> 4
C98: 3.30 pm | D98: Men A | E98: Andrew Pule` | F98: Jonathan Martinelli | G98: vs | H98: Marco Mercieca | I98: Luke Genuis(Pro)Ivan Cachia | J98: 4 | K98: 6 | L98: =IF(AND(J98>K98,J99>K99),2,IF(J98>K98,1,IF(J99>K99,1,0))) -> 0 | M98: =IF(AND(K98>J98,K99>J99),2,IF(K98>J98,1,IF(K99>J99,1,0))) -> 2
J99: 3 | K99: 6
C101: 5.00 pm | D101: Lad A | E101: Kirsty Mercieca | F101: Yanika Pace | G101: vs | H101: Elaine Grech | I101: Mae Jane Manzanares | J101: 2 | K101: 6 | L101: =IF(AND(J101>K101,J102>K102),2,IF(J101>K101,1,IF(J102>K102,1,0))) -> 0 | M101: =IF(AND(K101>J101,K102>J102),2,IF(K101>J101,1,IF(K102>J102,1,0))) -> 2
J102: 1 | K102: 6
C104: 6.30 pm | D104: Men B | E104: Clint Agius | F104: Sandro Pecorella | G104: vs | H104: Emman Xuereb | I104: Roberto Murdocco | J104: 6 | K104: 7 | L104: =IF(AND(J104>K104,J105>K105),2,IF(J104>K104,1,IF(J105>K105,1,0))) -> 0 | M104: =IF(AND(K104>J104,K105>J105),2,IF(K104>J104,1,IF(K105>J105,1,0))) -> 2
J105: 3 | K105: 6
C107: 6.30 pm | D107: Men D | E107: Daniele Privitera | F107: Antoine Bugeja | G107: vs | H107: Matthias Cremona | I107: Oliver Brincat | J107: 6 | K107: 4 | L107: =IF(AND(J107>K107,J108>K108),2,IF(J107>K107,1,IF(J108>K108,1,0))) -> 2 | M107: =IF(AND(K107>J107,K108>J108),2,IF(K107>J107,1,IF(K108>J108,1,0))) -> 0
J108: 7 | K108: 5
C110: Total Day 8 B | J110: =SUM(J98:J108) -> 32 | K110: =SUM(K98:K108) -> 46 | L110: =SUM(L98:L108) -> 2 | M110: =SUM(M98:M108) -> 6
C112: Total Day 8 | J112: =J110+J95 -> 58 | K112: =K110+K95 -> 77 | L112: =L110+L95 -> 4 | M112: =M110+M95 -> 10

Sheet Day 9
C1: SAN MICHEL TEAM TOURNAMENT 2026
C6: Day 9 - Day 8 - 21/03/2026 & 10/04/2026
C9: Court 1
C11: Time | D11: Rubber | E11: Team D: Juan Sammut | G11: vs | H11: Team F: Diane Fenech | J11: Games | L11: Sets
C13: 6.30 pm | D13: Men B | E13: David Schembri | F13: George Grech | G13: vs | H13: Sergey Kasatkin | I13: Richard Curmi | J13: 6 | K13: 3 | L13: =IF(AND(J13>K13,J14>K14),2,IF(J13>K13,1,IF(J14>K14,1,0))) -> 1 | M13: =IF(AND(K13>J13,K14>J14),2,IF(K13>J13,1,IF(K14>J14,1,0))) -> 1
J14: 1 | K14: 6
C16: 7.45 pm | D16: Lad A | E16: Leanne Vassallo | F16: Alison Muscat | G16: vs | H16: Renette Magro | I16: Anthea Gauci | J16: 5 | K16: 7 | L16: =IF(AND(J16>K16,J17>K17),2,IF(J16>K16,1,IF(J17>K17,1,0))) -> 1 | M16: =IF(AND(K16>J16,K17>J17),2,IF(K16>J16,1,IF(K17>J17,1,0))) -> 1
J17: 7 | K17: 5
C19: 7.45 pm | D19: Men A | E19: Duncan D'Alessandro | F19: Jesmond Pule' | G19: vs | H19: Kurt Carabott | I19: Andrew Spiteri Willets | J19: 3 | K19: 6 | L19: =IF(AND(J19>K19,J20>K20),2,IF(J19>K19,1,IF(J20>K20,1,0))) -> 1 | M19: =IF(AND(K19>J19,K20>J20),2,IF(K19>J19,1,IF(K20>J20,1,0))) -> 1
J20: 7 | K20: 5
C22: 9.00 pm | G22: vs | L22: =IF(AND(J22>K22,J23>K23),2,IF(J22>K22,1,IF(J23>K23,1,0))) -> 0 | M22: =IF(AND(K22>J22,K23>J23),2,IF(K22>J22,1,IF(K23>J23,1,0))) -> 0
C25: Total Day 9 A | J25: =SUM(J13:J23) -> 29 | K25: =SUM(K13:K23) -> 32 | L25: =SUM(L13:L23) -> 3 | M25: =SUM(M13:M23) -> 3
C28: 3.30pm | D28: Men C | E28: Etienne Formosa Carabez | F28: Juan Sammut | G28: vs | H28: Julian Esposito | I28: Dunstan Vella | J28: 6 | K28: 1 | L28: =IF(AND(J28>K28,J29>K29),2,IF(J28>K28,1,IF(J29>K29,1,0))) -> 2 | M28: =IF(AND(K28>J28,K29>J29),2,IF(K28>J28,1,IF(K29>J29,1,0))) -> 0
J29: 7 | K29: 6
C31: 5.00pm | D31: Lad B | E31: Anabel Borg | F31: Sue Stevenson | G31: vs | H31: Maria Angela Gambin | I31: Romina Gauci | J31: 1 | K31: 6 | L31: =IF(AND(J31>K31,J32>K32),2,IF(J31>K31,1,IF(J32>K32,1,0))) -> 0 | M31: =IF(AND(K31>J31,K32>J32),2,IF(K31>J31,1,IF(K32>J32,1,0))) -> 2
J32: 0 | K32: 6
C34: 6.30pm | D34: Men D | E34: Joseph Randich | F34: Clifford Debono | G34: vs | H34: Ryan Ebejer | I34: Robert Attard | J34: 4 | K34: 6 | L34: =IF(AND(J34>K34,J35>K35),2,IF(J34>K34,1,IF(J35>K35,1,0))) -> 0 | M34: =IF(AND(K34>J34,K35>J35),2,IF(K34>J34,1,IF(K35>J35,1,0))) -> 2
J35: 0 | K35: 6
C37: 3.30 pm | D37: Lad C | E37: Frances Saliba Hersey | F37: Mary Borg | G37: vs | H37: Tiziana Spiteri | I37: Daphne Vella | J37: 2 | K37: 6 | L37: =IF(AND(J37>K37,J38>K38),2,IF(J37>K37,1,IF(J38>K38,1,0))) -> 1 | M37: =IF(AND(K37>J37,K38>J38),2,IF(K37>J37,1,IF(K38>J38,1,0))) -> 1
J38: 6 | K38: 3
C40: Total Day 9B | J40: =SUM(J28:J38) -> 26 | K40: =SUM(K28:K38) -> 40 | L40: =SUM(L28:L38) -> 3 | M40: =SUM(M28:M38) -> 5
C42: Total Day 9 | J42: =J40+J25 -> 55 | K42: =K40+K25 -> 72 | L42: =L40+L25 -> 6 | M42: =M40+M25 -> 8
C44: Court 2
C46: Time | D46: Rubber | E46: Team C: Jean Paul Sciberras | H46: Team E: Roberto Murdocco | J46: Games | L46: Sets
C48: 6.30 pm | D48: Men D | E48: Kevin Sciberras(PRO)Kenneth Caruana | F48: Alberto Bafumi | G48: vs | H48: Matthias Cremona | I48: Braydon Galea | J48: 5 | K48: 7 | L48: =IF(AND(J48>K48,J49>K49),2,IF(J48>K48,1,IF(J49>K49,1,0))) -> 1 | M48: =IF(AND(K48>J48,K49>J49),2,IF(K48>J48,1,IF(K49>J49,1,0))) -> 1
J49: 7 | K49: 5
C51: 7.45 pm | D51: Men A | E51: Matthew Pace | F51: Peter Khiev | G51: vs | H51: Marco Mercieca | I51: Ivan Cachia | J51: 6 | K51: 2 | L51: =IF(AND(J51>K51,J52>K52),2,IF(J51>K51,1,IF(J52>K52,1,0))) -> 2 | M51: =IF(AND(K51>J51,K52>J52),2,IF(K51>J51,1,IF(K52>J52,1,0))) -> 0
J52: 6 | K52: 3
C54: 9.00 pm | D54: Men B | E54: Jonathan Vella | F54: Willem Steenkamer | G54: vs | H54: Luke Genuis | I54: Roberto Murdocco | J54: 6 | K54: 4 | L54: =IF(AND(J54>K54,J55>K55),2,IF(J54>K54,1,IF(J55>K55,1,0))) -> 2 | M54: =IF(AND(K54>J54,K55>J55),2,IF(K54>J54,1,IF(K55>J55,1,0))) -> 0
J55: 6 | K55: 4
G57: vs | L57: =IF(AND(J57>K57,J58>K58),2,IF(J57>K57,1,IF(J58>K58,1,0))) -> 0 | M57: =IF(AND(K57>J57,K58>J58),2,IF(K57>J57,1,IF(K58>J58,1,0))) -> 0
C60: Total Day 9 A | J60: =SUM(J48:J58) -> 36 | K60: =SUM(K48:K58) -> 25 | L60: =SUM(L48:L58) -> 5 | M60: =SUM(M48:M58) -> 1
C63: 3.30 pm | D63: Lad A | E63: Lucienne Meli | F63: Olivia Belli | G63: vs | H63: Dorianne Buhagiar(pro)Mae Jane Manzanares | I63: Elaine Grech | J63: 3 | K63: 6 | L63: =IF(AND(J63>K63,J64>K64),2,IF(J63>K63,1,IF(J64>K64,1,0))) -> 0 | M63: =IF(AND(K63>J63,K64>J64),2,IF(K63>J63,1,IF(K64>J64,1,0))) -> 2
J64: 2 | K64: 6
C66: 5.00pm | D66: Men C | E66: Jean Paul Sciberras | F66: Jason Lee Evans | G66: vs | H66: Max Anastasi | I66: Matthias Cremona(pro)Aaron Micallef Piccione | J66: 2 | K66: 6 | L66: =IF(AND(J66>K66,J67>K67),2,IF(J66>K66,1,IF(J67>K67,1,0))) -> 0 | M66: =IF(AND(K66>J66,K67>J67),2,IF(K66>J66,1,IF(K67>J67,1,0))) -> 2
J67: 1 | K67: 6
C69: 5.00pm | D69: Lad B | E69: Kristina Briffa | F69: Brenda Baldacchino | G69: vs | H69: Dorianne Buhagiar | I69: Mariska Steenkamer | J69: 5 | K69: 7 | L69: =IF(AND(J69>K69,J70>K70),2,IF(J69>K69,1,IF(J70>K70,1,0))) -> 1 | M69: =IF(AND(K69>J69,K70>J70),2,IF(K69>J69,1,IF(K70>J70,1,0))) -> 1
J70: 6 | K70: 3
C72: 6.30pm | D72: Lad C | E72: Jodie Stivala | F72: Brenda Bugeja | G72: vs | H72: Leanne Sammut | I72: Maria Ellul | J72: 1 | K72: 6 | L72: =IF(AND(J72>K72,J73>K73),2,IF(J72>K72,1,IF(J73>K73,1,0))) -> 0 | M72: =IF(AND(K72>J72,K73>J73),2,IF(K72>J72,1,IF(K73>J73,1,0))) -> 2
J73: 4 | K73: 6
C75: Total Day 9B | J75: =SUM(J63:J73) -> 24 | K75: =SUM(K63:K73) -> 46 | L75: =SUM(L63:L73) -> 1 | M75: =SUM(M63:M73) -> 7
C77: Total Day 9 | J77: =J75+J60 -> 60 | K77: =K75+K60 -> 71 | L77: =L75+L60 -> 6 | M77: =M75+M60 -> 8
C79: Court 4
C81: Time | D81: Rubber | E81: Team A: Christine Scerri | G81: vs | H81: Team B: Cory Greenland
C83: 6.30 pm | D83: Men A | E83: Clayton Zammit Cesare | F83: Andrew Pule' | G83: vs | H83: Gareth Magri | I83: Kristen Cachia (PRO)Javier Viloria | J83: 0 | K83: 6 | L83: =IF(AND(J83>K83,J84>K84),2,IF(J83>K83,1,IF(J84>K84,1,0))) -> 1 | M83: =IF(AND(K83>J83,K84>J84),2,IF(K83>J83,1,IF(K84>J84,1,0))) -> 1
J84: 6 | K84: 3 | N84: w/o
C86: 7.45 pm | D86: Men B | E86: Cyril Lastimosa | F86: Sandro Pecorella | G86: vs | H86: Kristen Cachia | I86: Tobias Kristensen | J86: 5 | K86: 7 | L86: =IF(AND(J86>K86,J87>K87),2,IF(J86>K86,1,IF(J87>K87,1,0))) -> 1 | M86: =IF(AND(K86>J86,K87>J87),2,IF(K86>J86,1,IF(K87>J87,1,0))) -> 1
J87: 6 | K87: 2
C89: 9.00 pm | D89: Lad A | E89: Amanda Falzon | F89: Yanika Pace | G89: vs | H89: Kaya Sammut | I89: Kelsey Gauci | J89: 2 | K89: 6 | L89: =IF(AND(J89>K89,J90>K90),2,IF(J89>K89,1,IF(J90>K90,1,0))) -> 0 | M89: =IF(AND(K89>J89,K90>J90),2,IF(K89>J89,1,IF(K90>J90,1,0))) -> 2
J90: 2 | K90: 6
C92: 6.30 pm | D92: Lad C | E92: Christine Scerri | F92: Josette Cassar | G92: vs | H92: Karolina Papiernik(Dem.)Alida Borg | I92: Christabelle Chetcuti | J92: 3 | K92: 6 | L92: =IF(AND(J92>K92,J93>K93),2,IF(J92>K92,1,IF(J93>K93,1,0))) -> 0 | M92: =IF(AND(K92>J92,K93>J93),2,IF(K92>J92,1,IF(K93>J93,1,0))) -> 2
J93: 4 | K93: 6
C95: Total Day 9 A | J95: =SUM(J83:J93) -> 28 | K95: =SUM(K83:K93) -> 42 | L95: =SUM(L83:L93) -> 2 | M95: =SUM(M83:M93) -> 6
C98: 7.45 pm | D98: Men C | E98: Redent Scicluna | F98: Charles Sacco | G98: vs | H98: Kenneth Farrugia | I98: Cory Greenland | J98: 7 | K98: 6 | L98: =IF(AND(J98>K98,J99>K99),2,IF(J98>K98,1,IF(J99>K99,1,0))) -> 1 | M98: =IF(AND(K98>J98,K99>J99),2,IF(K98>J98,1,IF(K99>J99,1,0))) -> 1
J99: 0 | K99: 6
C101: 5.00pm | D101: Men D | E101: Dorian Demanuele | F101: Antoine Bugeja | G101: vs | H101: Matthew Napier | I101: Mario Abdilla | J101: 6 | K101: 3 | L101: =IF(AND(J101>K101,J102>K102),2,IF(J101>K101,1,IF(J102>K102,1,0))) -> 2 | M101: =IF(AND(K101>J101,K102>J102),2,IF(K101>J101,1,IF(K102>J102,1,0))) -> 0
J102: 7 | K102: 5
C104: 3.30pm | D104: Lad B | E104: Silvana Portelli | F104: Deborah Farrugia | G104: vs | H104: Andrea Magaldi | I104: Giada Sciberras | J104: 4 | K104: 6 | L104: =IF(AND(J104>K104,J105>K105),2,IF(J104>K104,1,IF(J105>K105,1,0))) -> 0 | M104: =IF(AND(K104>J104,K105>J105),2,IF(K104>J104,1,IF(K105>J105,1,0))) -> 2
J105: 2 | K105: 6
L107: =IF(AND(J107>K107,J108>K108),2,IF(J107>K107,1,IF(J108>K108,1,0))) -> 0 | M107: =IF(AND(K107>J107,K108>J108),2,IF(K107>J107,1,IF(K108>J108,1,0))) -> 0
C110: Total Day 9B | J110: =SUM(J98:J108) -> 26 | K110: =SUM(K98:K108) -> 32 | L110: =SUM(L98:L108) -> 3 | M110: =SUM(M98:M108) -> 3
C112: Total Day 9 | J112: =J110+J95 -> 54 | K112: =K110+K95 -> 74 | L112: =L110+L95 -> 5 | M112: =M110+M95 -> 9

Sheet Day 10
C1: SAN MICHEL TEAM TOURNAMENT 2026
C6: Day 10 -
C9: Court 1
C11: Time | D11: Rubber | E11: TEAM A: Christine Scerri | G11: vs | H11: TEAM D: Juan Sammut | J11: Games | L11: Sets
C13: 3.30 pm | D13: Lad A | E13: Amanda Falzon | F13: Kirsty Mercieca | G13: vs | H13: Leanne Vassallo | I13: Louise Qi | J13: 3 | K13: 6 | L13: =IF(AND(J13>K13,J14>K14),2,IF(J13>K13,1,IF(J14>K14,1,0))) -> 0 | M13: =IF(AND(K13>J13,K14>J14),2,IF(K13>J13,1,IF(K14>J14,1,0))) -> 2
J14: 3 | K14: 6
C16: 5.00 pm | D16: Men A | E16: Clayton Zammit Cesare | F16: Jonathan Maritnelli | G16: vs | H16: Duncan D'Alessandro | I16: Jurgen Farrugia (pro David Mifsud) | J16: 6 | K16: 4 | L16: =IF(AND(J16>K16,J17>K17),2,IF(J16>K16,1,IF(J17>K17,1,0))) -> 2 | M16: =IF(AND(K16>J16,K17>J17),2,IF(K16>J16,1,IF(K17>J17,1,0))) -> 0
J17: 7 | K17: 6
C19: 6.30 pm | D19: Men D | E19: Daniele Privitera | F19: Antoine Bugeja | G19: vs | H19: Joseph Randich | I19: Owen Farrugia | J19: 6 | K19: 4 | L19: =IF(AND(J19>K19,J20>K20),2,IF(J19>K19,1,IF(J20>K20,1,0))) -> 2 | M19: =IF(AND(K19>J19,K20>J20),2,IF(K19>J19,1,IF(K20>J20,1,0))) -> 0
J20: 6 | K20: 1
C22: 7.45 pm | G22: vs | L22: =IF(AND(J22>K22,J23>K23),2,IF(J22>K22,1,IF(J23>K23,1,0))) -> 0 | M22: =IF(AND(K22>J22,K23>J23),2,IF(K22>J22,1,IF(K23>J23,1,0))) -> 0
C25: Total Day 10 A | J25: =SUM(J13:J23) -> 31 | K25: =SUM(K13:K23) -> 27 | L25: =SUM(L13:L23) -> 4 | M25: =SUM(M13:M23) -> 2
C28: 6.30pm | D28: Lad B | E28: Silvana Portelli | F28: Deborah Farrugia | G28: vs | H28: Anabel Borg | I28: Sarah Axiaq | J28: 3 | K28: 6 | L28: =IF(AND(J28>K28,J29>K29),2,IF(J28>K28,1,IF(J29>K29,1,0))) -> 1 | M28: =IF(AND(K28>J28,K29>J29),2,IF(K28>J28,1,IF(K29>J29,1,0))) -> 1
J29: 6 | K29: 4
C31: 6.30pm | D31: Lad C | E31: Janice Galea | F31: Christine Scerri | G31: vs | H31: Frances Saliba Hersey | I31: Jennifer Roca | J31: 6 | K31: 1 | L31: =IF(AND(J31>K31,J32>K32),2,IF(J31>K31,1,IF(J32>K32,1,0))) -> 1 | M31: =IF(AND(K31>J31,K32>J32),2,IF(K31>J31,1,IF(K32>J32,1,0))) -> 1
J32: 4 | K32: 6
C34: 7.45pm | D34: Men C | E34: Alain Frendo | F34: Redent Scicluna | G34: vs | H34: Etienne Formosa Carabez | I34: Sam Micallef | J34: 4 | K34: 6 | L34: =IF(AND(J34>K34,J35>K35),2,IF(J34>K34,1,IF(J35>K35,1,0))) -> 0 | M34: =IF(AND(K34>J34,K35>J35),2,IF(K34>J34,1,IF(K35>J35,1,0))) -> 2
J35: 4 | K35: 6
C37: 9.00pm | D37: Men B | E37: Cyril Lastimosa | F37: Sandro Pecorella | G37: vs | H37: David Schembri | I37: Jurgen Farrugia | J37: 3 | K37: 6 | L37: =IF(AND(J37>K37,J38>K38),2,IF(J37>K37,1,IF(J38>K38,1,0))) -> 0 | M37: =IF(AND(K37>J37,K38>J38),2,IF(K37>J37,1,IF(K38>J38,1,0))) -> 2
J38: 6 | K38: 7
C40: Total Day 10B | J40: =SUM(J28:J38) -> 36 | K40: =SUM(K28:K38) -> 42 | L40: =SUM(L28:L38) -> 2 | M40: =SUM(M28:M38) -> 6
C42: Total Day 10 | J42: =J40+J25 -> 67 | K42: =K40+K25 -> 69 | L42: =L40+L25 -> 6 | M42: =M40+M25 -> 8
C44: Court 2
C46: Time | D46: Rubber | E46: TEAM B: Cory Greenland | G46: vs | H46: TEAM C: JP Sciberras | J46: Games | L46: Sets
C48: 3.30 pm | D48: Men C | E48: Manuel Mifsud | F48: Cory Greenland | G48: vs | H48: JP (pro Matthew Schembri) | I48: Jason Lee Evans | J48: 2 | K48: 6 | L48: =IF(AND(J48>K48,J49>K49),2,IF(J48>K48,1,IF(J49>K49,1,0))) -> 1 | M48: =IF(AND(K48>J48,K49>J49),2,IF(K48>J48,1,IF(K49>J49,1,0))) -> 1
J49: 6 | K49: 4
C51: 5.00 pm | D51: Lad A | E51: Christine Schembri | F51: Kelsey Gauci | G51: vs | H51: Alexia Spiteri Willets | I51: Lucienne Meli | J51: 6 | K51: 2 | L51: =IF(AND(J51>K51,J52>K52),2,IF(J51>K51,1,IF(J52>K52,1,0))) -> 2 | M51: =IF(AND(K51>J51,K52>J52),2,IF(K51>J51,1,IF(K52>J52,1,0))) -> 0
J52: 6 | K52: 4
C54: 6.30 pm | D54: Lad B | E54: Andrea Magaldi | F54: Sabrina Xuereb | G54: vs | H54: Jade Sammut | I54: Kristina Briffa | J54: 2 | K54: 6 | L54: =IF(AND(J54>K54,J55>K55),2,IF(J54>K54,1,IF(J55>K55,1,0))) -> 1 | M54: =IF(AND(K54>J54,K55>J55),2,IF(K54>J54,1,IF(K55>J55,1,0))) -> 1
J55: 7 | K55: 6
L57: =IF(AND(J57>K57,J58>K58),2,IF(J57>K57,1,IF(J58>K58,1,0))) -> 0 | M57: =IF(AND(K57>J57,K58>J58),2,IF(K57>J57,1,IF(K58>J58,1,0))) -> 0
C60: Total Day 10 A | J60: =SUM(J48:J58) -> 29 | K60: =SUM(K48:K58) -> 28 | L60: =SUM(L48:L58) -> 4 | M60: =SUM(M48:M58) -> 2
C63: 6.30pm | D63: Lad C | E63: Karolina Papiernik | F63: Alida Borg | G63: vs | H63: Francesca Mamo | I63: Brenda Bugeja | J63: 6 | K63: 7 | L63: =IF(AND(J63>K63,J64>K64),2,IF(J63>K63,1,IF(J64>K64,1,0))) -> 1 | M63: =IF(AND(K63>J63,K64>J64),2,IF(K63>J63,1,IF(K64>J64,1,0))) -> 1
J64: 6 | K64: 1
C66: 7.45pm | D66: Men D | E66: David Camilleri | F66: Matthew Napier | G66: vs | H66: Kevin Sciberras | I66: Jean Paul Sciberras(Dem.)Kenneth Caruana | J66: 2 | K66: 6 | L66: =IF(AND(J66>K66,J67>K67),2,IF(J66>K66,1,IF(J67>K67,1,0))) -> 0 | M66: =IF(AND(K66>J66,K67>J67),2,IF(K66>J66,1,IF(K67>J67,1,0))) -> 2
J67: 3 | K67: 6
C69: 7.45pm | D69: Men A | E69: Fotios Evangelou | F69: Kristen Cachia(Pro)Javier Viloria | G69: vs | H69: Matthew Pace | I69: Manuel Bonello | J69: 6 | K69: 2 | L69: =IF(AND(J69>K69,J70>K70),2,IF(J69>K69,1,IF(J70>K70,1,0))) -> 1 | M69: =IF(AND(K69>J69,K70>J70),2,IF(K69>J69,1,IF(K70>J70,1,0))) -> 1
J70: 2 | K70: 6
C72: 9.00pm | D72: Men B | E72: Kristen Cachia | F72: Ivan Cassar | G72: vs | H72: Jonathan Vella | I72: Jean Paul Vella | J72: 6 | K72: 3 | L72: =IF(AND(J72>K72,J73>K73),2,IF(J72>K72,1,IF(J73>K73,1,0))) -> 2 | M72: =IF(AND(K72>J72,K73>J73),2,IF(K72>J72,1,IF(K73>J73,1,0))) -> 0
J73: 6 | K73: 3
C75: Total Day 10B | J75: =SUM(J63:J73) -> 37 | K75: =SUM(K63:K73) -> 34 | L75: =SUM(L63:L73) -> 4 | M75: =SUM(M63:M73) -> 4
C77: Total Day 10 | J77: =J75+J60 -> 66 | K77: =K75+K60 -> 62 | L77: =L75+L60 -> 8 | M77: =M75+M60 -> 6
C79: Court 4
C81: Time | D81: Rubber | E81: TEAM E: Roberto Murdocco | G81: vs | H81: TEAM F: Diane Fenech
C83: 3.30 pm | D83: Lad B | E83: Doriane Buhagiar | F83: Nancy Wong | G83: vs | H83: Maria Angela Gambin | I83: Romina Gauci | J83: 2 | K83: 6 | L83: =IF(AND(J83>K83,J84>K84),2,IF(J83>K83,1,IF(J84>K84,1,0))) -> 0 | M83: =IF(AND(K83>J83,K84>J84),2,IF(K83>J83,1,IF(K84>J84,1,0))) -> 2
J84: 1 | K84: 6
C86: 5.00 pm | D86: Men A | E86: Trevor Rutter | F86: Marco Mercieca | G86: vs | H86: Kurt Carabott | I86: Andrew Spiteri Willets | J86: 6 | K86: 2 | L86: =IF(AND(J86>K86,J87>K87),2,IF(J86>K86,1,IF(J87>K87,1,0))) -> 2 | M86: =IF(AND(K86>J86,K87>J87),2,IF(K86>J86,1,IF(K87>J87,1,0))) -> 0
J87: 7 | K87: 6
C89: 6.30 pm | D89: Lad A | E89: Elaine Grech | F89: Mae Jane Manzanares | G89: vs | H89: Christina Bonett | I89: Rennete Magro | J89: 4 | K89: 6 | L89: =IF(AND(J89>K89,J90>K90),2,IF(J89>K89,1,IF(J90>K90,1,0))) -> 0 | M89: =IF(AND(K89>J89,K90>J90),2,IF(K89>J89,1,IF(K90>J90,1,0))) -> 2
J90: 5 | K90: 7
C92: 6.30 pm | G92: vs | L92: =IF(AND(J92>K92,J93>K93),2,IF(J92>K92,1,IF(J93>K93,1,0))) -> 0 | M92: =IF(AND(K92>J92,K93>J93),2,IF(K92>J92,1,IF(K93>J93,1,0))) -> 0
C95: Total Day 10 A | J95: =SUM(J83:J93) -> 25 | K95: =SUM(K83:K93) -> 33 | L95: =SUM(L83:L93) -> 2 | M95: =SUM(M83:M93) -> 4
C98: 6.30pm | D98: Men D | E98: Matthias Cremona | F98: Braydon Galea | G98: vs | H98: Ryan Ebejer | I98: Clinton Cutajar | J98: 6 | K98: 2 | L98: =IF(AND(J98>K98,J99>K99),2,IF(J98>K98,1,IF(J99>K99,1,0))) -> 1 | M98: =IF(AND(K98>J98,K99>J99),2,IF(K98>J98,1,IF(K99>J99,1,0))) -> 1
J99: 3 | K99: 6
C101: 7.45pm | D101: Lad C | E101: Mariska Steenkamer(Dem.)Leanne Sammut | F101: Roberta Grixti(Pro)Maria Ellul | G101: vs | H101: Tiziana Spiteri | I101: Daphne Vella | J101: 4 | K101: 6 | L101: =IF(AND(J101>K101,J102>K102),2,IF(J101>K101,1,IF(J102>K102,1,0))) -> 1 | M101: =IF(AND(K101>J101,K102>J102),2,IF(K101>J101,1,IF(K102>J102,1,0))) -> 1
J102: 6 | K102: 3
C104: 9.00pm | D104: Men C | E104: Max Anastasi | F104: Aaron Micallef Piccione | G104: vs | H104: Julian Esposito | I104: Simone Re | J104: 6 | K104: 1 | L104: =IF(AND(J104>K104,J105>K105),2,IF(J104>K104,1,IF(J105>K105,1,0))) -> 1 | M104: =IF(AND(K104>J104,K105>J105),2,IF(K104>J104,1,IF(K105>J105,1,0))) -> 1
J105: 0 | K105: 6
C107: 9.00pm | D107: Men B | E107: Emman Xuereb | F107: Luke Genuis | G107: vs | H107: Richard Curmi | I107: Steve Gambin | J107: 6 | K107: 3 | L107: =IF(AND(J107>K107,J108>K108),2,IF(J107>K107,1,IF(J108>K108,1,0))) -> 1 | M107: =IF(AND(K107>J107,K108>J108),2,IF(K107>J107,1,IF(K108>J108,1,0))) -> 1
J108: 4 | K108: 6
C110: Total Day 10B | J110: =SUM(J98:J108) -> 35 | K110: =SUM(K98:K108) -> 33 | L110: =SUM(L98:L108) -> 4 | M110: =SUM(M98:M108) -> 4
C112: Total Day 10 | J112: =J110+J95 -> 60 | K112: =K110+K95 -> 66 | L112: =L110+L95 -> 6 | M112: =M110+M95 -> 8

Sheet Semi Final
C1: SAN MICHEL TEAM TOURNAMENT 2026
C6: Semi Final -
C9: Court 1
C11: Time | D11: Rubber | E11: TEAM C: Jean Paul Sciberras | G11: vs | H11: TEAM E: Roberto Murdocco | J11: Games | L11: Sets
C12: 6.30pm | D12: Men B | E12: Jonathan Vella | F12: Willem Steenkamer | G12: vs | H12: Luke Genuis | I12: Roberto Murdocco | J12: 7 | K12: 5 | L12: =IF(AND(J12>K12,J13>K13),2,IF(J12>K12,1,IF(J13>K13,1,0))) -> 1 | M12: =IF(AND(K12>J12,K13>J13),2,IF(K12>J12,1,IF(K13>J13,1,0))) -> 1
J13: 2 | K13: 6
C15: 7.45pm | D15: Men D | E15: Jean Paul Sciberras(Dem.)Kenneth Caruana | F15: Kevin Sciberras | G15: vs | H15: Matthias Cremona | I15: Braydon Galea | J15: 6 | K15: 3 | L15: =IF(AND(J15>K15,J16>K16),2,IF(J15>K15,1,IF(J16>K16,1,0))) -> 2 | M15: =IF(AND(K15>J15,K16>J16),2,IF(K15>J15,1,IF(K16>J16,1,0))) -> 0
J16: 7 | K16: 6
C18: 9.00pm | D18: Lad B | E18: Kristina Briffa | F18: Brenda Baldacchino | G18: vs | H18: Dorianne Buhagiar | I18: Nancy Wong | J18: 6 | K18: 4 | L18: =IF(AND(J18>K18,J19>K19),2,IF(J18>K18,1,IF(J19>K19,1,0))) -> 1 | M18: =IF(AND(K18>J18,K19>J19),2,IF(K18>J18,1,IF(K19>J19,1,0))) -> 1
J19: 1 | K19: 6
J21: =SUM(J12:J19) -> 29 | K21: =SUM(K12:K19) -> 30 | L21: =SUM(L12:L19) -> 4 | M21: =SUM(M12:M19) -> 2
C23: 3.30pm | D23: Men C | E23: Jason Lee Evans | F23: Matthew Schembri | G23: vs | H23: Max Anastasi | I23: Jordan Lastimosa | J23: 2 | K23: 6 | L23: =IF(AND(J23>K23,J24>K24),2,IF(J23>K23,1,IF(J24>K24,1,0))) -> 0 | M23: =IF(AND(K23>J23,K24>J24),2,IF(K23>J23,1,IF(K24>J24,1,0))) -> 2
J24: 2 | K24: 6
C26: 3.30pm | D26: Lad A | E26: Alexia Spiteri Willets | F26: Lucienne Meli | G26: vs | H26: Annmarie Mangion | I26: Mae Jane Manzanares | J26: 1 | K26: 6 | L26: =IF(AND(J26>K26,J27>K27),2,IF(J26>K26,1,IF(J27>K27,1,0))) -> 0 | M26: =IF(AND(K26>J26,K27>J27),2,IF(K26>J26,1,IF(K27>J27,1,0))) -> 2
J27: 4 | K27: 6
C29: 5.00pm | D29: Lad C | E29: Jodie Stivala | F29: Brenda Bugeja | G29: vs | H29: Leanne Sammut | I29: Maria Ellul | J29: 4 | K29: 6 | L29: =IF(AND(J29>K29,J30>K30),2,IF(J29>K29,1,IF(J30>K30,1,0))) -> 0 | M29: =IF(AND(K29>J29,K30>J30),2,IF(K29>J29,1,IF(K30>J30,1,0))) -> 2
J30: 2 | K30: 6
C32: 5.00pm | D32: Men A | E32: Matthew Pace | F32: Manuel Bonello | G32: vs | H32: Trevor Rutter | I32: Marco Mercieca | J32: 6 | K32: 3 | L32: =IF(AND(J32>K32,J33>K33),2,IF(J32>K32,1,IF(J33>K33,1,0))) -> 1 | M32: =IF(AND(K32>J32,K33>J33),2,IF(K32>J32,1,IF(K33>J33,1,0))) -> 1
J33: 4 | K33: 6
J34: =SUM(J23:J33) -> 25 | K34: =SUM(K23:K33) -> 45 | L34: =SUM(L23:L32) -> 1 | M34: =SUM(M23:M32) -> 7
J36: =J21+J34 -> 54 | K36: =K21+K34 -> 75 | L36: =L21+L34 -> 5 | M36: =M21+M34 -> 9
C40: Court 2
C42: Time | D42: Rubber | E42: TEAM B: Cory Greenland | H42: TEAM F: Diane Fenech | J42: Games | L42: Sets
C43: 6.30pm | D43: Men A | E43: Gareth Magri | F43: Fotios Evangelou | G43: vs | H43: Kurt Carabott | I43: Jean Attard | J43: 6 | K43: 2 | L43: =IF(AND(J43>K43,J44>K44),2,IF(J43>K43,1,IF(J44>K44,1,0))) -> 1 | M43: =IF(AND(K43>J43,K44>J44),2,IF(K43>J43,1,IF(K44>J44,1,0))) -> 1 | N43: TB 6-8
J44: 3 | K44: 6
C46: 7.45pm | D46: Men C | E46: Kenneth Farrugia | F46: Manuel Mifsud | G46: vs | H46: Julian Esposito | I46: Simone Re | J46: 4 | K46: 6 | L46: =IF(AND(J46>K46,J47>K47),2,IF(J46>K46,1,IF(J47>K47,1,0))) -> 1 | M46: =IF(AND(K46>J46,K47>J47),2,IF(K46>J46,1,IF(K47>J47,1,0))) -> 1
J47: 6 | K47: 3
C49: 7.45pm | D49: Lad A | E49: Kaya Sammut | F49: Kelsey Gauci | G49: vs | H49: Renette Magro | I49: Christina Bonett | J49: 1 | K49: 6 | L49: =IF(AND(J49>K49,J50>K50),2,IF(J49>K49,1,IF(J50>K50,1,0))) -> 0 | M49: =IF(AND(K49>J49,K50>J50),2,IF(K49>J49,1,IF(K50>J50,1,0))) -> 2
J50: 0 | K50: 6
C52: 9.00pm | D52: Men D | E52: David Camilleri | F52: Matthew Napier | G52: vs | H52: Ryan Ebejer | I52: Clinton Cutajar | J52: 2 | K52: 6 | L52: =IF(AND(J52>K52,J53>K53),2,IF(J52>K52,1,IF(J53>K53,1,0))) -> 0 | M52: =IF(AND(K52>J52,K53>J53),2,IF(K52>J52,1,IF(K53>J53,1,0))) -> 2
J53: 3 | K53: 6
J55: =SUM(J43:J53) -> 25 | K55: =SUM(K43:K53) -> 41 | L55: =SUM(L43:L53) -> 2 | M55: =SUM(M43:M53) -> 6
C58: 9.00pm | D58: Lad B | E58: Andrea Magaldi | F58: Giada Sciberras | G58: vs | H58: Maria Angela Gambin | I58: Ann Marie Attard | J58: 6 | K58: 4 | L58: =IF(AND(J58>K58,J59>K59),2,IF(J58>K58,1,IF(J59>K59,1,0))) -> 1 | M58: =IF(AND(K58>J58,K59>J59),2,IF(K58>J58,1,IF(K59>J59,1,0))) -> 1
J59: 1 | K59: 6
C61: 3.30pm | D61: Lad C | E61: Sabrina Xuereb(Dem.)Alida Borg | F61: Karolina Papiernik | G61: vs | H61: Tiziana Spiteri | I61: Daphne Vella | J61: 6 | K61: 2 | L61: =IF(AND(J61>K61,J62>K62),2,IF(J61>K61,1,IF(J62>K62,1,0))) -> 2 | M61: =IF(AND(K61>J61,K62>J62),2,IF(K61>J61,1,IF(K62>J62,1,0))) -> 0
J62: 6 | K62: 2
C64: 5.00pm | D64: Men B | E64: Kristen Cachia | F64: Tobias Kristensen | G64: vs | H64: Richard Curmi | I64: Steve Gambin | J64: 6 | K64: 1 | L64: =IF(AND(J64>K64,J65>K65),2,IF(J64>K64,1,IF(J65>K65,1,0))) -> 2 | M64: =IF(AND(K64>J64,K65>J65),2,IF(K64>J64,1,IF(K65>J65,1,0))) -> 0
J65: 7 | K65: 5
G67: vs | L67: =IF(AND(J67>K67,J68>K68),2,IF(J67>K67,1,IF(J68>K68,1,0))) -> 0 | M67: =IF(AND(K67>J67,K68>J68),2,IF(K67>J67,1,IF(K68>J68,1,0))) -> 0
J69: =SUM(J58:J68) -> 32 | K69: =SUM(K58:K68) -> 20 | L69: =SUM(L58:L68) -> 5 | M69: =SUM(M58:M68) -> 1
J71: =J55+J69 -> 57 | K71: =K55+K69 -> 61 | L71: =L55+L69 -> 7 | M71: =M55+M69 -> 7

Sheet Final
A1: SAN MICHEL TEAM TOURNAMENT 2026
A6: Final
A9: Court 1/2
A11: Time | B11: Rubber | C11: TEAM E: Roberto Murdocco | F11: TEAM F: Diane Fenech | H11: Games | J11: Sets
A12: 4.00pm | B12: Men C | C12: Max Anastasi | D12: Jordan Lastimosa | E12: vs | F12: Julian Esposito | G12: Simone Re | J12: =IF(AND(H12>I12,H13>I13),2,IF(H12>I12,1,IF(H13>I13,1,0))) -> 0 | K12: =IF(AND(I12>H12,I13>H13),2,IF(I12>H12,1,IF(I13>H13,1,0))) -> 0
A15: 4.00pm | B15: Men D | C15: Matthias Cremona | D15: Braydon Galea | E15: vs | F15: Ryan Ebejer | G15: Clinton Cutajar | J15: =IF(AND(H15>I15,H16>I16),2,IF(H15>I15,1,IF(H16>I16,1,0))) -> 0 | K15: =IF(AND(I15>H15,I16>H16),2,IF(I15>H15,1,IF(I16>H16,1,0))) -> 0
A18: 4.00pm | B18: Lad C | C18: Leanne Sammut | D18: Maria Ellul | E18: vs | F18: Tiziana Spiteri | G18: Daphne Vella | J18: =IF(AND(H18>I18,H19>I19),2,IF(H18>I18,1,IF(H19>I19,1,0))) -> 0 | K18: =IF(AND(I18>H18,I19>H19),2,IF(I18>H18,1,IF(I19>H19,1,0))) -> 0
A21: 4.00pm | B21: Men B | C21: Emman Xuereb | D21: Luke Genuis | E21: vs | F21: Richard Curmi | G21: Steve Gambin | J21: =IF(AND(H21>I21,H22>I22),2,IF(H21>I21,1,IF(H22>I22,1,0))) -> 0 | K21: =IF(AND(I21>H21,I22>H22),2,IF(I21>H21,1,IF(I22>H22,1,0))) -> 0 | L21: T-B
A24: 5.30pm | B24: Men A | C24: Trevor Rutter | D24: Marco Mercieca | E24: vs | F24: Kurt Carabott | G24: Jean Attard | J24: =IF(AND(H24>I24,H25>I25),2,IF(H24>I24,1,IF(H25>I25,1,0))) -> 0 | K24: =IF(AND(I24>H24,I25>H25),2,IF(I24>H24,1,IF(I25>H25,1,0))) -> 0
A27: 5.30pm | B27: Lad A | C27: Annmarie Mangion | D27: Mae Jane Manzanares | E27: vs | F27: Renette Magro | G27: Christina Bonett | J27: =IF(AND(H27>I27,H28>I28),2,IF(H27>I27,1,IF(H28>I28,1,0))) -> 0 | K27: =IF(AND(I27>H27,I28>H28),2,IF(I27>H27,1,IF(I28>H28,1,0))) -> 0
A30: 5.30pm | B30: Lad B | C30: Dorianne Buhagiar | D30: Nancy Wong | E30: vs | F30: Maria Angela Gambin | G30: Romina Gauci | J30: =IF(AND(H30>I30,H31>I31),2,IF(H30>I30,1,IF(H31>I31,1,0))) -> 0 | K30: =IF(AND(I30>H30,I31>H31),2,IF(I30>H30,1,IF(I31>H31,1,0))) -> 0
H33: =SUM(H9:H31) -> 0 | I33: =SUM(I9:I31) -> 0 | J33: =SUM(J9:J31) -> 0 | K33: =SUM(K9:K31) -> 0
