Workbook

Sheet Players Men
A1: VITTORIOSA LAWN TENNIS CLUB MENS CHOSEN DOUBLES 2024
B5: Men Division 1 - Group A | F5: Men Division 1 - Group B
A6: 1 | B6: Matthew Borg/Jean Attard | E6: 1 | F6: Duncan D'Alessandro/Jesmond Pule’
A7: 2 | B7: Gavin Borg/Massimo Giovannini | E7: 2 | F7: Gabriel Pace/Nikolai Belli
A8: 3 | B8: Claude Mifsud Wismayer/Adrian Chetcuti | E8: 3 | F8: Reuben Borg/Luigi Porto
A9: 4 | B9: Trevor Rutter/Jean Carl Azzopardi | E9: 4 | F9: Matthew Borg/Roderick Spiteri
A10: 5 | B10: Matthew Mifsud/Melchior Farrugia | E10: 5 | F10: David Schembri/Fotis Evangelou
B12: Men Division 2 - Group A | F12: Men Division 2 - Group B
A13: 1 | B13: Ivan Cachia/Willem Steenkamer | E13: 1 | F13: Manuel Mifsud/Julian Esposito
A14: 2 | B14: Chi Chi Canonce/Kristen Cachia | E14: 2 | F14: Ivan Cassar/Kurt Cassar
A15: 3 | B15: Gene Zammit/Justin Graeme Christie | E15: 3 | F15: Mavric Sawyer/Keith Tanti
A16: 4 | B16: Jonathan Vella/Clint Aguis | E16: 4 | F16: Neville Sciriha/Roberto Murdocco
A17: 5 | B17: Jonathan Martinelli/Daryl Pace | E17: 5 | F17: Etienne Formosa Carabez/Javier Viloria
B19: Men Division 3
A20: 1 | B20: Denis Caruana/Duncan Zammit
A21: 2 | B21: Aaron Micallef Piccone/Adrian Sciberras
A22: 3 | B22: Cory Greenland/Benjamin Valencia
A23: 4 | B23: Dunstan Vella/Cyril Lastimosa
A24: 5 | B24: Maurice Borg/Kenneth Caruana
A25: 6 | B25: Kenneth Farrugia/Juan Sammut
B27: Men Division 4
A28: 1 | B28: Charles Micallef/Charles Grech
A29: 2 | B29: Antoine Bugeja/Simone Ercolani
A30: 3 | B30: Kevin Sciberras/Justin Scicluna
A31: 4 | B31: Sean Cachia/Isaac Joseph Zammit
A32: 5 | B32: Robert Attard/Steve Gambin
A33: 6 | B33: Isaac Baldacchino/JP Sciberras

Sheet Men Div 1
A1: VITTORIOSA LAWN TENNIS CLUB Sports Experience Chosen Doubles 2024
A5: Men Division 1 - Group A
A7: Players | B7: Set Scores | H7: Tie | P7: Players | Q7: Set Scores | W7: Tie | AE7: Player | AF7: Matches Played | AG7: Points Overall | AH7: Games Won | AI7: Sets Won
B8: Score | C8: Set 1 Work | E8: Score | F8: Set 2 Work | H8: Score | I8: Tie Work | J8: Game Played | K8: Sets Points Work | L8: Sets & Tie Points Work | M8: Games Wins Work | N8: Sets Wins Work | Q8: Score | R8: Set 1 Work | T8: Score | U8: Set 2 Work | W8: Score | X8: Tie Work | Y8: Game Played | Z8: Sets Points Work | AA8: Sets & Tie Points Work | AB8: Games Wins Work | AC8: Sets Wins Work | AJ8: Winner Working | AK8: Total Games Work | AL8: Winner
A9: =AE9 -> Matthew Borg/Jean Attard | B9: 7 | C9: =IF(B9>B11,1,0) -> 1 | E9: 6 | F9: =IF(E9>E11,1,0) -> 0 | H9: 10 | I9: =IF(H9>H11,1,0) -> 1 | J9: =IF(B9="",0,1) -> 1 | K9: =IF(C9+F9=2,3,IF(C9+F9=1,1,0)) -> 1 | L9: =IF(K9=3,3,IF(I9+K9=2,2,IF(K9=1,1,0))) -> 2 | M9: =B9+E9 -> 13 | N9: =C9+F9+I9 -> 2 | P9: =AE9 -> Matthew Borg/Jean Attard | Q9: 6 | R9: =IF(Q9>Q11,1,0) -> 1 | T9: 6 | U9: =IF(T9>T11,1,0) -> 1 | X9: =IF(W9>W11,1,0) -> 0 | Y9: =IF(Q9="",0,1) -> 1 | Z9: =IF(R9+U9=2,3,IF(R9+U9=1,1,0)) -> 3 | AA9: =IF(Z9=3,3,IF(X9+Z9=2,2,IF(Z9=1,1,0))) -> 3 | AB9: =Q9+T9 -> 12 | AC9: =R9+U9+X9 -> 2 | AE9: ='Players Men'!B6 -> Matthew Borg/Jean Attard | AF9: =J9+Y9+Y13+J13 -> 4 | AG9: =L9+AA9+L13+AA13 -> 9 | AH9: =M9+AB9+M13+AB13 -> 46 | AI9: =N9+AC9+N13+AC13 -> 7 | AJ9: =MAX(AG9:AG19) -> 11 | AK9: =SUM(AF9:AF19) -> 20 | AL9: =IF(AG9=$AJ$9,AE9,IF(AG11=$AJ$9,AE11,IF(AG13=$AJ$9,AE13,IF(AG15=$AJ$9,AE15,IF(AG17=$AJ$9,AE17,IF(AG19=$AJ$9,AE19,"")))))) -> Matthew Mifsud/Melchior Farrugia
A10: vs. | P10: vs.
A11: =AE11 -> Gavin Borg/Massimo Giovannini | B11: 5 | C11: =IF(B11>B9,1,0) -> 0 | E11: 7 | F11: =IF(E11>E9,1,0) -> 1 | H11: 5 | I11: =IF(H11>H9,1,0) -> 0 | J11: =IF(B11="",0,1) -> 1 | K11: =IF(C11+F11=2,3,IF(C11+F11=1,1,0)) -> 1 | L11: =IF(K11=3,3,IF(I11+K11=2,2,IF(K11=1,1,0))) -> 1 | M11: =B11+E11 -> 12 | N11: =C11+F11+I11 -> 1 | P11: =AE13 -> Claude Mifsud Wismayer/Adrian Chetcuti | Q11: 2 | R11: =IF(Q11>Q9,1,0) -> 0 | T11: 0 | U11: =IF(T11>T9,1,0) -> 0 | X11: =IF(W11>W9,1,0) -> 0 | Y11: =IF(Q11="",0,1) -> 1 | Z11: =IF(R11+U11=2,3,IF(R11+U11=1,1,0)) -> 0 | AA11: =IF(Z11=3,3,IF(X11+Z11=2,2,IF(Z11=1,1,0))) -> 0 | AB11: =Q11+T11 -> 2 | AC11: =R11+U11+X11 -> 0 | AE11: ='Players Men'!B7 -> Gavin Borg/Massimo Giovannini | AF11: =J11+J25+Y21+J21 -> 4 | AG11: =L11+L25+AA21+L21 -> 1 | AH11: =M11+M25+AB21+M21 -> 29 | AI11: =N11+N25+AC21+N21 -> 1
A13: =AE9 -> Matthew Borg/Jean Attard | B13: 6 | C13: =IF(B13>B15,1,0) -> 1 | E13: 6 | F13: =IF(E13>E15,1,0) -> 1 | I13: =IF(H13>H15,1,0) -> 0 | J13: =IF(B13="",0,1) -> 1 | K13: =IF(C13+F13=2,3,IF(C13+F13=1,1,0)) -> 3 | L13: =IF(K13=3,3,IF(I13+K13=2,2,IF(K13=1,1,0))) -> 3 | M13: =B13+E13 -> 12 | N13: =C13+F13+I13 -> 2 | P13: =AE9 -> Matthew Borg/Jean Attard | Q13: 3 | R13: =IF(Q13>Q15,1,0) -> 0 | T13: 6 | U13: =IF(T13>T15,1,0) -> 1 | W13: 8 | X13: =IF(W13>W15,1,0) -> 0 | Y13: =IF(Q13="",0,1) -> 1 | Z13: =IF(R13+U13=2,3,IF(R13+U13=1,1,0)) -> 1 | AA13: =IF(Z13=3,3,IF(X13+Z13=2,2,IF(Z13=1,1,0))) -> 1 | AB13: =Q13+T13 -> 9 | AC13: =R13+U13+X13 -> 1 | AE13: ='Players Men'!B8 -> Claude Mifsud Wismayer/Adrian Chetcuti | AF13: =Y17+J23+J17+Y11 -> 4 | AG13: =L17+AA17+AA11+L23 -> 4 | AH13: =M17+AB11+M23+AB17 -> 29 | AI13: =N17+AC17+AC11+N23 -> 3
A14: vs. | P14: vs.
A15: =AE15 -> Trevor Rutter/Jean Carl Azzopardi | B15: 3 | C15: =IF(B15>B13,1,0) -> 0 | E15: 4 | F15: =IF(E15>E13,1,0) -> 0 | I15: =IF(H15>H13,1,0) -> 0 | J15: =IF(B15="",0,1) -> 1 | K15: =IF(C15+F15=2,3,IF(C15+F15=1,1,0)) -> 0 | L15: =IF(K15=3,3,IF(I15+K15=2,2,IF(K15=1,1,0))) -> 0 | M15: =B15+E15 -> 7 | N15: =C15+F15+I15 -> 0 | P15: =AE17 -> Matthew Mifsud/Melchior Farrugia | Q15: 6 | R15: =IF(Q15>Q13,1,0) -> 1 | T15: 3 | U15: =IF(T15>T13,1,0) -> 0 | W15: 10 | X15: =IF(W15>W13,1,0) -> 1 | Y15: =IF(Q15="",0,1) -> 1 | Z15: =IF(R15+U15=2,3,IF(R15+U15=1,1,0)) -> 1 | AA15: =IF(Z15=3,3,IF(X15+Z15=2,2,IF(Z15=1,1,0))) -> 2 | AB15: =Q15+T15 -> 9 | AC15: =R15+U15+X15 -> 2 | AE15: ='Players Men'!B9 -> Trevor Rutter/Jean Carl Azzopardi | AF15: =Y19+J15+Y23+J29 -> 4 | AG15: =AA19+L15+AA23+L29 -> 5 | AH15: =AB19+M15+AB23+M29 -> 34 | AI15: =AC19+N15+AC23+N29 -> 4
A17: =AE13 -> Claude Mifsud Wismayer/Adrian Chetcuti | B17: 4 | C17: =IF(B17>B19,1,0) -> 0 | E17: 2 | F17: =IF(E17>E19,1,0) -> 0 | I17: =IF(H17>H19,1,0) -> 0 | J17: =IF(B17="",0,1) -> 1 | K17: =IF(C17+F17=2,3,IF(C17+F17=1,1,0)) -> 0 | L17: =IF(K17=3,3,IF(I17+K17=2,2,IF(K17=1,1,0))) -> 0 | M17: =B17+E17 -> 6 | N17: =C17+F17+I17 -> 0 | P17: =AE13 -> Claude Mifsud Wismayer/Adrian Chetcuti | Q17: 3 | R17: =IF(Q17>Q19,1,0) -> 0 | T17: 6 | U17: =IF(T17>T19,1,0) -> 1 | W17: 5 | X17: =IF(W17>W19,1,0) -> 0 | Y17: =IF(Q17="",0,1) -> 1 | Z17: =IF(R17+U17=2,3,IF(R17+U17=1,1,0)) -> 1 | AA17: =IF(Z17=3,3,IF(X17+Z17=2,2,IF(Z17=1,1,0))) -> 1 | AB17: =Q17+T17 -> 9 | AC17: =R17+U17+X17 -> 1 | AE17: ='Players Men'!B10 -> Matthew Mifsud/Melchior Farrugia | AF17: =Y15+J27+J19+J31 -> 4 | AG17: =AA15+L27+L19+L31 -> 11 | AH17: =AB15+M27+M19+M31 -> 46 | AI17: =N31+N27+AC15+N19 -> 8
A18: vs. | P18: vs.
A19: =AE17 -> Matthew Mifsud/Melchior Farrugia | B19: 6 | C19: =IF(B19>B17,1,0) -> 1 | E19: 6 | F19: =IF(E19>E17,1,0) -> 1 | I19: =IF(H19>H17,1,0) -> 0 | J19: =IF(B19="",0,1) -> 1 | K19: =IF(C19+F19=2,3,IF(C19+F19=1,1,0)) -> 3 | L19: =IF(K19=3,3,IF(I19+K19=2,2,IF(K19=1,1,0))) -> 3 | M19: =B19+E19 -> 12 | N19: =C19+F19+I19 -> 2 | P19: =AE15 -> Trevor Rutter/Jean Carl Azzopardi | Q19: 6 | R19: =IF(Q19>Q17,1,0) -> 1 | T19: 3 | U19: =IF(T19>T17,1,0) -> 0 | W19: 10 | X19: =IF(W19>W17,1,0) -> 1 | Y19: =IF(Q19="",0,1) -> 1 | Z19: =IF(R19+U19=2,3,IF(R19+U19=1,1,0)) -> 1 | AA19: =IF(Z19=3,3,IF(X19+Z19=2,2,IF(Z19=1,1,0))) -> 2 | AB19: =Q19+T19 -> 9 | AC19: =R19+U19+X19 -> 2 | AE19: Group A Winner
AE20: Matthew Mifsud/Melchior Farrugia
A21: =AE11 -> Gavin Borg/Massimo Giovannini | B21: 2 | C21: =IF(B21>B23,1,0) -> 0 | E21: 3 | F21: =IF(E21>E23,1,0) -> 0 | I21: =IF(H21>H23,1,0) -> 0 | J21: =IF(B21="",0,1) -> 1 | K21: =IF(C21+F21=2,3,IF(C21+F21=1,1,0)) -> 0 | L21: =IF(K21=3,3,IF(I21+K21=2,2,IF(K21=1,1,0))) -> 0 | M21: =B21+E21 -> 5 | N21: =C21+F21+I21 -> 0 | P21: =AE11 -> Gavin Borg/Massimo Giovannini | Q21: 2 | R21: =IF(Q21>Q23,1,0) -> 0 | T21: 3 | U21: =IF(T21>T23,1,0) -> 0 | X21: =IF(W21>W23,1,0) -> 0 | Y21: =IF(Q21="",0,1) -> 1 | Z21: =IF(R21+U21=2,3,IF(R21+U21=1,1,0)) -> 0 | AA21: =IF(Z21=3,3,IF(X21+Z21=2,2,IF(Z21=1,1,0))) -> 0 | AB21: =Q21+T21 -> 5 | AC21: =R21+U21+X21 -> 0
A22: vs. | P22: vs.
A23: =AE13 -> Claude Mifsud Wismayer/Adrian Chetcuti | B23: 6 | C23: =IF(B23>B21,1,0) -> 1 | E23: 6 | F23: =IF(E23>E21,1,0) -> 1 | I23: =IF(H23>H21,1,0) -> 0 | J23: =IF(B23="",0,1) -> 1 | K23: =IF(C23+F23=2,3,IF(C23+F23=1,1,0)) -> 3 | L23: =IF(K23=3,3,IF(I23+K23=2,2,IF(K23=1,1,0))) -> 3 | M23: =B23+E23 -> 12 | N23: =C23+F23+I23 -> 2 | P23: =AE15 -> Trevor Rutter/Jean Carl Azzopardi | Q23: 6 | R23: =IF(Q23>Q21,1,0) -> 1 | T23: 6 | U23: =IF(T23>T21,1,0) -> 1 | X23: =IF(W23>W21,1,0) -> 0 | Y23: =IF(Q23="",0,1) -> 1 | Z23: =IF(R23+U23=2,3,IF(R23+U23=1,1,0)) -> 3 | AA23: =IF(Z23=3,3,IF(X23+Z23=2,2,IF(Z23=1,1,0))) -> 3 | AB23: =Q23+T23 -> 12 | AC23: =R23+U23+X23 -> 2
A25: =AE11 -> Gavin Borg/Massimo Giovannini | B25: 5 | C25: =IF(B25>B27,1,0) -> 0 | E25: 2 | F25: =IF(E25>E27,1,0) -> 0 | I25: =IF(H25>H27,1,0) -> 0 | J25: =IF(B25="",0,1) -> 1 | K25: =IF(C25+F25=2,3,IF(C25+F25=1,1,0)) -> 0 | L25: =IF(K25=3,3,IF(I25+K25=2,2,IF(K25=1,1,0))) -> 0 | M25: =B25+E25 -> 7 | N25: =C25+F25+I25 -> 0 | O25: Ret
A26: vs.
A27: =AE17 -> Matthew Mifsud/Melchior Farrugia | B27: 7 | C27: =IF(B27>B25,1,0) -> 1 | E27: 6 | F27: =IF(E27>E25,1,0) -> 1 | I27: =IF(H27>H25,1,0) -> 0 | J27: =IF(B27="",0,1) -> 1 | K27: =IF(C27+F27=2,3,IF(C27+F27=1,1,0)) -> 3 | L27: =IF(K27=3,3,IF(I27+K27=2,2,IF(K27=1,1,0))) -> 3 | M27: =B27+E27 -> 13 | N27: =C27+F27+I27 -> 2
A29: =AE15 -> Trevor Rutter/Jean Carl Azzopardi | B29: 2 | C29: =IF(B29>B31,1,0) -> 0 | E29: 4 | F29: =IF(E29>E31,1,0) -> 0 | I29: =IF(H29>H31,1,0) -> 0 | J29: =IF(B29="",0,1) -> 1 | K29: =IF(C29+F29=2,3,IF(C29+F29=1,1,0)) -> 0 | L29: =IF(K29=3,3,IF(I29+K29=2,2,IF(K29=1,1,0))) -> 0 | M29: =B29+E29 -> 6 | N29: =C29+F29+I29 -> 0
A30: vs.
A31: =AE17 -> Matthew Mifsud/Melchior Farrugia | B31: 6 | C31: =IF(B31>B29,1,0) -> 1 | E31: 6 | F31: =IF(E31>E29,1,0) -> 1 | I31: =IF(H31>H29,1,0) -> 0 | J31: =IF(B31="",0,1) -> 1 | K31: =IF(C31+F31=2,3,IF(C31+F31=1,1,0)) -> 3 | L31: =IF(K31=3,3,IF(I31+K31=2,2,IF(K31=1,1,0))) -> 3 | M31: =B31+E31 -> 12 | N31: =C31+F31+I31 -> 2
A53: Men Division 1 - Group B
A55: Players | B55: Set Scores | H55: Tie | P55: Players | Q55: Set Scores | W55: Tie | AE55: Player | AF55: Matches Played | AG55: Points Overall | AH55: Games Won | AI55: Sets Won
B56: Score | C56: Set 1 Work | E56: Score | F56: Set 2 Work | H56: Score | I56: Tie Work | J56: Game Played | K56: Sets Points Work | L56: Sets & Tie Points Work | M56: Games Wins Work | N56: Sets Wins Work | Q56: Score | R56: Set 1 Work | T56: Score | U56: Set 2 Work | W56: Score | X56: Tie Work | Y56: Game Played | Z56: Sets Points Work | AA56: Sets & Tie Points Work | AB56: Games Wins Work | AC56: Sets Wins Work | AJ56: Winner Working | AK56: Total Games Work | AL56: Winner
A57: =AE57 -> Duncan D'Alessandro/Jesmond Pule’ | B57: 7 | C57: =IF(B57>B59,1,0) -> 1 | E57: 3 | F57: =IF(E57>E59,1,0) -> 0 | H57: 10 | I57: =IF(H57>H59,1,0) -> 1 | J57: =IF(B57="",0,1) -> 1 | K57: =IF(C57+F57=2,3,IF(C57+F57=1,1,0)) -> 1 | L57: =IF(K57=3,3,IF(I57+K57=2,2,IF(K57=1,1,0))) -> 2 | M57: =B57+E57 -> 10 | N57: =C57+F57+I57 -> 2 | P57: =AE57 -> Duncan D'Alessandro/Jesmond Pule’ | Q57: 6 | R57: =IF(Q57>Q59,1,0) -> 1 | T57: 6 | U57: =IF(T57>T59,1,0) -> 1 | X57: =IF(W57>W59,1,0) -> 0 | Y57: =IF(Q57="",0,1) -> 1 | Z57: =IF(R57+U57=2,3,IF(R57+U57=1,1,0)) -> 3 | AA57: =IF(Z57=3,3,IF(X57+Z57=2,2,IF(Z57=1,1,0))) -> 3 | AB57: =Q57+T57 -> 12 | AC57: =R57+U57+X57 -> 2 | AE57: ='Players Men'!F6 -> Duncan D'Alessandro/Jesmond Pule’ | AF57: =J57+Y57+J61+Y61 -> 4 | AG57: =L57+AA57+L61+AA61 -> 11 | AH57: =M57+AB57+M61+AB61 -> 47 | AI57: =N57+AC57+N61+AC61 -> 8 | AJ57: =MAX(AG57:AG66) -> 11 | AK57: =SUM(AF57:AF66) -> 18 | AL57: =IF(AG57=$AJ$57,AE57,IF(AG59=$AJ$57,AE59,IF(AG61=$AJ$57,AE61,IF(AG63=$AJ$57,AE63,IF(AG65=$AJ$57,AE65,IF(#REF!=$AJ$57,#REF!,"")))))) -> Duncan D'Alessandro/Jesmond Pule’
A58: vs. | P58: vs.
A59: =AE59 -> Gabriel Pace/Nikolai Belli | B59: 6 | C59: =IF(B59>B57,1,0) -> 0 | E59: 6 | F59: =IF(E59>E57,1,0) -> 1 | H59: 6 | I59: =IF(H59>H57,1,0) -> 0 | J59: =IF(B59="",0,1) -> 1 | K59: =IF(C59+F59=2,3,IF(C59+F59=1,1,0)) -> 1 | L59: =IF(K59=3,3,IF(I59+K59=2,2,IF(K59=1,1,0))) -> 1 | M59: =B59+E59 -> 12 | N59: =C59+F59+I59 -> 1 | P59: =AE61 -> Reuben Borg/Luigi Porto | Q59: 3 | R59: =IF(Q59>Q57,1,0) -> 0 | T59: 1 | U59: =IF(T59>T57,1,0) -> 0 | X59: =IF(W59>W57,1,0) -> 0 | Y59: =IF(Q59="",0,1) -> 1 | Z59: =IF(R59+U59=2,3,IF(R59+U59=1,1,0)) -> 0 | AA59: =IF(Z59=3,3,IF(X59+Z59=2,2,IF(Z59=1,1,0))) -> 0 | AB59: =Q59+T59 -> 4 | AC59: =R59+U59+X59 -> 0 | AE59: ='Players Men'!F7 -> Gabriel Pace/Nikolai Belli | AF59: =J59+J73+Y69+J69 -> 3 | AG59: =L59+L73+AA69+L69 -> 6 | AH59: =M59+M73+AB69+M69 -> 37 | AI59: =N59+N73+AC69+N69 -> 5
A61: =AE57 -> Duncan D'Alessandro/Jesmond Pule’ | B61: 7 | C61: =IF(B61>B63,1,0) -> 1 | E61: 6 | F61: =IF(E61>E63,1,0) -> 1 | I61: =IF(H61>H63,1,0) -> 0 | J61: =IF(B61="",0,1) -> 1 | K61: =IF(C61+F61=2,3,IF(C61+F61=1,1,0)) -> 3 | L61: =IF(K61=3,3,IF(I61+K61=2,2,IF(K61=1,1,0))) -> 3 | M61: =B61+E61 -> 13 | N61: =C61+F61+I61 -> 2 | P61: =AE57 -> Duncan D'Alessandro/Jesmond Pule’ | Q61: 6 | R61: =IF(Q61>Q63,1,0) -> 1 | T61: 6 | U61: =IF(T61>T63,1,0) -> 1 | X61: =IF(W61>W63,1,0) -> 0 | Y61: =IF(Q61="",0,1) -> 1 | Z61: =IF(R61+U61=2,3,IF(R61+U61=1,1,0)) -> 3 | AA61: =IF(Z61=3,3,IF(X61+Z61=2,2,IF(Z61=1,1,0))) -> 3 | AB61: =Q61+T61 -> 12 | AC61: =R61+U61+X61 -> 2 | AE61: ='Players Men'!F8 -> Reuben Borg/Luigi Porto | AF61: =Y65+Y59+J65+J71 -> 3 | AG61: =AA65+AA59+L65+L71 -> 4 | AH61: =AB65+AB59+M65+M71 -> 28 | AI61: =AC65+AC59+N65+N71 -> 3
A62: vs. | P62: vs.
A63: =AE63 -> Matthew Borg/Roderick Spiteri | B63: 5 | C63: =IF(B63>B61,1,0) -> 0 | E63: 1 | F63: =IF(E63>E61,1,0) -> 0 | I63: =IF(H63>H61,1,0) -> 0 | J63: =IF(B63="",0,1) -> 1 | K63: =IF(C63+F63=2,3,IF(C63+F63=1,1,0)) -> 0 | L63: =IF(K63=3,3,IF(I63+K63=2,2,IF(K63=1,1,0))) -> 0 | M63: =B63+E63 -> 6 | N63: =C63+F63+I63 -> 0 | P63: =AE65 -> David Schembri/Fotis Evangelou | Q63: 3 | R63: =IF(Q63>Q61,1,0) -> 0 | T63: 2 | U63: =IF(T63>T61,1,0) -> 0 | X63: =IF(W63>W61,1,0) -> 0 | Y63: =IF(Q63="",0,1) -> 1 | Z63: =IF(R63+U63=2,3,IF(R63+U63=1,1,0)) -> 0 | AA63: =IF(Z63=3,3,IF(X63+Z63=2,2,IF(Z63=1,1,0))) -> 0 | AB63: =Q63+T63 -> 5 | AC63: =R63+U63+X63 -> 0 | AE63: ='Players Men'!F9 -> Matthew Borg/Roderick Spiteri | AF63: =Y67+J77+J63+Y71 -> 4 | AG63: =AA67+L77+L63+AA71 -> 2 | AH63: =AB67+M77+M63+AB71 -> 22 | AI63: =AC67+N77+N63+AC71 -> 2
A65: =AE61 -> Reuben Borg/Luigi Porto | B65: 5 | C65: =IF(B65>B67,1,0) -> 0 | E65: 7 | F65: =IF(E65>E67,1,0) -> 1 | H65: 4 | I65: =IF(H65>H67,1,0) -> 0 | J65: =IF(B65="",0,1) -> 1 | K65: =IF(C65+F65=2,3,IF(C65+F65=1,1,0)) -> 1 | L65: =IF(K65=3,3,IF(I65+K65=2,2,IF(K65=1,1,0))) -> 1 | M65: =B65+E65 -> 12 | N65: =C65+F65+I65 -> 1 | P65: =AE61 -> Reuben Borg/Luigi Porto | Q65: 6 | R65: =IF(Q65>Q67,1,0) -> 1 | T65: 6 | U65: =IF(T65>T67,1,0) -> 1 | X65: =IF(W65>W67,1,0) -> 0 | Y65: =IF(Q65="",0,1) -> 1 | Z65: =IF(R65+U65=2,3,IF(R65+U65=1,1,0)) -> 3 | AA65: =IF(Z65=3,3,IF(X65+Z65=2,2,IF(Z65=1,1,0))) -> 3 | AB65: =Q65+T65 -> 12 | AC65: =R65+U65+X65 -> 2 | AD65: w/o | AE65: ='Players Men'!F10 -> David Schembri/Fotis Evangelou | AF65: =J79+J75+Y63+J67 -> 4 | AG65: =L79+L75+AA63+L67 -> 4 | AH65: =M79+M75+AB63+M67 -> 36 | AI65: =N79+N75+AC63+N67 -> 4
A66: vs. | P66: vs.
A67: =AE65 -> David Schembri/Fotis Evangelou | B67: 7 | C67: =IF(B67>B65,1,0) -> 1 | E67: 5 | F67: =IF(E67>E65,1,0) -> 0 | H67: 10 | I67: =IF(H67>H65,1,0) -> 1 | J67: =IF(B67="",0,1) -> 1 | K67: =IF(C67+F67=2,3,IF(C67+F67=1,1,0)) -> 1 | L67: =IF(K67=3,3,IF(I67+K67=2,2,IF(K67=1,1,0))) -> 2 | M67: =B67+E67 -> 12 | N67: =C67+F67+I67 -> 2 | P67: =AE63 -> Matthew Borg/Roderick Spiteri | Q67: 0 | R67: =IF(Q67>Q65,1,0) -> 0 | T67: 0 | U67: =IF(T67>T65,1,0) -> 0 | X67: =IF(W67>W65,1,0) -> 0 | Y67: =IF(Q67="",0,1) -> 1 | Z67: =IF(R67+U67=2,3,IF(R67+U67=1,1,0)) -> 0 | AA67: =IF(Z67=3,3,IF(X67+Z67=2,2,IF(Z67=1,1,0))) -> 0 | AB67: =Q67+T67 -> 0 | AC67: =R67+U67+X67 -> 0 | AE67: Group B Winner
AE68: Duncan D'Alessandro/Jesmond Pule'
A69: =AE59 -> Gabriel Pace/Nikolai Belli | C69: =IF(B69>B71,1,0) -> 0 | F69: =IF(E69>E71,1,0) -> 0 | I69: =IF(H69>H71,1,0) -> 0 | J69: =IF(B69="",0,1) -> 0 | K69: =IF(C69+F69=2,3,IF(C69+F69=1,1,0)) -> 0 | L69: =IF(K69=3,3,IF(I69+K69=2,2,IF(K69=1,1,0))) -> 0 | M69: =B69+E69 -> 0 | N69: =C69+F69+I69 -> 0 | P69: =AE59 -> Gabriel Pace/Nikolai Belli | Q69: 6 | R69: =IF(Q69>Q71,1,0) -> 1 | T69: 6 | U69: =IF(T69>T71,1,0) -> 1 | X69: =IF(W69>W71,1,0) -> 0 | Y69: =IF(Q69="",0,1) -> 1 | Z69: =IF(R69+U69=2,3,IF(R69+U69=1,1,0)) -> 3 | AA69: =IF(Z69=3,3,IF(X69+Z69=2,2,IF(Z69=1,1,0))) -> 3 | AB69: =Q69+T69 -> 12 | AC69: =R69+U69+X69 -> 2
A70: vs. | P70: vs. | AE70: Final
A71: =AE61 -> Reuben Borg/Luigi Porto | C71: =IF(B71>B69,1,0) -> 0 | F71: =IF(E71>E69,1,0) -> 0 | I71: =IF(H71>H69,1,0) -> 0 | J71: =IF(B71="",0,1) -> 0 | K71: =IF(C71+F71=2,3,IF(C71+F71=1,1,0)) -> 0 | L71: =IF(K71=3,3,IF(I71+K71=2,2,IF(K71=1,1,0))) -> 0 | M71: =B71+E71 -> 0 | N71: =C71+F71+I71 -> 0 | P71: =AE63 -> Matthew Borg/Roderick Spiteri | Q71: 2 | R71: =IF(Q71>Q69,1,0) -> 0 | T71: 4 | U71: =IF(T71>T69,1,0) -> 0 | X71: =IF(W71>W69,1,0) -> 0 | Y71: =IF(Q71="",0,1) -> 1 | Z71: =IF(R71+U71=2,3,IF(R71+U71=1,1,0)) -> 0 | AA71: =IF(Z71=3,3,IF(X71+Z71=2,2,IF(Z71=1,1,0))) -> 0 | AB71: =Q71+T71 -> 6 | AC71: =R71+U71+X71 -> 0
AE72: Players | AF72: Set Scores | AL72: Tie
A73: =AE59 -> Gabriel Pace/Nikolai Belli | B73: 6 | C73: =IF(B73>B75,1,0) -> 0 | E73: 7 | F73: =IF(E73>E75,1,0) -> 1 | H73: 17 | I73: =IF(H73>H75,1,0) -> 1 | J73: =IF(B73="",0,1) -> 1 | K73: =IF(C73+F73=2,3,IF(C73+F73=1,1,0)) -> 1 | L73: =IF(K73=3,3,IF(I73+K73=2,2,IF(K73=1,1,0))) -> 2 | M73: =B73+E73 -> 13 | N73: =C73+F73+I73 -> 2 | AF73: Score | AG73: Set 1 Work | AI73: Score | AJ73: Set 2 Work | AL73: Score
A74: vs. | AE74: Matthew Mifsud/Melchior Farrugia | AF74: 6 | AG74: =IF(AF74>AF76,1,0) -> 1 | AI74: 6 | AJ74: =IF(AI74>AI76,1,0) -> 1
A75: =AE65 -> David Schembri/Fotis Evangelou | B75: 7 | C75: =IF(B75>B73,1,0) -> 1 | E75: 6 | F75: =IF(E75>E73,1,0) -> 0 | H75: 15 | I75: =IF(H75>H73,1,0) -> 0 | J75: =IF(B75="",0,1) -> 1 | K75: =IF(C75+F75=2,3,IF(C75+F75=1,1,0)) -> 1 | L75: =IF(K75=3,3,IF(I75+K75=2,2,IF(K75=1,1,0))) -> 1 | M75: =B75+E75 -> 13 | N75: =C75+F75+I75 -> 1 | AE75: vs.
AE76: Duncan D'Alessandro/Jesmond Pule' | AF76: 2 | AG76: =IF(AF76>AF74,1,0) -> 0 | AI76: 2 | AJ76: =IF(AI76>AI74,1,0) -> 0
A77: =AE63 -> Matthew Borg/Roderick Spiteri | B77: 4 | C77: =IF(B77>B79,1,0) -> 0 | E77: 6 | F77: =IF(E77>E79,1,0) -> 1 | H77: 10 | I77: =IF(H77>H79,1,0) -> 1 | J77: =IF(B77="",0,1) -> 1 | K77: =IF(C77+F77=2,3,IF(C77+F77=1,1,0)) -> 1 | L77: =IF(K77=3,3,IF(I77+K77=2,2,IF(K77=1,1,0))) -> 2 | M77: =B77+E77 -> 10 | N77: =C77+F77+I77 -> 2
A78: vs. | AE78: Divison Winner
A79: =AE65 -> David Schembri/Fotis Evangelou | B79: 6 | C79: =IF(B79>B77,1,0) -> 1 | E79: 0 | F79: =IF(E79>E77,1,0) -> 0 | H79: 7 | I79: =IF(H79>H77,1,0) -> 0 | J79: =IF(B79="",0,1) -> 1 | K79: =IF(C79+F79=2,3,IF(C79+F79=1,1,0)) -> 1 | L79: =IF(K79=3,3,IF(I79+K79=2,2,IF(K79=1,1,0))) -> 1 | M79: =B79+E79 -> 6 | N79: =C79+F79+I79 -> 1 | AE79: =IF(AA87>AA89,AE74,AE76) -> Matthew Mifsud/Melchior Farrugia
AE81: Divison Runner Up
AE82: =IF(AA87<AA89,AE74,AE76) -> Duncan D'Alessandro/Jesmond Pule'
X86: Tie Work | Y86: Game Played | Z86: Sets Points Work | AA86: Sets & Tie Points Work | AB86: Games Wins Work | AC86: Sets Wins Work
X87: =IF(AL74>AL76,1,0) -> 0 | Y87: =IF(AF74="",0,1) -> 1 | Z87: =IF(AG74+AJ74=2,3,IF(AG74+AJ74=1,1,0)) -> 3 | AA87: =IF(Z87=3,3,IF(X87+Z87=2,2,IF(Z87=1,1,0))) -> 3 | AB87: =AF74+AI74 -> 12 | AC87: =AG74+AJ74+X87 -> 2
X89: =IF(AL76>AL74,1,0) -> 0 | Y89: =IF(AF76="",0,1) -> 1 | Z89: =IF(AG76+AJ76=2,3,IF(AG76+AJ76=1,1,0)) -> 0 | AA89: =IF(Z89=3,3,IF(X89+Z89=2,2,IF(Z89=1,1,0))) -> 0 | AB89: =AF76+AI76 -> 4 | AC89: =AG76+AJ76+X89 -> 0

Sheet Men Div 2
A1: VITTORIOSA LAWN TENNIS CLUB Sports Experience Chosen Doubles 2024
A5: Men Division 2 - Group A
A7: Players | B7: Set Scores | H7: Tie | P7: Players | Q7: Set Scores | W7: Tie | AE7: Player | AF7: Matches Played | AG7: Points Overall | AH7: Games Won | AI7: Sets Won
B8: Score | C8: Set 1 Work | E8: Score | F8: Set 2 Work | H8: Score | I8: Tie Work | J8: Game Played | K8: Sets Points Work | L8: Sets & Tie Points Work | M8: Games Wins Work | N8: Sets Wins Work | Q8: Score | R8: Set 1 Work | T8: Score | U8: Set 2 Work | W8: Score | X8: Tie Work | Y8: Game Played | Z8: Sets Points Work | AA8: Sets & Tie Points Work | AB8: Games Wins Work | AC8: Sets Wins Work | AJ8: Winner Working | AK8: Total Games Work | AL8: Winner
A9: =AE9 -> Ivan Cachia/Willem Steenkamer | B9: 4 | C9: =IF(B9>B11,1,0) -> 0 | E9: 6 | F9: =IF(E9>E11,1,0) -> 1 | H9: 6 | I9: =IF(H9>H11,1,0) -> 0 | J9: =IF(B9="",0,1) -> 1 | K9: =IF(C9+F9=2,3,IF(C9+F9=1,1,0)) -> 1 | L9: =IF(K9=3,3,IF(I9+K9=2,2,IF(K9=1,1,0))) -> 1 | M9: =B9+E9 -> 10 | N9: =C9+F9+I9 -> 1 | P9: =AE9 -> Ivan Cachia/Willem Steenkamer | Q9: 2 | R9: =IF(Q9>Q11,1,0) -> 0 | T9: 6 | U9: =IF(T9>T11,1,0) -> 1 | W9: 5 | X9: =IF(W9>W11,1,0) -> 0 | Y9: =IF(Q9="",0,1) -> 1 | Z9: =IF(R9+U9=2,3,IF(R9+U9=1,1,0)) -> 1 | AA9: =IF(Z9=3,3,IF(X9+Z9=2,2,IF(Z9=1,1,0))) -> 1 | AB9: =Q9+T9 -> 8 | AC9: =R9+U9+X9 -> 1 | AE9: ='Players Men'!B13 -> Ivan Cachia/Willem Steenkamer | AF9: =J9+Y9+Y13+J13 -> 4 | AG9: =L9+AA9+L13+AA13 -> 5 | AH9: =M9+AB9+M13+AB13 -> 36 | AI9: =N9+AC9+N13+AC13 -> 5 | AJ9: =MAX(AG9:AG19) -> 8 | AK9: =SUM(AF9:AF19) -> 20 | AL9: =IF(AG9=$AJ$9,AE9,IF(AG11=$AJ$9,AE11,IF(AG13=$AJ$9,AE13,IF(AG15=$AJ$9,AE15,IF(AG17=$AJ$9,AE17,IF(AG19=$AJ$9,AE19,"")))))) -> Chi Chi Canonce/Kristen Cachia
A10: vs. | P10: vs.
A11: =AE11 -> Chi Chi Canonce/Kristen Cachia | B11: 6 | C11: =IF(B11>B9,1,0) -> 1 | E11: 4 | F11: =IF(E11>E9,1,0) -> 0 | H11: 10 | I11: =IF(H11>H9,1,0) -> 1 | J11: =IF(B11="",0,1) -> 1 | K11: =IF(C11+F11=2,3,IF(C11+F11=1,1,0)) -> 1 | L11: =IF(K11=3,3,IF(I11+K11=2,2,IF(K11=1,1,0))) -> 2 | M11: =B11+E11 -> 10 | N11: =C11+F11+I11 -> 2 | P11: =AE13 -> Gene Zammit/Justin Graeme Christie | Q11: 6 | R11: =IF(Q11>Q9,1,0) -> 1 | T11: 1 | U11: =IF(T11>T9,1,0) -> 0 | W11: 10 | X11: =IF(W11>W9,1,0) -> 1 | Y11: =IF(Q11="",0,1) -> 1 | Z11: =IF(R11+U11=2,3,IF(R11+U11=1,1,0)) -> 1 | AA11: =IF(Z11=3,3,IF(X11+Z11=2,2,IF(Z11=1,1,0))) -> 2 | AB11: =Q11+T11 -> 7 | AC11: =R11+U11+X11 -> 2 | AE11: ='Players Men'!B14 -> Chi Chi Canonce/Kristen Cachia | AF11: =J11+J25+Y21+J21 -> 4 | AG11: =L11+L25+AA21+L21 -> 8 | AH11: =M11+M25+AB21+M21 -> 35 | AI11: =N11+N25+AC21+N21 -> 6
A13: =AE9 -> Ivan Cachia/Willem Steenkamer | B13: 7 | C13: =IF(B13>B15,1,0) -> 1 | E13: 1 | F13: =IF(E13>E15,1,0) -> 0 | H13: 5 | I13: =IF(H13>H15,1,0) -> 0 | J13: =IF(B13="",0,1) -> 1 | K13: =IF(C13+F13=2,3,IF(C13+F13=1,1,0)) -> 1 | L13: =IF(K13=3,3,IF(I13+K13=2,2,IF(K13=1,1,0))) -> 1 | M13: =B13+E13 -> 8 | N13: =C13+F13+I13 -> 1 | P13: =AE9 -> Ivan Cachia/Willem Steenkamer | Q13: 3 | R13: =IF(Q13>Q15,1,0) -> 0 | T13: 7 | U13: =IF(T13>T15,1,0) -> 1 | W13: 10 | X13: =IF(W13>W15,1,0) -> 1 | Y13: =IF(Q13="",0,1) -> 1 | Z13: =IF(R13+U13=2,3,IF(R13+U13=1,1,0)) -> 1 | AA13: =IF(Z13=3,3,IF(X13+Z13=2,2,IF(Z13=1,1,0))) -> 2 | AB13: =Q13+T13 -> 10 | AC13: =R13+U13+X13 -> 2 | AE13: ='Players Men'!B15 -> Gene Zammit/Justin Graeme Christie | AF13: =Y17+J23+J17+Y11 -> 4 | AG13: =L17+AA17+AA11+L23 -> 8 | AH13: =M17+AB11+M23+AB17 -> 38 | AI13: =N17+AC17+AC11+N23 -> 6
A14: vs. | P14: vs.
A15: =AE15 -> Jonathan Vella/Clint Aguis | B15: 5 | C15: =IF(B15>B13,1,0) -> 0 | E15: 6 | F15: =IF(E15>E13,1,0) -> 1 | H15: 10 | I15: =IF(H15>H13,1,0) -> 1 | J15: =IF(B15="",0,1) -> 1 | K15: =IF(C15+F15=2,3,IF(C15+F15=1,1,0)) -> 1 | L15: =IF(K15=3,3,IF(I15+K15=2,2,IF(K15=1,1,0))) -> 2 | M15: =B15+E15 -> 11 | N15: =C15+F15+I15 -> 2 | P15: =AE17 -> Jonathan Martinelli/Daryl Pace | Q15: 6 | R15: =IF(Q15>Q13,1,0) -> 1 | T15: 5 | U15: =IF(T15>T13,1,0) -> 0 | W15: 8 | X15: =IF(W15>W13,1,0) -> 0 | Y15: =IF(Q15="",0,1) -> 1 | Z15: =IF(R15+U15=2,3,IF(R15+U15=1,1,0)) -> 1 | AA15: =IF(Z15=3,3,IF(X15+Z15=2,2,IF(Z15=1,1,0))) -> 1 | AB15: =Q15+T15 -> 11 | AC15: =R15+U15+X15 -> 1 | AE15: ='Players Men'!B16 -> Jonathan Vella/Clint Aguis | AF15: =Y19+J15+Y23+J29 -> 4 | AG15: =AA19+L15+AA23+L29 -> 7 | AH15: =AB19+M15+AB23+M29 -> 42 | AI15: =AC19+N15+AC23+N29 -> 6
A17: =AE13 -> Gene Zammit/Justin Graeme Christie | B17: 6 | C17: =IF(B17>B19,1,0) -> 1 | E17: 6 | F17: =IF(E17>E19,1,0) -> 1 | I17: =IF(H17>H19,1,0) -> 0 | J17: =IF(B17="",0,1) -> 1 | K17: =IF(C17+F17=2,3,IF(C17+F17=1,1,0)) -> 3 | L17: =IF(K17=3,3,IF(I17+K17=2,2,IF(K17=1,1,0))) -> 3 | M17: =B17+E17 -> 12 | N17: =C17+F17+I17 -> 2 | P17: =AE13 -> Gene Zammit/Justin Graeme Christie | Q17: 7 | R17: =IF(Q17>Q19,1,0) -> 1 | T17: 6 | U17: =IF(T17>T19,1,0) -> 1 | X17: =IF(W17>W19,1,0) -> 0 | Y17: =IF(Q17="",0,1) -> 1 | Z17: =IF(R17+U17=2,3,IF(R17+U17=1,1,0)) -> 3 | AA17: =IF(Z17=3,3,IF(X17+Z17=2,2,IF(Z17=1,1,0))) -> 3 | AB17: =Q17+T17 -> 13 | AC17: =R17+U17+X17 -> 2 | AE17: ='Players Men'!B17 -> Jonathan Martinelli/Daryl Pace | AF17: =Y15+J27+J19+J31 -> 4 | AG17: =AA15+L27+L19+L31 -> 2 | AH17: =AB15+M27+M19+M31 -> 35 | AI17: =N31+N27+AC15+N19 -> 2
A18: vs. | P18: vs.
A19: =AE17 -> Jonathan Martinelli/Daryl Pace | B19: 4 | C19: =IF(B19>B17,1,0) -> 0 | E19: 3 | F19: =IF(E19>E17,1,0) -> 0 | I19: =IF(H19>H17,1,0) -> 0 | J19: =IF(B19="",0,1) -> 1 | K19: =IF(C19+F19=2,3,IF(C19+F19=1,1,0)) -> 0 | L19: =IF(K19=3,3,IF(I19+K19=2,2,IF(K19=1,1,0))) -> 0 | M19: =B19+E19 -> 7 | N19: =C19+F19+I19 -> 0 | P19: =AE15 -> Jonathan Vella/Clint Aguis | Q19: 6 | R19: =IF(Q19>Q17,1,0) -> 0 | T19: 2 | U19: =IF(T19>T17,1,0) -> 0 | X19: =IF(W19>W17,1,0) -> 0 | Y19: =IF(Q19="",0,1) -> 1 | Z19: =IF(R19+U19=2,3,IF(R19+U19=1,1,0)) -> 0 | AA19: =IF(Z19=3,3,IF(X19+Z19=2,2,IF(Z19=1,1,0))) -> 0 | AB19: =Q19+T19 -> 8 | AC19: =R19+U19+X19 -> 0 | AE19: Group A Winner
AE20: Chi Chi Canonce/Kristen Cachia
A21: =AE11 -> Chi Chi Canonce/Kristen Cachia | B21: 6 | C21: =IF(B21>B23,1,0) -> 1 | E21: 6 | F21: =IF(E21>E23,1,0) -> 1 | I21: =IF(H21>H23,1,0) -> 0 | J21: =IF(B21="",0,1) -> 1 | K21: =IF(C21+F21=2,3,IF(C21+F21=1,1,0)) -> 3 | L21: =IF(K21=3,3,IF(I21+K21=2,2,IF(K21=1,1,0))) -> 3 | M21: =B21+E21 -> 12 | N21: =C21+F21+I21 -> 2 | P21: =AE11 -> Chi Chi Canonce/Kristen Cachia | Q21: 0 | R21: =IF(Q21>Q23,1,0) -> 0 | T21: 0 | U21: =IF(T21>T23,1,0) -> 0 | X21: =IF(W21>W23,1,0) -> 0 | Y21: =IF(Q21="",0,1) -> 1 | Z21: =IF(R21+U21=2,3,IF(R21+U21=1,1,0)) -> 0 | AA21: =IF(Z21=3,3,IF(X21+Z21=2,2,IF(Z21=1,1,0))) -> 0 | AB21: =Q21+T21 -> 0 | AC21: =R21+U21+X21 -> 0
A22: vs. | P22: vs.
A23: =AE13 -> Gene Zammit/Justin Graeme Christie | B23: 4 | C23: =IF(B23>B21,1,0) -> 0 | E23: 2 | F23: =IF(E23>E21,1,0) -> 0 | I23: =IF(H23>H21,1,0) -> 0 | J23: =IF(B23="",0,1) -> 1 | K23: =IF(C23+F23=2,3,IF(C23+F23=1,1,0)) -> 0 | L23: =IF(K23=3,3,IF(I23+K23=2,2,IF(K23=1,1,0))) -> 0 | M23: =B23+E23 -> 6 | N23: =C23+F23+I23 -> 0 | P23: =AE15 -> Jonathan Vella/Clint Aguis | Q23: 6 | R23: =IF(Q23>Q21,1,0) -> 1 | T23: 6 | U23: =IF(T23>T21,1,0) -> 1 | X23: =IF(W23>W21,1,0) -> 0 | Y23: =IF(Q23="",0,1) -> 1 | Z23: =IF(R23+U23=2,3,IF(R23+U23=1,1,0)) -> 3 | AA23: =IF(Z23=3,3,IF(X23+Z23=2,2,IF(Z23=1,1,0))) -> 3 | AB23: =Q23+T23 -> 12 | AC23: =R23+U23+X23 -> 2
A25: =AE11 -> Chi Chi Canonce/Kristen Cachia | B25: 6 | C25: =IF(B25>B27,1,0) -> 1 | E25: 7 | F25: =IF(E25>E27,1,0) -> 1 | I25: =IF(H25>H27,1,0) -> 0 | J25: =IF(B25="",0,1) -> 1 | K25: =IF(C25+F25=2,3,IF(C25+F25=1,1,0)) -> 3 | L25: =IF(K25=3,3,IF(I25+K25=2,2,IF(K25=1,1,0))) -> 3 | M25: =B25+E25 -> 13 | N25: =C25+F25+I25 -> 2
A26: vs.
A27: =AE17 -> Jonathan Martinelli/Daryl Pace | B27: 2 | C27: =IF(B27>B25,1,0) -> 0 | E27: 6 | F27: =IF(E27>E25,1,0) -> 0 | I27: =IF(H27>H25,1,0) -> 0 | J27: =IF(B27="",0,1) -> 1 | K27: =IF(C27+F27=2,3,IF(C27+F27=1,1,0)) -> 0 | L27: =IF(K27=3,3,IF(I27+K27=2,2,IF(K27=1,1,0))) -> 0 | M27: =B27+E27 -> 8 | N27: =C27+F27+I27 -> 0
A29: =AE15 -> Jonathan Vella/Clint Aguis | B29: 6 | C29: =IF(B29>B31,1,0) -> 1 | E29: 5 | F29: =IF(E29>E31,1,0) -> 0 | H29: 10 | I29: =IF(H29>H31,1,0) -> 1 | J29: =IF(B29="",0,1) -> 1 | K29: =IF(C29+F29=2,3,IF(C29+F29=1,1,0)) -> 1 | L29: =IF(K29=3,3,IF(I29+K29=2,2,IF(K29=1,1,0))) -> 2 | M29: =B29+E29 -> 11 | N29: =C29+F29+I29 -> 2
A30: vs.
A31: =AE17 -> Jonathan Martinelli/Daryl Pace | B31: 2 | C31: =IF(B31>B29,1,0) -> 0 | E31: 7 | F31: =IF(E31>E29,1,0) -> 1 | H31: 4 | I31: =IF(H31>H29,1,0) -> 0 | J31: =IF(B31="",0,1) -> 1 | K31: =IF(C31+F31=2,3,IF(C31+F31=1,1,0)) -> 1 | L31: =IF(K31=3,3,IF(I31+K31=2,2,IF(K31=1,1,0))) -> 1 | M31: =B31+E31 -> 9 | N31: =C31+F31+I31 -> 1
A61: Men Division 2 - Group B
A63: Players | B63: Set Scores | H63: Tie | P63: Players | Q63: Set Scores | W63: Tie | AE63: Player | AF63: Matches Played | AG63: Points Overall | AH63: Games Won | AI63: Sets Won
B64: Score | C64: Set 1 Work | E64: Score | F64: Set 2 Work | H64: Score | I64: Tie Work | J64: Game Played | K64: Sets Points Work | L64: Sets & Tie Points Work | M64: Games Wins Work | N64: Sets Wins Work | Q64: Score | R64: Set 1 Work | T64: Score | U64: Set 2 Work | W64: Score | X64: Tie Work | Y64: Game Played | Z64: Sets Points Work | AA64: Sets & Tie Points Work | AB64: Games Wins Work | AC64: Sets Wins Work | AJ64: Winner Working | AK64: Total Games Work | AL64: Winner
A65: =AE65 -> Manuel Mifsud/Julian Esposito | B65: 4 | C65: =IF(B65>B67,1,0) -> 0 | E65: 3 | F65: =IF(E65>E67,1,0) -> 0 | I65: =IF(H65>H67,1,0) -> 0 | J65: =IF(B65="",0,1) -> 1 | K65: =IF(C65+F65=2,3,IF(C65+F65=1,1,0)) -> 0 | L65: =IF(K65=3,3,IF(I65+K65=2,2,IF(K65=1,1,0))) -> 0 | M65: =B65+E65 -> 7 | N65: =C65+F65+I65 -> 0 | P65: =AE65 -> Manuel Mifsud/Julian Esposito | Q65: 3 | R65: =IF(Q65>Q67,1,0) -> 0 | T65: 1 | U65: =IF(T65>T67,1,0) -> 0 | X65: =IF(W65>W67,1,0) -> 0 | Y65: =IF(Q65="",0,1) -> 1 | Z65: =IF(R65+U65=2,3,IF(R65+U65=1,1,0)) -> 0 | AA65: =IF(Z65=3,3,IF(X65+Z65=2,2,IF(Z65=1,1,0))) -> 0 | AB65: =Q65+T65 -> 4 | AC65: =R65+U65+X65 -> 0 | AE65: ='Players Men'!F13 -> Manuel Mifsud/Julian Esposito | AF65: =J65+Y65+J69+Y69 -> 4 | AG65: =L65+AA65+L69+AA69 -> 0 | AH65: =M65+AB65+M69+AB69 -> 27 | AI65: =N65+AC65+N69+AC69 -> 0 | AJ65: =MAX(AG65:AG74) -> 10 | AK65: =SUM(AF65:AF74) -> 20 | AL65: =IF(AG65=$AJ$65,AE65,IF(AG67=$AJ$65,AE67,IF(AG69=$AJ$65,AE69,IF(AG71=$AJ$65,AE71,IF(AG73=$AJ$65,AE73,IF(#REF!=$AJ$65,#REF!,"")))))) -> Ivan Cassar/Kurt Cassar
A66: vs. | P66: vs.
A67: =AE67 -> Ivan Cassar/Kurt Cassar | B67: 6 | C67: =IF(B67>B65,1,0) -> 1 | E67: 6 | F67: =IF(E67>E65,1,0) -> 1 | I67: =IF(H67>H65,1,0) -> 0 | J67: =IF(B67="",0,1) -> 1 | K67: =IF(C67+F67=2,3,IF(C67+F67=1,1,0)) -> 3 | L67: =IF(K67=3,3,IF(I67+K67=2,2,IF(K67=1,1,0))) -> 3 | M67: =B67+E67 -> 12 | N67: =C67+F67+I67 -> 2 | P67: =AE69 -> Mavric Sawyer/Keith Tanti | Q67: 6 | R67: =IF(Q67>Q65,1,0) -> 1 | T67: 6 | U67: =IF(T67>T65,1,0) -> 1 | X67: =IF(W67>W65,1,0) -> 0 | Y67: =IF(Q67="",0,1) -> 1 | Z67: =IF(R67+U67=2,3,IF(R67+U67=1,1,0)) -> 3 | AA67: =IF(Z67=3,3,IF(X67+Z67=2,2,IF(Z67=1,1,0))) -> 3 | AB67: =Q67+T67 -> 12 | AC67: =R67+U67+X67 -> 2 | AE67: ='Players Men'!F14 -> Ivan Cassar/Kurt Cassar | AF67: =J67+J81+Y77+J77 -> 4 | AG67: =L67+L81+AA77+L77 -> 10 | AH67: =M67+M81+AB77+M77 -> 43 | AI67: =N67+N81+AC77+N77 -> 7
A69: =AE65 -> Manuel Mifsud/Julian Esposito | B69: 4 | C69: =IF(B69>B71,1,0) -> 0 | E69: 4 | F69: =IF(E69>E71,1,0) -> 0 | I69: =IF(H69>H71,1,0) -> 0 | J69: =IF(B69="",0,1) -> 1 | K69: =IF(C69+F69=2,3,IF(C69+F69=1,1,0)) -> 0 | L69: =IF(K69=3,3,IF(I69+K69=2,2,IF(K69=1,1,0))) -> 0 | M69: =B69+E69 -> 8 | N69: =C69+F69+I69 -> 0 | P69: =AE65 -> Manuel Mifsud/Julian Esposito | Q69: 3 | R69: =IF(Q69>Q71,1,0) -> 0 | T69: 5 | U69: =IF(T69>T71,1,0) -> 0 | X69: =IF(W69>W71,1,0) -> 0 | Y69: =IF(Q69="",0,1) -> 1 | Z69: =IF(R69+U69=2,3,IF(R69+U69=1,1,0)) -> 0 | AA69: =IF(Z69=3,3,IF(X69+Z69=2,2,IF(Z69=1,1,0))) -> 0 | AB69: =Q69+T69 -> 8 | AC69: =R69+U69+X69 -> 0 | AE69: ='Players Men'!F15 -> Mavric Sawyer/Keith Tanti | AF69: =Y73+Y67+J73+J79 -> 4 | AG69: =AA73+AA67+L73+L79 -> 10 | AH69: =AB73+AB67+M73+M79 -> 42 | AI69: =AC73+AC67+N73+N79 -> 8
A70: vs. | P70: vs.
A71: =AE71 -> Neville Sciriha/Roberto Murdocco | B71: 6 | C71: =IF(B71>B69,1,0) -> 1 | E71: 6 | F71: =IF(E71>E69,1,0) -> 1 | I71: =IF(H71>H69,1,0) -> 0 | J71: =IF(B71="",0,1) -> 1 | K71: =IF(C71+F71=2,3,IF(C71+F71=1,1,0)) -> 3 | L71: =IF(K71=3,3,IF(I71+K71=2,2,IF(K71=1,1,0))) -> 3 | M71: =B71+E71 -> 12 | N71: =C71+F71+I71 -> 2 | P71: =AE73 -> Etienne Formosa Carabez/Javier Viloria | Q71: 6 | R71: =IF(Q71>Q69,1,0) -> 1 | T71: 7 | U71: =IF(T71>T69,1,0) -> 1 | X71: =IF(W71>W69,1,0) -> 0 | Y71: =IF(Q71="",0,1) -> 1 | Z71: =IF(R71+U71=2,3,IF(R71+U71=1,1,0)) -> 3 | AA71: =IF(Z71=3,3,IF(X71+Z71=2,2,IF(Z71=1,1,0))) -> 3 | AB71: =Q71+T71 -> 13 | AC71: =R71+U71+X71 -> 2 | AE71: ='Players Men'!F16 -> Neville Sciriha/Roberto Murdocco | AF71: =Y75+J85+J71+Y79 -> 4 | AG71: =AA75+L85+L71+AA79 -> 4 | AH71: =AB75+M85+M71+AB79 -> 33 | AI71: =AC75+N85+N71+AC79 -> 3
A73: =AE69 -> Mavric Sawyer/Keith Tanti | B73: 6 | C73: =IF(B73>B75,1,0) -> 1 | E73: 6 | F73: =IF(E73>E75,1,0) -> 1 | I73: =IF(H73>H75,1,0) -> 0 | J73: =IF(B73="",0,1) -> 1 | K73: =IF(C73+F73=2,3,IF(C73+F73=1,1,0)) -> 3 | L73: =IF(K73=3,3,IF(I73+K73=2,2,IF(K73=1,1,0))) -> 3 | M73: =B73+E73 -> 12 | N73: =C73+F73+I73 -> 2 | P73: =AE69 -> Mavric Sawyer/Keith Tanti | Q73: 4 | R73: =IF(Q73>Q75,1,0) -> 0 | T73: 6 | U73: =IF(T73>T75,1,0) -> 1 | W73: 11 | X73: =IF(W73>W75,1,0) -> 1 | Y73: =IF(Q73="",0,1) -> 1 | Z73: =IF(R73+U73=2,3,IF(R73+U73=1,1,0)) -> 1 | AA73: =IF(Z73=3,3,IF(X73+Z73=2,2,IF(Z73=1,1,0))) -> 2 | AB73: =Q73+T73 -> 10 | AC73: =R73+U73+X73 -> 2 | AE73: ='Players Men'!F17 -> Etienne Formosa Carabez/Javier Viloria | AF73: =J87+J83+Y71+J75 -> 4 | AG73: =L87+L83+AA71+L75 -> 6 | AH73: =M87+M83+AB71+M75 -> 34 | AI73: =N87+N83+AC71+N75 -> 4
A74: vs. | P74: vs.
A75: =AE73 -> Etienne Formosa Carabez/Javier Viloria | B75: 1 | C75: =IF(B75>B73,1,0) -> 0 | E75: 3 | F75: =IF(E75>E73,1,0) -> 0 | I75: =IF(H75>H73,1,0) -> 0 | J75: =IF(B75="",0,1) -> 1 | K75: =IF(C75+F75=2,3,IF(C75+F75=1,1,0)) -> 0 | L75: =IF(K75=3,3,IF(I75+K75=2,2,IF(K75=1,1,0))) -> 0 | M75: =B75+E75 -> 4 | N75: =C75+F75+I75 -> 0 | P75: =AE71 -> Neville Sciriha/Roberto Murdocco | Q75: 6 | R75: =IF(Q75>Q73,1,0) -> 1 | T75: 4 | U75: =IF(T75>T73,1,0) -> 0 | W75: 9 | X75: =IF(W75>W73,1,0) -> 0 | Y75: =IF(Q75="",0,1) -> 1 | Z75: =IF(R75+U75=2,3,IF(R75+U75=1,1,0)) -> 1 | AA75: =IF(Z75=3,3,IF(X75+Z75=2,2,IF(Z75=1,1,0))) -> 1 | AB75: =Q75+T75 -> 10 | AC75: =R75+U75+X75 -> 1 | AE75: Group B Winner
AE76: Mavric Sawyer/Keith Tanti
A77: =AE67 -> Ivan Cassar/Kurt Cassar | B77: 1 | C77: =IF(B77>B79,1,0) -> 0 | E77: 6 | F77: =IF(E77>E79,1,0) -> 1 | H77: 9 | I77: =IF(H77>H79,1,0) -> 0 | J77: =IF(B77="",0,1) -> 1 | K77: =IF(C77+F77=2,3,IF(C77+F77=1,1,0)) -> 1 | L77: =IF(K77=3,3,IF(I77+K77=2,2,IF(K77=1,1,0))) -> 1 | M77: =B77+E77 -> 7 | N77: =C77+F77+I77 -> 1 | P77: =AE67 -> Ivan Cassar/Kurt Cassar | Q77: 6 | R77: =IF(Q77>Q79,1,0) -> 1 | T77: 6 | U77: =IF(T77>T79,1,0) -> 1 | X77: =IF(W77>W79,1,0) -> 0 | Y77: =IF(Q77="",0,1) -> 1 | Z77: =IF(R77+U77=2,3,IF(R77+U77=1,1,0)) -> 3 | AA77: =IF(Z77=3,3,IF(X77+Z77=2,2,IF(Z77=1,1,0))) -> 3 | AB77: =Q77+T77 -> 12 | AC77: =R77+U77+X77 -> 2
A78: vs. | P78: vs.
A79: =AE69 -> Mavric Sawyer/Keith Tanti | B79: 6 | C79: =IF(B79>B77,1,0) -> 1 | E79: 2 | F79: =IF(E79>E77,1,0) -> 0 | H79: 11 | I79: =IF(H79>H77,1,0) -> 1 | J79: =IF(B79="",0,1) -> 1 | K79: =IF(C79+F79=2,3,IF(C79+F79=1,1,0)) -> 1 | L79: =IF(K79=3,3,IF(I79+K79=2,2,IF(K79=1,1,0))) -> 2 | M79: =B79+E79 -> 8 | N79: =C79+F79+I79 -> 2 | P79: =AE71 -> Neville Sciriha/Roberto Murdocco | Q79: 3 | R79: =IF(Q79>Q77,1,0) -> 0 | T79: 3 | U79: =IF(T79>T77,1,0) -> 0 | X79: =IF(W79>W77,1,0) -> 0 | Y79: =IF(Q79="",0,1) -> 1 | Z79: =IF(R79+U79=2,3,IF(R79+U79=1,1,0)) -> 0 | AA79: =IF(Z79=3,3,IF(X79+Z79=2,2,IF(Z79=1,1,0))) -> 0 | AB79: =Q79+T79 -> 6 | AC79: =R79+U79+X79 -> 0
A81: =AE67 -> Ivan Cassar/Kurt Cassar | B81: 6 | C81: =IF(B81>B83,1,0) -> 1 | E81: 6 | F81: =IF(E81>E83,1,0) -> 1 | I81: =IF(H81>H83,1,0) -> 0 | J81: =IF(B81="",0,1) -> 1 | K81: =IF(C81+F81=2,3,IF(C81+F81=1,1,0)) -> 3 | L81: =IF(K81=3,3,IF(I81+K81=2,2,IF(K81=1,1,0))) -> 3 | M81: =B81+E81 -> 12 | N81: =C81+F81+I81 -> 2
A82: vs.
A83: =AE73 -> Etienne Formosa Carabez/Javier Viloria | B83: 3 | C83: =IF(B83>B81,1,0) -> 0 | E83: 2 | F83: =IF(E83>E81,1,0) -> 0 | I83: =IF(H83>H81,1,0) -> 0 | J83: =IF(B83="",0,1) -> 1 | K83: =IF(C83+F83=2,3,IF(C83+F83=1,1,0)) -> 0 | L83: =IF(K83=3,3,IF(I83+K83=2,2,IF(K83=1,1,0))) -> 0 | M83: =B83+E83 -> 5 | N83: =C83+F83+I83 -> 0
A85: =AE71 -> Neville Sciriha/Roberto Murdocco | B85: 3 | C85: =IF(B85>B87,1,0) -> 0 | E85: 2 | F85: =IF(E85>E87,1,0) -> 0 | I85: =IF(H85>H87,1,0) -> 0 | J85: =IF(B85="",0,1) -> 1 | K85: =IF(C85+F85=2,3,IF(C85+F85=1,1,0)) -> 0 | L85: =IF(K85=3,3,IF(I85+K85=2,2,IF(K85=1,1,0))) -> 0 | M85: =B85+E85 -> 5 | N85: =C85+F85+I85 -> 0
A86: vs.
A87: =AE73 -> Etienne Formosa Carabez/Javier Viloria | B87: 6 | C87: =IF(B87>B85,1,0) -> 1 | E87: 6 | F87: =IF(E87>E85,1,0) -> 1 | I87: =IF(H87>H85,1,0) -> 0 | J87: =IF(B87="",0,1) -> 1 | K87: =IF(C87+F87=2,3,IF(C87+F87=1,1,0)) -> 3 | L87: =IF(K87=3,3,IF(I87+K87=2,2,IF(K87=1,1,0))) -> 3 | M87: =B87+E87 -> 12 | N87: =C87+F87+I87 -> 2
P92: Final
P94: Players | Q94: Set Scores | W94: Tie
Q95: Score | R95: Set 1 Work | T95: Score | U95: Set 2 Work | W95: Score | X95: Tie Work | Y95: Game Played | Z95: Sets Points Work | AA95: Sets & Tie Points Work | AB95: Games Wins Work | AC95: Sets Wins Work
P96: Chi Chi Canonce/Kristen Cachia | Q96: 6 | R96: =IF(Q96>Q98,1,0) -> 1 | T96: 7 | U96: =IF(T96>T98,1,0) -> 1 | X96: =IF(W96>W98,1,0) -> 0 | Y96: =IF(Q96="",0,1) -> 1 | Z96: =IF(R96+U96=2,3,IF(R96+U96=1,1,0)) -> 3 | AA96: =IF(Z96=3,3,IF(X96+Z96=2,2,IF(Z96=1,1,0))) -> 3 | AB96: =Q96+T96 -> 13 | AC96: =R96+U96+X96 -> 2
P97: vs.
P98: Mavric Sawyer/Keith Tanti | Q98: 3 | R98: =IF(Q98>Q96,1,0) -> 0 | T98: 6 | U98: =IF(T98>T96,1,0) -> 0 | X98: =IF(W98>W96,1,0) -> 0 | Y98: =IF(Q98="",0,1) -> 1 | Z98: =IF(R98+U98=2,3,IF(R98+U98=1,1,0)) -> 0 | AA98: =IF(Z98=3,3,IF(X98+Z98=2,2,IF(Z98=1,1,0))) -> 0 | AB98: =Q98+T98 -> 9 | AC98: =R98+U98+X98 -> 0
P100: Divison Winner
P101: =IF(AA96>AA98,P96,P98) -> Chi Chi Canonce/Kristen Cachia
P104: Divison Runner Up
P105: =IF(AA96<AA98,P96,P98) -> Mavric Sawyer/Keith Tanti

Sheet Men Div 3
A1: VITTORIOSA LAWN TENNIS CLUB Sports Experience Chosen Doubles 2024
A5: Men Division 3
A7: Players | B7: Set Scores | H7: Tie | P7: Players | Q7: Set Scores | W7: Tie | AE7: Player | AF7: Matches Played | AG7: Points Overall | AH7: Games Won | AI7: Sets Won
B8: Score | C8: Set 1 Work | E8: Score | F8: Set 2 Work | H8: Score | I8: Tie Work | J8: Game Played | K8: Sets Points Work | L8: Sets & Tie Points Work | M8: Games Wins Work | N8: Sets Wins Work | Q8: Score | R8: Set 1 Work | T8: Score | U8: Set 2 Work | W8: Score | X8: Tie Work | Y8: Game Played | Z8: Sets Points Work | AA8: Sets & Tie Points Work | AB8: Games Wins Work | AC8: Sets Wins Work | AJ8: Winner Working | AK8: Runner Up Working | AL8: Total Games Work | AM8: Winner | AN8: Runner Up
A9: =AE9 -> Denis Caruana/Duncan Zammit | B9: 6 | C9: =IF(B9>B11,1,0) -> 1 | E9: 6 | F9: =IF(E9>E11,1,0) -> 1 | I9: =IF(H9>H11,1,0) -> 0 | J9: =IF(B9="",0,1) -> 1 | K9: =IF(C9+F9=2,3,IF(C9+F9=1,1,0)) -> 3 | L9: =IF(K9=3,3,IF(I9+K9=2,2,IF(K9=1,1,0))) -> 3 | M9: =B9+E9 -> 12 | N9: =C9+F9+I9 -> 2 | P9: =AE9 -> Denis Caruana/Duncan Zammit | Q9: 6 | R9: =IF(Q9>Q11,1,0) -> 1 | T9: 6 | U9: =IF(T9>T11,1,0) -> 1 | X9: =IF(W9>W11,1,0) -> 0 | Y9: =IF(Q9="",0,1) -> 1 | Z9: =IF(R9+U9=2,3,IF(R9+U9=1,1,0)) -> 3 | AA9: =IF(Z9=3,3,IF(X9+Z9=2,2,IF(Z9=1,1,0))) -> 3 | AB9: =Q9+T9 -> 12 | AC9: =R9+U9+X9 -> 2 | AE9: ='Players Men'!B20 -> Denis Caruana/Duncan Zammit | AF9: =J9+Y9+J13+Y13+J17 -> 5 | AG9: =L9+AA9+L13+AA13+L17 -> 13 | AH9: =M9+AB9+M13+AB13+M17 -> 59 | AI9: =N9+AC9+N13+AC13+N17 -> 9 | AJ9: =MAX(AG9:AG19) -> 14 | AK9: =LARGE(AG9:AG19, 2) -> 13 | AL9: =SUM(AF9:AF19) -> 30 | AM9: =IF(AG9=$AJ$9,AE9,IF(AG11=$AJ$9,AE11,IF(AG13=$AJ$9,AE13,IF(AG15=$AJ$9,AE15,IF(AG17=$AJ$9,AE17,IF(AG19=$AJ$9,AE19,"")))))) -> Dunstan Vella/Cyril Lastimosa | AN9: =IF(AG9=$AK$9,AE9,IF(AG11=$AK$9,AE11,IF(AG13=$AK$9,AE13,IF(AG15=$AK$9,AE15,IF(AG17=$AK$9,AE17,IF(AG19=$AK$9,AE19,"")))))) -> Denis Caruana/Duncan Zammit
A10: vs. | P10: vs.
A11: =AE11 -> Aaron Micallef Piccone/Adrian Sciberras | B11: 2 | C11: =IF(B11>B9,1,0) -> 0 | E11: 1 | F11: =IF(E11>E9,1,0) -> 0 | I11: =IF(H11>H9,1,0) -> 0 | J11: =IF(B11="",0,1) -> 1 | K11: =IF(C11+F11=2,3,IF(C11+F11=1,1,0)) -> 0 | L11: =IF(K11=3,3,IF(I11+K11=2,2,IF(K11=1,1,0))) -> 0 | M11: =B11+E11 -> 3 | N11: =C11+F11+I11 -> 0 | P11: =AE13 -> Cory Greenland/Benjamin Valencia | Q11: 3 | R11: =IF(Q11>Q9,1,0) -> 0 | T11: 2 | U11: =IF(T11>T9,1,0) -> 0 | X11: =IF(W11>W9,1,0) -> 0 | Y11: =IF(Q11="",0,1) -> 1 | Z11: =IF(R11+U11=2,3,IF(R11+U11=1,1,0)) -> 0 | AA11: =IF(Z11=3,3,IF(X11+Z11=2,2,IF(Z11=1,1,0))) -> 0 | AB11: =Q11+T11 -> 5 | AC11: =R11+U11+X11 -> 0 | AE11: ='Players Men'!B21 -> Aaron Micallef Piccone/Adrian Sciberras | AF11: =J11+Y25+J25+Y21+J21 -> 5 | AG11: =L11+AA25+L25+AA21+L21 -> 3 | AH11: =M11+AB25+M25+AB21+M21 -> 38 | AI11: =N11+AC25+N25+AC21+N21 -> 2
A13: =AE9 -> Denis Caruana/Duncan Zammit | B13: 6 | C13: =IF(B13>B15,1,0) -> 1 | E13: 4 | F13: =IF(E13>E15,1,0) -> 0 | H13: 5 | I13: =IF(H13>H15,1,0) -> 0 | J13: =IF(B13="",0,1) -> 1 | K13: =IF(C13+F13=2,3,IF(C13+F13=1,1,0)) -> 1 | L13: =IF(K13=3,3,IF(I13+K13=2,2,IF(K13=1,1,0))) -> 1 | M13: =B13+E13 -> 10 | N13: =C13+F13+I13 -> 1 | P13: =AE9 -> Denis Caruana/Duncan Zammit | Q13: 6 | R13: =IF(Q13>Q15,1,0) -> 1 | T13: 6 | U13: =IF(T13>T15,1,0) -> 1 | X13: =IF(W13>W15,1,0) -> 0 | Y13: =IF(Q13="",0,1) -> 1 | Z13: =IF(R13+U13=2,3,IF(R13+U13=1,1,0)) -> 3 | AA13: =IF(Z13=3,3,IF(X13+Z13=2,2,IF(Z13=1,1,0))) -> 3 | AB13: =Q13+T13 -> 12 | AC13: =R13+U13+X13 -> 2 | AE13: ='Players Men'!B22 -> Cory Greenland/Benjamin Valencia | AF13: =Y29+Y11+Y33+J33+J23 -> 5 | AG13: =AA29+AA11+AA33+L33+L23 -> 2 | AH13: =AB29+AB11+AB33+M33+M23 -> 32 | AI13: =AC29+AC11+AC33+N33+N23 -> 2
A14: vs. | P14: vs.
A15: =AE15 -> Dunstan Vella/Cyril Lastimosa | B15: 3 | C15: =IF(B15>B13,1,0) -> 0 | E15: 6 | F15: =IF(E15>E13,1,0) -> 1 | H15: 10 | I15: =IF(H15>H13,1,0) -> 1 | J15: =IF(B15="",0,1) -> 1 | K15: =IF(C15+F15=2,3,IF(C15+F15=1,1,0)) -> 1 | L15: =IF(K15=3,3,IF(I15+K15=2,2,IF(K15=1,1,0))) -> 2 | M15: =B15+E15 -> 9 | N15: =C15+F15+I15 -> 2 | P15: =AE17 -> Maurice Borg/Kenneth Caruana | Q15: 4 | R15: =IF(Q15>Q13,1,0) -> 0 | T15: 4 | U15: =IF(T15>T13,1,0) -> 0 | X15: =IF(W15>W13,1,0) -> 0 | Y15: =IF(Q15="",0,1) -> 1 | Z15: =IF(R15+U15=2,3,IF(R15+U15=1,1,0)) -> 0 | AA15: =IF(Z15=3,3,IF(X15+Z15=2,2,IF(Z15=1,1,0))) -> 0 | AB15: =Q15+T15 -> 8 | AC15: =R15+U15+X15 -> 0 | AE15: ='Players Men'!B23 -> Dunstan Vella/Cyril Lastimosa | AF15: =Y31+J37+J15+Y23+J29 -> 5 | AG15: =AA31+L37+L15+AA23+L29 -> 14 | AH15: =AB31+M37+M15+AB23+M29 -> 58 | AI15: =AC31+N37+N15+AC23+N29 -> 10
A17: =AE9 -> Denis Caruana/Duncan Zammit | B17: 7 | C17: =IF(B17>B19,1,0) -> 1 | E17: 6 | F17: =IF(E17>E19,1,0) -> 1 | I17: =IF(H17>H19,1,0) -> 0 | J17: =IF(B17="",0,1) -> 1 | K17: =IF(C17+F17=2,3,IF(C17+F17=1,1,0)) -> 3 | L17: =IF(K17=3,3,IF(I17+K17=2,2,IF(K17=1,1,0))) -> 3 | M17: =B17+E17 -> 13 | N17: =C17+F17+I17 -> 2 | P17: =AE17 -> Maurice Borg/Kenneth Caruana | Q17: 6 | R17: =IF(Q17>Q19,1,0) -> 1 | T17: 3 | U17: =IF(T17>T19,1,0) -> 0 | W17: 10 | X17: =IF(W17>W19,1,0) -> 1 | Y17: =IF(Q17="",0,1) -> 1 | Z17: =IF(R17+U17=2,3,IF(R17+U17=1,1,0)) -> 1 | AA17: =IF(Z17=3,3,IF(X17+Z17=2,2,IF(Z17=1,1,0))) -> 2 | AB17: =Q17+T17 -> 9 | AC17: =R17+U17+X17 -> 2 | AE17: ='Players Men'!B24 -> Maurice Borg/Kenneth Caruana | AF17: =Y17+J39+J27+Y15+J35 -> 5 | AG17: =AA17+L39+L27+AA15+L35 -> 8 | AH17: =AB17+M39+M27+AB15+M35 -> 47 | AI17: =AC17+N39+N27+AC15+N35 -> 6
A18: vs. | P18: vs.
A19: =AE19 -> Kenneth Farrugia/Juan Sammut | B19: 6 | C19: =IF(B19>B17,1,0) -> 0 | E19: 1 | F19: =IF(E19>E17,1,0) -> 0 | I19: =IF(H19>H17,1,0) -> 0 | J19: =IF(B19="",0,1) -> 1 | K19: =IF(C19+F19=2,3,IF(C19+F19=1,1,0)) -> 0 | L19: =IF(K19=3,3,IF(I19+K19=2,2,IF(K19=1,1,0))) -> 0 | M19: =B19+E19 -> 7 | N19: =C19+F19+I19 -> 0 | P19: =AE19 -> Kenneth Farrugia/Juan Sammut | Q19: 3 | R19: =IF(Q19>Q17,1,0) -> 0 | T19: 6 | U19: =IF(T19>T17,1,0) -> 1 | W19: 7 | X19: =IF(W19>W17,1,0) -> 0 | Y19: =IF(Q19="",0,1) -> 1 | Z19: =IF(R19+U19=2,3,IF(R19+U19=1,1,0)) -> 1 | AA19: =IF(Z19=3,3,IF(X19+Z19=2,2,IF(Z19=1,1,0))) -> 1 | AB19: =Q19+T19 -> 9 | AC19: =R19+U19+X19 -> 1 | AE19: ='Players Men'!B25 -> Kenneth Farrugia/Juan Sammut | AF19: =Y19+Y27+Y35+J19+J31 -> 5 | AG19: =AA19+AA27+AA35+L19+L31 -> 5 | AH19: =AB19+AB27+AB35+M19+M31 -> 43 | AI19: =AC19+AC27+AC35+N19+N31 -> 4
A21: =AE11 -> Aaron Micallef Piccone/Adrian Sciberras | B21: 6 | C21: =IF(B21>B23,1,0) -> 1 | E21: 6 | F21: =IF(E21>E23,1,0) -> 1 | I21: =IF(H21>H23,1,0) -> 0 | J21: =IF(B21="",0,1) -> 1 | K21: =IF(C21+F21=2,3,IF(C21+F21=1,1,0)) -> 3 | L21: =IF(K21=3,3,IF(I21+K21=2,2,IF(K21=1,1,0))) -> 3 | M21: =B21+E21 -> 12 | N21: =C21+F21+I21 -> 2 | P21: =AE11 -> Aaron Micallef Piccone/Adrian Sciberras | Q21: 5 | R21: =IF(Q21>Q23,1,0) -> 0 | T21: 4 | U21: =IF(T21>T23,1,0) -> 0 | X21: =IF(W21>W23,1,0) -> 0 | Y21: =IF(Q21="",0,1) -> 1 | Z21: =IF(R21+U21=2,3,IF(R21+U21=1,1,0)) -> 0 | AA21: =IF(Z21=3,3,IF(X21+Z21=2,2,IF(Z21=1,1,0))) -> 0 | AB21: =Q21+T21 -> 9 | AC21: =R21+U21+X21 -> 0 | AE21: Division Winner
A22: vs. | P22: vs. | AE22: =IF(AL9=30,AM9,"") -> Dunstan Vella/Cyril Lastimosa
A23: =AE13 -> Cory Greenland/Benjamin Valencia | B23: 4 | C23: =IF(B23>B21,1,0) -> 0 | E23: 3 | F23: =IF(E23>E21,1,0) -> 0 | I23: =IF(H23>H21,1,0) -> 0 | J23: =IF(B23="",0,1) -> 1 | K23: =IF(C23+F23=2,3,IF(C23+F23=1,1,0)) -> 0 | L23: =IF(K23=3,3,IF(I23+K23=2,2,IF(K23=1,1,0))) -> 0 | M23: =B23+E23 -> 7 | N23: =C23+F23+I23 -> 0 | P23: =AE15 -> Dunstan Vella/Cyril Lastimosa | Q23: 7 | R23: =IF(Q23>Q21,1,0) -> 1 | T23: 6 | U23: =IF(T23>T21,1,0) -> 1 | X23: =IF(W23>W21,1,0) -> 0 | Y23: =IF(Q23="",0,1) -> 1 | Z23: =IF(R23+U23=2,3,IF(R23+U23=1,1,0)) -> 3 | AA23: =IF(Z23=3,3,IF(X23+Z23=2,2,IF(Z23=1,1,0))) -> 3 | AB23: =Q23+T23 -> 13 | AC23: =R23+U23+X23 -> 2
A25: =AE11 -> Aaron Micallef Piccone/Adrian Sciberras | B25: 5 | C25: =IF(B25>B27,1,0) -> 0 | E25: 4 | F25: =IF(E25>E27,1,0) -> 0 | I25: =IF(H25>H27,1,0) -> 0 | J25: =IF(B25="",0,1) -> 1 | K25: =IF(C25+F25=2,3,IF(C25+F25=1,1,0)) -> 0 | L25: =IF(K25=3,3,IF(I25+K25=2,2,IF(K25=1,1,0))) -> 0 | M25: =B25+E25 -> 9 | N25: =C25+F25+I25 -> 0 | P25: =AE11 -> Aaron Micallef Piccone/Adrian Sciberras | Q25: 2 | R25: =IF(Q25>Q27,1,0) -> 0 | T25: 3 | U25: =IF(T25>T27,1,0) -> 0 | X25: =IF(W25>W27,1,0) -> 0 | Y25: =IF(Q25="",0,1) -> 1 | Z25: =IF(R25+U25=2,3,IF(R25+U25=1,1,0)) -> 0 | AA25: =IF(Z25=3,3,IF(X25+Z25=2,2,IF(Z25=1,1,0))) -> 0 | AB25: =Q25+T25 -> 5 | AC25: =R25+U25+X25 -> 0 | AE25: Division Runner Up
A26: vs. | P26: vs. | AE26: =IF(AL9=30,AN9,"") -> Denis Caruana/Duncan Zammit
A27: =AE17 -> Maurice Borg/Kenneth Caruana | B27: 7 | C27: =IF(B27>B25,1,0) -> 1 | E27: 6 | F27: =IF(E27>E25,1,0) -> 1 | I27: =IF(H27>H25,1,0) -> 0 | J27: =IF(B27="",0,1) -> 1 | K27: =IF(C27+F27=2,3,IF(C27+F27=1,1,0)) -> 3 | L27: =IF(K27=3,3,IF(I27+K27=2,2,IF(K27=1,1,0))) -> 3 | M27: =B27+E27 -> 13 | N27: =C27+F27+I27 -> 2 | P27: =AE19 -> Kenneth Farrugia/Juan Sammut | Q27: 6 | R27: =IF(Q27>Q25,1,0) -> 1 | T27: 6 | U27: =IF(T27>T25,1,0) -> 1 | X27: =IF(W27>W25,1,0) -> 0 | Y27: =IF(Q27="",0,1) -> 1 | Z27: =IF(R27+U27=2,3,IF(R27+U27=1,1,0)) -> 3 | AA27: =IF(Z27=3,3,IF(X27+Z27=2,2,IF(Z27=1,1,0))) -> 3 | AB27: =Q27+T27 -> 12 | AC27: =R27+U27+X27 -> 2
A29: =AE15 -> Dunstan Vella/Cyril Lastimosa | B29: 6 | C29: =IF(B29>B31,1,0) -> 1 | E29: 6 | F29: =IF(E29>E31,1,0) -> 1 | I29: =IF(H29>H31,1,0) -> 0 | J29: =IF(B29="",0,1) -> 1 | K29: =IF(C29+F29=2,3,IF(C29+F29=1,1,0)) -> 3 | L29: =IF(K29=3,3,IF(I29+K29=2,2,IF(K29=1,1,0))) -> 3 | M29: =B29+E29 -> 12 | N29: =C29+F29+I29 -> 2 | P29: =AE13 -> Cory Greenland/Benjamin Valencia | Q29: 0 | R29: =IF(Q29>Q31,1,0) -> 0 | T29: 3 | U29: =IF(T29>T31,1,0) -> 0 | X29: =IF(W29>W31,1,0) -> 0 | Y29: =IF(Q29="",0,1) -> 1 | Z29: =IF(R29+U29=2,3,IF(R29+U29=1,1,0)) -> 0 | AA29: =IF(Z29=3,3,IF(X29+Z29=2,2,IF(Z29=1,1,0))) -> 0 | AB29: =Q29+T29 -> 3 | AC29: =R29+U29+X29 -> 0
A30: vs. | P30: vs.
A31: =AE19 -> Kenneth Farrugia/Juan Sammut | B31: 2 | C31: =IF(B31>B29,1,0) -> 0 | E31: 3 | F31: =IF(E31>E29,1,0) -> 0 | I31: =IF(H31>H29,1,0) -> 0 | J31: =IF(B31="",0,1) -> 1 | K31: =IF(C31+F31=2,3,IF(C31+F31=1,1,0)) -> 0 | L31: =IF(K31=3,3,IF(I31+K31=2,2,IF(K31=1,1,0))) -> 0 | M31: =B31+E31 -> 5 | N31: =C31+F31+I31 -> 0 | P31: =AE15 -> Dunstan Vella/Cyril Lastimosa | Q31: 6 | R31: =IF(Q31>Q29,1,0) -> 1 | T31: 6 | U31: =IF(T31>T29,1,0) -> 1 | X31: =IF(W31>W29,1,0) -> 0 | Y31: =IF(Q31="",0,1) -> 1 | Z31: =IF(R31+U31=2,3,IF(R31+U31=1,1,0)) -> 3 | AA31: =IF(Z31=3,3,IF(X31+Z31=2,2,IF(Z31=1,1,0))) -> 3 | AB31: =Q31+T31 -> 12 | AC31: =R31+U31+X31 -> 2
A33: =AE13 -> Cory Greenland/Benjamin Valencia | B33: 2 | C33: =IF(B33>B35,1,0) -> 0 | E33: 3 | F33: =IF(E33>E35,1,0) -> 0 | I33: =IF(H33>H35,1,0) -> 0 | J33: =IF(B33="",0,1) -> 1 | K33: =IF(C33+F33=2,3,IF(C33+F33=1,1,0)) -> 0 | L33: =IF(K33=3,3,IF(I33+K33=2,2,IF(K33=1,1,0))) -> 0 | M33: =B33+E33 -> 5 | N33: =C33+F33+I33 -> 0 | P33: =AE13 -> Cory Greenland/Benjamin Valencia | Q33: 6 | R33: =IF(Q33>Q35,1,0) -> 0 | T33: 6 | U33: =IF(T33>T35,1,0) -> 1 | W33: 10 | X33: =IF(W33>W35,1,0) -> 1 | Y33: =IF(Q33="",0,1) -> 1 | Z33: =IF(R33+U33=2,3,IF(R33+U33=1,1,0)) -> 1 | AA33: =IF(Z33=3,3,IF(X33+Z33=2,2,IF(Z33=1,1,0))) -> 2 | AB33: =Q33+T33 -> 12 | AC33: =R33+U33+X33 -> 2
A34: vs. | P34: vs.
A35: =AE17 -> Maurice Borg/Kenneth Caruana | B35: 6 | C35: =IF(B35>B33,1,0) -> 1 | E35: 6 | F35: =IF(E35>E33,1,0) -> 1 | I35: =IF(H35>H33,1,0) -> 0 | J35: =IF(B35="",0,1) -> 1 | K35: =IF(C35+F35=2,3,IF(C35+F35=1,1,0)) -> 3 | L35: =IF(K35=3,3,IF(I35+K35=2,2,IF(K35=1,1,0))) -> 3 | M35: =B35+E35 -> 12 | N35: =C35+F35+I35 -> 2 | P35: =AE19 -> Kenneth Farrugia/Juan Sammut | Q35: 7 | R35: =IF(Q35>Q33,1,0) -> 1 | T35: 3 | U35: =IF(T35>T33,1,0) -> 0 | W35: 7 | X35: =IF(W35>W33,1,0) -> 0 | Y35: =IF(Q35="",0,1) -> 1 | Z35: =IF(R35+U35=2,3,IF(R35+U35=1,1,0)) -> 1 | AA35: =IF(Z35=3,3,IF(X35+Z35=2,2,IF(Z35=1,1,0))) -> 1 | AB35: =Q35+T35 -> 10 | AC35: =R35+U35+X35 -> 1
A37: =AE15 -> Dunstan Vella/Cyril Lastimosa | B37: 6 | C37: =IF(B37>B39,1,0) -> 1 | E37: 6 | F37: =IF(E37>E39,1,0) -> 1 | I37: =IF(H37>H39,1,0) -> 0 | J37: =IF(B37="",0,1) -> 1 | K37: =IF(C37+F37=2,3,IF(C37+F37=1,1,0)) -> 3 | L37: =IF(K37=3,3,IF(I37+K37=2,2,IF(K37=1,1,0))) -> 3 | M37: =B37+E37 -> 12 | N37: =C37+F37+I37 -> 2
A38: vs.
A39: =AE17 -> Maurice Borg/Kenneth Caruana | B39: 3 | C39: =IF(B39>B37,1,0) -> 0 | E39: 2 | F39: =IF(E39>E37,1,0) -> 0 | I39: =IF(H39>H37,1,0) -> 0 | J39: =IF(B39="",0,1) -> 1 | K39: =IF(C39+F39=2,3,IF(C39+F39=1,1,0)) -> 0 | L39: =IF(K39=3,3,IF(I39+K39=2,2,IF(K39=1,1,0))) -> 0 | M39: =B39+E39 -> 5 | N39: =C39+F39+I39 -> 0

Sheet Men Div 4
A1: VITTORIOSA LAWN TENNIS CLUB Sports Experience Chosen Doubles 2024
A5: Men Division 4
A7: Players | B7: Set Scores | H7: Tie | P7: Players | Q7: Set Scores | W7: Tie | AE7: Player | AF7: Matches Played | AG7: Points Overall | AH7: Games Won | AI7: Sets Won
B8: Score | C8: Set 1 Work | E8: Score | F8: Set 2 Work | H8: Score | I8: Tie Work | J8: Game Played | K8: Sets Points Work | L8: Sets & Tie Points Work | M8: Games Wins Work | N8: Sets Wins Work | Q8: Score | R8: Set 1 Work | T8: Score | U8: Set 2 Work | W8: Score | X8: Tie Work | Y8: Game Played | Z8: Sets Points Work | AA8: Sets & Tie Points Work | AB8: Games Wins Work | AC8: Sets Wins Work | AJ8: Winner Working | AK8: Runner Up Working | AL8: Total Games Work | AM8: Winner | AN8: Runner Up
A9: =AE9 -> Charles Micallef/Charles Grech | B9: 5 | C9: =IF(B9>B11,1,0) -> 0 | E9: 6 | F9: =IF(E9>E11,1,0) -> 1 | H9: 10 | I9: =IF(H9>H11,1,0) -> 1 | J9: =IF(B9="",0,1) -> 1 | K9: =IF(C9+F9=2,3,IF(C9+F9=1,1,0)) -> 1 | L9: =IF(K9=3,3,IF(I9+K9=2,2,IF(K9=1,1,0))) -> 2 | M9: =B9+E9 -> 11 | N9: =C9+F9+I9 -> 2 | P9: =AE9 -> Charles Micallef/Charles Grech | Q9: 6 | R9: =IF(Q9>Q11,1,0) -> 1 | T9: 6 | U9: =IF(T9>T11,1,0) -> 1 | X9: =IF(W9>W11,1,0) -> 0 | Y9: =IF(Q9="",0,1) -> 1 | Z9: =IF(R9+U9=2,3,IF(R9+U9=1,1,0)) -> 3 | AA9: =IF(Z9=3,3,IF(X9+Z9=2,2,IF(Z9=1,1,0))) -> 3 | AB9: =Q9+T9 -> 12 | AC9: =R9+U9+X9 -> 2 | AE9: ='Players Men'!B28 -> Charles Micallef/Charles Grech | AF9: =J9+Y9+J13+Y13+J17 -> 5 | AG9: =L9+AA9+L13+AA13+L17 -> 10 | AH9: =M9+AB9+M13+AB13+M17 -> 54 | AI9: =N9+AC9+N13+AC13+N17 -> 8 | AJ9: =MAX(AG9:AG19) -> 13 | AK9: =LARGE(AG9:AG19, 2) -> 12 | AL9: =SUM(AF9:AF19) -> 30 | AM9: =IF(AG9=$AJ$9,AE9,IF(AG11=$AJ$9,AE11,IF(AG13=$AJ$9,AE13,IF(AG15=$AJ$9,AE15,IF(AG17=$AJ$9,AE17,IF(AG19=$AJ$9,AE19,"")))))) -> Sean Cachia/Isaac Joseph Zammit | AN9: =IF(AG9=$AK$9,AE9,IF(AG11=$AK$9,AE11,IF(AG13=$AK$9,AE13,IF(AG15=$AK$9,AE15,IF(AG17=$AK$9,AE17,IF(AG19=$AK$9,AE19,"")))))) -> Robert Attard/Steve Gambin
A10: vs. | P10: vs.
A11: =AE11 -> Antoine Bugeja/Simone Ercolani | B11: 7 | C11: =IF(B11>B9,1,0) -> 1 | E11: 4 | F11: =IF(E11>E9,1,0) -> 0 | H11: 6 | I11: =IF(H11>H9,1,0) -> 0 | J11: =IF(B11="",0,1) -> 1 | K11: =IF(C11+F11=2,3,IF(C11+F11=1,1,0)) -> 1 | L11: =IF(K11=3,3,IF(I11+K11=2,2,IF(K11=1,1,0))) -> 1 | M11: =B11+E11 -> 11 | N11: =C11+F11+I11 -> 1 | P11: =AE13 -> Kevin Sciberras/Justin Scicluna | Q11: 3 | R11: =IF(Q11>Q9,1,0) -> 0 | T11: 0 | U11: =IF(T11>T9,1,0) -> 0 | X11: =IF(W11>W9,1,0) -> 0 | Y11: =IF(Q11="",0,1) -> 1 | Z11: =IF(R11+U11=2,3,IF(R11+U11=1,1,0)) -> 0 | AA11: =IF(Z11=3,3,IF(X11+Z11=2,2,IF(Z11=1,1,0))) -> 0 | AB11: =Q11+T11 -> 3 | AC11: =R11+U11+X11 -> 0 | AE11: ='Players Men'!B29 -> Antoine Bugeja/Simone Ercolani | AF11: =J11+Y25+J25+Y21+J21 -> 5 | AG11: =L11+AA25+L25+AA21+L21 -> 7 | AH11: =M11+AB25+M25+AB21+M21 -> 45 | AI11: =N11+AC25+N25+AC21+N21 -> 5
A13: =AE9 -> Charles Micallef/Charles Grech | B13: 4 | C13: =IF(B13>B15,1,0) -> 0 | E13: 6 | F13: =IF(E13>E15,1,0) -> 1 | H13: 6 | I13: =IF(H13>H15,1,0) -> 0 | J13: =IF(B13="",0,1) -> 1 | K13: =IF(C13+F13=2,3,IF(C13+F13=1,1,0)) -> 1 | L13: =IF(K13=3,3,IF(I13+K13=2,2,IF(K13=1,1,0))) -> 1 | M13: =B13+E13 -> 10 | N13: =C13+F13+I13 -> 1 | P13: =AE9 -> Charles Micallef/Charles Grech | Q13: 6 | R13: =IF(Q13>Q15,1,0) -> 1 | T13: 3 | U13: =IF(T13>T15,1,0) -> 0 | W13: 8 | X13: =IF(W13>W15,1,0) -> 0 | Y13: =IF(Q13="",0,1) -> 1 | Z13: =IF(R13+U13=2,3,IF(R13+U13=1,1,0)) -> 1 | AA13: =IF(Z13=3,3,IF(X13+Z13=2,2,IF(Z13=1,1,0))) -> 1 | AB13: =Q13+T13 -> 9 | AC13: =R13+U13+X13 -> 1 | AE13: ='Players Men'!B30 -> Kevin Sciberras/Justin Scicluna | AF13: =Y29+Y11+Y33+J33+J23 -> 5 | AG13: =AA29+AA11+AA33+L33+L23 -> 1 | AH13: =AB29+AB11+AB33+M33+M23 -> 22 | AI13: =AC29+AC11+AC33+N33+N23 -> 1
A14: vs. | P14: vs.
A15: =AE15 -> Sean Cachia/Isaac Joseph Zammit | B15: 6 | C15: =IF(B15>B13,1,0) -> 1 | E15: 1 | F15: =IF(E15>E13,1,0) -> 0 | H15: 10 | I15: =IF(H15>H13,1,0) -> 1 | J15: =IF(B15="",0,1) -> 1 | K15: =IF(C15+F15=2,3,IF(C15+F15=1,1,0)) -> 1 | L15: =IF(K15=3,3,IF(I15+K15=2,2,IF(K15=1,1,0))) -> 2 | M15: =B15+E15 -> 7 | N15: =C15+F15+I15 -> 2 | P15: =AE17 -> Robert Attard/Steve Gambin | Q15: 4 | R15: =IF(Q15>Q13,1,0) -> 0 | T15: 6 | U15: =IF(T15>T13,1,0) -> 1 | W15: 10 | X15: =IF(W15>W13,1,0) -> 1 | Y15: =IF(Q15="",0,1) -> 1 | Z15: =IF(R15+U15=2,3,IF(R15+U15=1,1,0)) -> 1 | AA15: =IF(Z15=3,3,IF(X15+Z15=2,2,IF(Z15=1,1,0))) -> 2 | AB15: =Q15+T15 -> 10 | AC15: =R15+U15+X15 -> 2 | AE15: ='Players Men'!B31 -> Sean Cachia/Isaac Joseph Zammit | AF15: =Y31+J37+J15+Y23+J29 -> 5 | AG15: =AA31+L37+L15+AA23+L29 -> 13 | AH15: =AB31+M37+M15+AB23+M29 -> 55 | AI15: =AC31+N37+N15+AC23+N29 -> 10
A17: =AE9 -> Charles Micallef/Charles Grech | B17: 6 | C17: =IF(B17>B19,1,0) -> 1 | E17: 6 | F17: =IF(E17>E19,1,0) -> 1 | I17: =IF(H17>H19,1,0) -> 0 | J17: =IF(B17="",0,1) -> 1 | K17: =IF(C17+F17=2,3,IF(C17+F17=1,1,0)) -> 3 | L17: =IF(K17=3,3,IF(I17+K17=2,2,IF(K17=1,1,0))) -> 3 | M17: =B17+E17 -> 12 | N17: =C17+F17+I17 -> 2 | P17: =AE17 -> Robert Attard/Steve Gambin | Q17: 6 | R17: =IF(Q17>Q19,1,0) -> 1 | T17: 6 | U17: =IF(T17>T19,1,0) -> 1 | X17: =IF(W17>W19,1,0) -> 0 | Y17: =IF(Q17="",0,1) -> 1 | Z17: =IF(R17+U17=2,3,IF(R17+U17=1,1,0)) -> 3 | AA17: =IF(Z17=3,3,IF(X17+Z17=2,2,IF(Z17=1,1,0))) -> 3 | AB17: =Q17+T17 -> 12 | AC17: =R17+U17+X17 -> 2 | AE17: ='Players Men'!B32 -> Robert Attard/Steve Gambin | AF17: =Y17+J39+J27+Y15+J35 -> 5 | AG17: =AA17+L39+L27+AA15+L35 -> 12 | AH17: =AB17+M39+M27+AB15+M35 -> 56 | AI17: =AC17+N39+N27+AC15+N35 -> 9
A18: vs. | P18: vs.
A19: =AE19 -> Isaac Baldacchino/JP Sciberras | B19: 2 | C19: =IF(B19>B17,1,0) -> 0 | E19: 2 | F19: =IF(E19>E17,1,0) -> 0 | I19: =IF(H19>H17,1,0) -> 0 | J19: =IF(B19="",0,1) -> 1 | K19: =IF(C19+F19=2,3,IF(C19+F19=1,1,0)) -> 0 | L19: =IF(K19=3,3,IF(I19+K19=2,2,IF(K19=1,1,0))) -> 0 | M19: =B19+E19 -> 4 | N19: =C19+F19+I19 -> 0 | P19: =AE19 -> Isaac Baldacchino/JP Sciberras | Q19: 0 | R19: =IF(Q19>Q17,1,0) -> 0 | T19: 4 | U19: =IF(T19>T17,1,0) -> 0 | X19: =IF(W19>W17,1,0) -> 0 | Y19: =IF(Q19="",0,1) -> 1 | Z19: =IF(R19+U19=2,3,IF(R19+U19=1,1,0)) -> 0 | AA19: =IF(Z19=3,3,IF(X19+Z19=2,2,IF(Z19=1,1,0))) -> 0 | AB19: =Q19+T19 -> 4 | AC19: =R19+U19+X19 -> 0 | AE19: ='Players Men'!B33 -> Isaac Baldacchino/JP Sciberras | AF19: =Y19+Y27+Y35+J19+J31 -> 5 | AG19: =AA19+AA27+AA35+L19+L31 -> 2 | AH19: =AB19+AB27+AB35+M19+M31 -> 27 | AI19: =AC19+AC27+AC35+N19+N31 -> 2
A21: =AE11 -> Antoine Bugeja/Simone Ercolani | B21: 6 | C21: =IF(B21>B23,1,0) -> 1 | E21: 6 | F21: =IF(E21>E23,1,0) -> 1 | I21: =IF(H21>H23,1,0) -> 0 | J21: =IF(B21="",0,1) -> 1 | K21: =IF(C21+F21=2,3,IF(C21+F21=1,1,0)) -> 3 | L21: =IF(K21=3,3,IF(I21+K21=2,2,IF(K21=1,1,0))) -> 3 | M21: =B21+E21 -> 12 | N21: =C21+F21+I21 -> 2 | P21: =AE11 -> Antoine Bugeja/Simone Ercolani | Q21: 4 | R21: =IF(Q21>Q23,1,0) -> 0 | T21: 4 | U21: =IF(T21>T23,1,0) -> 0 | X21: =IF(W21>W23,1,0) -> 0 | Y21: =IF(Q21="",0,1) -> 1 | Z21: =IF(R21+U21=2,3,IF(R21+U21=1,1,0)) -> 0 | AA21: =IF(Z21=3,3,IF(X21+Z21=2,2,IF(Z21=1,1,0))) -> 0 | AB21: =Q21+T21 -> 8 | AC21: =R21+U21+X21 -> 0 | AE21: Division Winner
A22: vs. | P22: vs. | AE22: =IF(AL9=30,AM9,"") -> Sean Cachia/Isaac Joseph Zammit
A23: =AE13 -> Kevin Sciberras/Justin Scicluna | B23: 2 | C23: =IF(B23>B21,1,0) -> 0 | E23: 0 | F23: =IF(E23>E21,1,0) -> 0 | I23: =IF(H23>H21,1,0) -> 0 | J23: =IF(B23="",0,1) -> 1 | K23: =IF(C23+F23=2,3,IF(C23+F23=1,1,0)) -> 0 | L23: =IF(K23=3,3,IF(I23+K23=2,2,IF(K23=1,1,0))) -> 0 | M23: =B23+E23 -> 2 | N23: =C23+F23+I23 -> 0 | P23: =AE15 -> Sean Cachia/Isaac Joseph Zammit | Q23: 6 | R23: =IF(Q23>Q21,1,0) -> 1 | T23: 6 | U23: =IF(T23>T21,1,0) -> 1 | X23: =IF(W23>W21,1,0) -> 0 | Y23: =IF(Q23="",0,1) -> 1 | Z23: =IF(R23+U23=2,3,IF(R23+U23=1,1,0)) -> 3 | AA23: =IF(Z23=3,3,IF(X23+Z23=2,2,IF(Z23=1,1,0))) -> 3 | AB23: =Q23+T23 -> 12 | AC23: =R23+U23+X23 -> 2
A25: =AE11 -> Antoine Bugeja/Simone Ercolani | B25: 2 | C25: =IF(B25>B27,1,0) -> 0 | E25: 0 | F25: =IF(E25>E27,1,0) -> 0 | I25: =IF(H25>H27,1,0) -> 0 | J25: =IF(B25="",0,1) -> 1 | K25: =IF(C25+F25=2,3,IF(C25+F25=1,1,0)) -> 0 | L25: =IF(K25=3,3,IF(I25+K25=2,2,IF(K25=1,1,0))) -> 0 | M25: =B25+E25 -> 2 | N25: =C25+F25+I25 -> 0 | P25: =AE11 -> Antoine Bugeja/Simone Ercolani | Q25: 6 | R25: =IF(Q25>Q27,1,0) -> 1 | T25: 6 | U25: =IF(T25>T27,1,0) -> 1 | X25: =IF(W25>W27,1,0) -> 0 | Y25: =IF(Q25="",0,1) -> 1 | Z25: =IF(R25+U25=2,3,IF(R25+U25=1,1,0)) -> 3 | AA25: =IF(Z25=3,3,IF(X25+Z25=2,2,IF(Z25=1,1,0))) -> 3 | AB25: =Q25+T25 -> 12 | AC25: =R25+U25+X25 -> 2 | AE25: Division Runner Up
A26: vs. | P26: vs. | AE26: =IF(AL9=30,AN9,"") -> Robert Attard/Steve Gambin
A27: =AE17 -> Robert Attard/Steve Gambin | B27: 6 | C27: =IF(B27>B25,1,0) -> 1 | E27: 6 | F27: =IF(E27>E25,1,0) -> 1 | I27: =IF(H27>H25,1,0) -> 0 | J27: =IF(B27="",0,1) -> 1 | K27: =IF(C27+F27=2,3,IF(C27+F27=1,1,0)) -> 3 | L27: =IF(K27=3,3,IF(I27+K27=2,2,IF(K27=1,1,0))) -> 3 | M27: =B27+E27 -> 12 | N27: =C27+F27+I27 -> 2 | P27: =AE19 -> Isaac Baldacchino/JP Sciberras | Q27: 1 | R27: =IF(Q27>Q25,1,0) -> 0 | T27: 4 | U27: =IF(T27>T25,1,0) -> 0 | X27: =IF(W27>W25,1,0) -> 0 | Y27: =IF(Q27="",0,1) -> 1 | Z27: =IF(R27+U27=2,3,IF(R27+U27=1,1,0)) -> 0 | AA27: =IF(Z27=3,3,IF(X27+Z27=2,2,IF(Z27=1,1,0))) -> 0 | AB27: =Q27+T27 -> 5 | AC27: =R27+U27+X27 -> 0
A29: =AE15 -> Sean Cachia/Isaac Joseph Zammit | B29: 7 | C29: =IF(B29>B31,1,0) -> 1 | E29: 6 | F29: =IF(E29>E31,1,0) -> 1 | I29: =IF(H29>H31,1,0) -> 0 | J29: =IF(B29="",0,1) -> 1 | K29: =IF(C29+F29=2,3,IF(C29+F29=1,1,0)) -> 3 | L29: =IF(K29=3,3,IF(I29+K29=2,2,IF(K29=1,1,0))) -> 3 | M29: =B29+E29 -> 13 | N29: =C29+F29+I29 -> 2 | P29: =AE13 -> Kevin Sciberras/Justin Scicluna | Q29: 0 | R29: =IF(Q29>Q31,1,0) -> 0 | T29: 2 | U29: =IF(T29>T31,1,0) -> 0 | X29: =IF(W29>W31,1,0) -> 0 | Y29: =IF(Q29="",0,1) -> 1 | Z29: =IF(R29+U29=2,3,IF(R29+U29=1,1,0)) -> 0 | AA29: =IF(Z29=3,3,IF(X29+Z29=2,2,IF(Z29=1,1,0))) -> 0 | AB29: =Q29+T29 -> 2 | AC29: =R29+U29+X29 -> 0
A30: vs. | P30: vs.
A31: =AE19 -> Isaac Baldacchino/JP Sciberras | B31: 5 | C31: =IF(B31>B29,1,0) -> 0 | E31: 2 | F31: =IF(E31>E29,1,0) -> 0 | I31: =IF(H31>H29,1,0) -> 0 | J31: =IF(B31="",0,1) -> 1 | K31: =IF(C31+F31=2,3,IF(C31+F31=1,1,0)) -> 0 | L31: =IF(K31=3,3,IF(I31+K31=2,2,IF(K31=1,1,0))) -> 0 | M31: =B31+E31 -> 7 | N31: =C31+F31+I31 -> 0 | P31: =AE15 -> Sean Cachia/Isaac Joseph Zammit | Q31: 6 | R31: =IF(Q31>Q29,1,0) -> 1 | T31: 6 | U31: =IF(T31>T29,1,0) -> 1 | X31: =IF(W31>W29,1,0) -> 0 | Y31: =IF(Q31="",0,1) -> 1 | Z31: =IF(R31+U31=2,3,IF(R31+U31=1,1,0)) -> 3 | AA31: =IF(Z31=3,3,IF(X31+Z31=2,2,IF(Z31=1,1,0))) -> 3 | AB31: =Q31+T31 -> 12 | AC31: =R31+U31+X31 -> 2
A33: =AE13 -> Kevin Sciberras/Justin Scicluna | B33: 3 | C33: =IF(B33>B35,1,0) -> 0 | E33: 3 | F33: =IF(E33>E35,1,0) -> 0 | I33: =IF(H33>H35,1,0) -> 0 | J33: =IF(B33="",0,1) -> 1 | K33: =IF(C33+F33=2,3,IF(C33+F33=1,1,0)) -> 0 | L33: =IF(K33=3,3,IF(I33+K33=2,2,IF(K33=1,1,0))) -> 0 | M33: =B33+E33 -> 6 | N33: =C33+F33+I33 -> 0 | P33: =AE13 -> Kevin Sciberras/Justin Scicluna | Q33: 6 | R33: =IF(Q33>Q35,1,0) -> 1 | T33: 3 | U33: =IF(T33>T35,1,0) -> 0 | W33: 6 | X33: =IF(W33>W35,1,0) -> 0 | Y33: =IF(Q33="",0,1) -> 1 | Z33: =IF(R33+U33=2,3,IF(R33+U33=1,1,0)) -> 1 | AA33: =IF(Z33=3,3,IF(X33+Z33=2,2,IF(Z33=1,1,0))) -> 1 | AB33: =Q33+T33 -> 9 | AC33: =R33+U33+X33 -> 1
A34: vs. | P34: vs.
A35: =AE17 -> Robert Attard/Steve Gambin | B35: 6 | C35: =IF(B35>B33,1,0) -> 1 | E35: 6 | F35: =IF(E35>E33,1,0) -> 1 | I35: =IF(H35>H33,1,0) -> 0 | J35: =IF(B35="",0,1) -> 1 | K35: =IF(C35+F35=2,3,IF(C35+F35=1,1,0)) -> 3 | L35: =IF(K35=3,3,IF(I35+K35=2,2,IF(K35=1,1,0))) -> 3 | M35: =B35+E35 -> 12 | N35: =C35+F35+I35 -> 2 | P35: =AE19 -> Isaac Baldacchino/JP Sciberras | Q35: 1 | R35: =IF(Q35>Q33,1,0) -> 0 | T35: 6 | U35: =IF(T35>T33,1,0) -> 1 | W35: 10 | X35: =IF(W35>W33,1,0) -> 1 | Y35: =IF(Q35="",0,1) -> 1 | Z35: =IF(R35+U35=2,3,IF(R35+U35=1,1,0)) -> 1 | AA35: =IF(Z35=3,3,IF(X35+Z35=2,2,IF(Z35=1,1,0))) -> 2 | AB35: =Q35+T35 -> 7 | AC35: =R35+U35+X35 -> 2
A37: =AE15 -> Sean Cachia/Isaac Joseph Zammit | B37: 6 | C37: =IF(B37>B39,1,0) -> 1 | E37: 5 | F37: =IF(E37>E39,1,0) -> 0 | H37: 10 | I37: =IF(H37>H39,1,0) -> 1 | J37: =IF(B37="",0,1) -> 1 | K37: =IF(C37+F37=2,3,IF(C37+F37=1,1,0)) -> 1 | L37: =IF(K37=3,3,IF(I37+K37=2,2,IF(K37=1,1,0))) -> 2 | M37: =B37+E37 -> 11 | N37: =C37+F37+I37 -> 2
A38: vs.
A39: =AE17 -> Robert Attard/Steve Gambin | B39: 3 | C39: =IF(B39>B37,1,0) -> 0 | E39: 7 | F39: =IF(E39>E37,1,0) -> 1 | H39: 5 | I39: =IF(H39>H37,1,0) -> 0 | J39: =IF(B39="",0,1) -> 1 | K39: =IF(C39+F39=2,3,IF(C39+F39=1,1,0)) -> 1 | L39: =IF(K39=3,3,IF(I39+K39=2,2,IF(K39=1,1,0))) -> 1 | M39: =B39+E39 -> 10 | N39: =C39+F39+I39 -> 1

Sheet Players Ladies
A1: VITTORIOSA LAWN TENNIS CLUB LADIES CHOSEN DOUBLES 2024
B5: Ladies Division 1
A6: 1 | B6: Renette Magra/Diane Fenech
A7: 2 | B7: Alexia Spiteri Willets/Kirsty Mercieca
A8: 3 | B8: Natalya Abela/Yana Marie Cachia
A9: 4 | B9: Annabelle Abela/Alison Muscat
A10: 5 | B10: Christine Schembri/Luiza Andreozzi
A11: 5 | B11: Roberta Fenech/Christina Bonett
B13: Ladies Division 2 - Group A | F13: Ladies Division 2 - Group B
A14: 1 | B14: Diane Farrugia/Anna Napier | E14: 1 | F14: Nancy Wong/Rowena Caruana
A15: 2 | B15: Kristina Briffa/Sarah Axiaq | E15: 2 | F15: Angele Pule'/Jennifer Mifsud
A16: 3 | B16: Brenda Baldacchino/Deborah Farrugia | E16: 3 | F16: Hiedi Tabone/Anabel Borg
A17: 4 | B17: Mariska Steenkamer/Romina Gauci | E17: 4 | F17: Marcette Sciriha/Tanya Cassar
A18: 5 | B18: Francesca Sciortino/Julie Spiteri | E18: 5 | F18: Ann Marie Attard/Christine Seychell
B20: Ladies Division 3 - Group A | F20: Ladies Division 3 - Group B
A21: 1 | B21: Jodie Stivala/Elisa Sacco | E21: 1 | F21: Ceridwen Scerri/Jade Sammut
A22: 2 | B22: Marica Cassar/Daphne Vella | E22: 2 | F22: Giada Sciberras/Sophia Re
A23: 3 | B23: Maria Ellul/Maria Angela Gambin | E23: 3 | F23: Kaya Sammut/Leanne Sammut
A24: 4 | B24: Karolina Papiernak/Jennifer Roca | E24: 4 | F24: Mary Borg/Christine Scerri
A25: 5 | B25: Helga Azzopardi/Bernardette Fenech | E25: 5 | F25: Janice Galea/Nicole Lia

Sheet Lad Div 1
A1: VITTORIOSA LAWN TENNIS CLUB Sports Experience Chosen Doubles 2024
A5: Ladies Division 1
A7: Players | B7: Set Scores | H7: Tie | P7: Players | Q7: Set Scores | W7: Tie | AE7: Player | AF7: Matches Played | AG7: Points Overall | AH7: Games Won | AI7: Sets Won
B8: Score | C8: Set 1 Work | E8: Score | F8: Set 2 Work | H8: Score | I8: Tie Work | J8: Game Played | K8: Sets Points Work | L8: Sets & Tie Points Work | M8: Games Wins Work | N8: Sets Wins Work | Q8: Score | R8: Set 1 Work | T8: Score | U8: Set 2 Work | W8: Score | X8: Tie Work | Y8: Game Played | Z8: Sets Points Work | AA8: Sets & Tie Points Work | AB8: Games Wins Work | AC8: Sets Wins Work | AJ8: Winner Working | AK8: Runner Up Working | AL8: Total Games Work | AM8: Winner | AN8: Runner Up
A9: =AE9 -> Renette Magra/Diane Fenech | B9: 0 | C9: =IF(B9>B11,1,0) -> 0 | E9: 0 | F9: =IF(E9>E11,1,0) -> 0 | I9: =IF(H9>H11,1,0) -> 0 | J9: =IF(B9="",0,1) -> 1 | K9: =IF(C9+F9=2,3,IF(C9+F9=1,1,0)) -> 0 | L9: =IF(K9=3,3,IF(I9+K9=2,2,IF(K9=1,1,0))) -> 0 | M9: =B9+E9 -> 0 | N9: =C9+F9+I9 -> 0 | P9: =AE9 -> Renette Magra/Diane Fenech | Q9: 6 | R9: =IF(Q9>Q11,1,0) -> 1 | T9: 2 | U9: =IF(T9>T11,1,0) -> 0 | W9: 4 | X9: =IF(W9>W11,1,0) -> 0 | Y9: =IF(Q9="",0,1) -> 1 | Z9: =IF(R9+U9=2,3,IF(R9+U9=1,1,0)) -> 1 | AA9: =IF(Z9=3,3,IF(X9+Z9=2,2,IF(Z9=1,1,0))) -> 1 | AB9: =Q9+T9 -> 8 | AC9: =R9+U9+X9 -> 1 | AE9: ='Players Ladies'!B6 -> Renette Magra/Diane Fenech | AF9: =J9+Y9+J13+Y13+J17 -> 5 | AG9: =L9+AA9+L13+AA13+L17 -> 4 | AH9: =M9+AB9+M13+AB13+M17 -> 20 | AI9: =N9+AC9+N13+AC13+N17 -> 3 | AJ9: =MAX(AG9:AG19) -> 15 | AK9: =LARGE(AG9:AG19, 2) -> 9 | AL9: =SUM(AF9:AF19) -> 30 | AM9: =IF(AG9=$AJ$9,AE9,IF(AG11=$AJ$9,AE11,IF(AG13=$AJ$9,AE13,IF(AG15=$AJ$9,AE15,IF(AG17=$AJ$9,AE17,IF(AG19=$AJ$9,AE19,"")))))) -> Alexia Spiteri Willets/Kirsty Mercieca | AN9: =IF(AG9=$AK$9,AE9,IF(AG11=$AK$9,AE11,IF(AG13=$AK$9,AE13,IF(AG15=$AK$9,AE15,IF(AG17=$AK$9,AE17,IF(AG19=$AK$9,AE19,"")))))) -> Roberta Fenech/Christina Bonett
A10: vs. | O10: W/0 | P10: vs.
A11: =AE11 -> Alexia Spiteri Willets/Kirsty Mercieca | B11: 6 | C11: =IF(B11>B9,1,0) -> 1 | E11: 6 | F11: =IF(E11>E9,1,0) -> 1 | I11: =IF(H11>H9,1,0) -> 0 | J11: =IF(B11="",0,1) -> 1 | K11: =IF(C11+F11=2,3,IF(C11+F11=1,1,0)) -> 3 | L11: =IF(K11=3,3,IF(I11+K11=2,2,IF(K11=1,1,0))) -> 3 | M11: =B11+E11 -> 12 | N11: =C11+F11+I11 -> 2 | P11: =AE13 -> Natalya Abela/Yana Marie Cachia | Q11: 3 | R11: =IF(Q11>Q9,1,0) -> 0 | T11: 6 | U11: =IF(T11>T9,1,0) -> 1 | W11: 10 | X11: =IF(W11>W9,1,0) -> 1 | Y11: =IF(Q11="",0,1) -> 1 | Z11: =IF(R11+U11=2,3,IF(R11+U11=1,1,0)) -> 1 | AA11: =IF(Z11=3,3,IF(X11+Z11=2,2,IF(Z11=1,1,0))) -> 2 | AB11: =Q11+T11 -> 9 | AC11: =R11+U11+X11 -> 2 | AE11: ='Players Ladies'!B7 -> Alexia Spiteri Willets/Kirsty Mercieca | AF11: =J11+Y25+J25+Y21+J21 -> 5 | AG11: =L11+AA25+L25+AA21+L21 -> 15 | AH11: =M11+AB25+M25+AB21+M21 -> 61 | AI11: =N11+AC25+N25+AC21+N21 -> 10
A13: =AE9 -> Renette Magra/Diane Fenech | B13: 0 | C13: =IF(B13>B15,1,0) -> 0 | E13: 0 | F13: =IF(E13>E15,1,0) -> 0 | I13: =IF(H13>H15,1,0) -> 0 | J13: =IF(B13="",0,1) -> 1 | K13: =IF(C13+F13=2,3,IF(C13+F13=1,1,0)) -> 0 | L13: =IF(K13=3,3,IF(I13+K13=2,2,IF(K13=1,1,0))) -> 0 | M13: =B13+E13 -> 0 | N13: =C13+F13+I13 -> 0 | P13: =AE9 -> Renette Magra/Diane Fenech | Q13: 6 | R13: =IF(Q13>Q15,1,0) -> 1 | T13: 6 | U13: =IF(T13>T15,1,0) -> 1 | X13: =IF(W13>W15,1,0) -> 0 | Y13: =IF(Q13="",0,1) -> 1 | Z13: =IF(R13+U13=2,3,IF(R13+U13=1,1,0)) -> 3 | AA13: =IF(Z13=3,3,IF(X13+Z13=2,2,IF(Z13=1,1,0))) -> 3 | AB13: =Q13+T13 -> 12 | AC13: =R13+U13+X13 -> 2 | AE13: ='Players Ladies'!B8 -> Natalya Abela/Yana Marie Cachia | AF13: =Y29+Y11+Y33+J33+J23 -> 5 | AG13: =AA29+AA11+AA33+L33+L23 -> 7 | AH13: =AB29+AB11+AB33+M33+M23 -> 48 | AI13: =AC29+AC11+AC33+N33+N23 -> 6
A14: vs. | O14: W/0 | P14: vs.
A15: =AE15 -> Annabelle Abela/Alison Muscat | B15: 6 | C15: =IF(B15>B13,1,0) -> 1 | E15: 6 | F15: =IF(E15>E13,1,0) -> 1 | I15: =IF(H15>H13,1,0) -> 0 | J15: =IF(B15="",0,1) -> 1 | K15: =IF(C15+F15=2,3,IF(C15+F15=1,1,0)) -> 3 | L15: =IF(K15=3,3,IF(I15+K15=2,2,IF(K15=1,1,0))) -> 3 | M15: =B15+E15 -> 12 | N15: =C15+F15+I15 -> 2 | P15: =AE17 -> Christine Schembri/Luiza Andreozzi | Q15: 1 | R15: =IF(Q15>Q13,1,0) -> 0 | T15: 1 | U15: =IF(T15>T13,1,0) -> 0 | X15: =IF(W15>W13,1,0) -> 0 | Y15: =IF(Q15="",0,1) -> 1 | Z15: =IF(R15+U15=2,3,IF(R15+U15=1,1,0)) -> 0 | AA15: =IF(Z15=3,3,IF(X15+Z15=2,2,IF(Z15=1,1,0))) -> 0 | AB15: =Q15+T15 -> 2 | AC15: =R15+U15+X15 -> 0 | AE15: ='Players Ladies'!B9 -> Annabelle Abela/Alison Muscat | AF15: =Y31+J37+J15+Y23+J29 -> 5 | AG15: =AA31+L37+L15+AA23+L29 -> 3 | AH15: =AB31+M37+M15+AB23+M29 -> 30 | AI15: =AC31+N37+N15+AC23+N29 -> 2
A17: =AE9 -> Renette Magra/Diane Fenech | B17: 0 | C17: =IF(B17>B19,1,0) -> 0 | E17: 0 | F17: =IF(E17>E19,1,0) -> 0 | I17: =IF(H17>H19,1,0) -> 0 | J17: =IF(B17="",0,1) -> 1 | K17: =IF(C17+F17=2,3,IF(C17+F17=1,1,0)) -> 0 | L17: =IF(K17=3,3,IF(I17+K17=2,2,IF(K17=1,1,0))) -> 0 | M17: =B17+E17 -> 0 | N17: =C17+F17+I17 -> 0 | P17: =AE17 -> Christine Schembri/Luiza Andreozzi | Q17: 6 | R17: =IF(Q17>Q19,1,0) -> 1 | T17: 6 | U17: =IF(T17>T19,1,0) -> 1 | X17: =IF(W17>W19,1,0) -> 0 | Y17: =IF(Q17="",0,1) -> 1 | Z17: =IF(R17+U17=2,3,IF(R17+U17=1,1,0)) -> 3 | AA17: =IF(Z17=3,3,IF(X17+Z17=2,2,IF(Z17=1,1,0))) -> 3 | AB17: =Q17+T17 -> 12 | AC17: =R17+U17+X17 -> 2 | AE17: ='Players Ladies'!B10 -> Christine Schembri/Luiza Andreozzi | AF17: =Y17+J39+J27+Y15+J35 -> 5 | AG17: =AA17+L39+L27+AA15+L35 -> 7 | AH17: =AB17+M39+M27+AB15+M35 -> 42 | AI17: =AC17+N39+N27+AC15+N35 -> 5
A18: vs. | O18: W/0 | P18: vs.
A19: =AE19 -> Roberta Fenech/Christina Bonett | B19: 6 | C19: =IF(B19>B17,1,0) -> 1 | E19: 6 | F19: =IF(E19>E17,1,0) -> 1 | I19: =IF(H19>H17,1,0) -> 0 | J19: =IF(B19="",0,1) -> 1 | K19: =IF(C19+F19=2,3,IF(C19+F19=1,1,0)) -> 3 | L19: =IF(K19=3,3,IF(I19+K19=2,2,IF(K19=1,1,0))) -> 3 | M19: =B19+E19 -> 12 | N19: =C19+F19+I19 -> 2 | P19: =AE19 -> Roberta Fenech/Christina Bonett | Q19: 3 | R19: =IF(Q19>Q17,1,0) -> 0 | T19: 4 | U19: =IF(T19>T17,1,0) -> 0 | X19: =IF(W19>W17,1,0) -> 0 | Y19: =IF(Q19="",0,1) -> 1 | Z19: =IF(R19+U19=2,3,IF(R19+U19=1,1,0)) -> 0 | AA19: =IF(Z19=3,3,IF(X19+Z19=2,2,IF(Z19=1,1,0))) -> 0 | AB19: =Q19+T19 -> 7 | AC19: =R19+U19+X19 -> 0 | AE19: ='Players Ladies'!B11 -> Roberta Fenech/Christina Bonett | AF19: =Y19+Y27+Y35+J19+J31 -> 5 | AG19: =AA19+AA27+AA35+L19+L31 -> 9 | AH19: =AB19+AB27+AB35+M19+M31 -> 52 | AI19: =AC19+AC27+AC35+N19+N31 -> 6
A21: =AE11 -> Alexia Spiteri Willets/Kirsty Mercieca | B21: 7 | C21: =IF(B21>B23,1,0) -> 1 | E21: 6 | F21: =IF(E21>E23,1,0) -> 1 | I21: =IF(H21>H23,1,0) -> 0 | J21: =IF(B21="",0,1) -> 1 | K21: =IF(C21+F21=2,3,IF(C21+F21=1,1,0)) -> 3 | L21: =IF(K21=3,3,IF(I21+K21=2,2,IF(K21=1,1,0))) -> 3 | M21: =B21+E21 -> 13 | N21: =C21+F21+I21 -> 2 | P21: =AE11 -> Alexia Spiteri Willets/Kirsty Mercieca | Q21: 6 | R21: =IF(Q21>Q23,1,0) -> 1 | T21: 6 | U21: =IF(T21>T23,1,0) -> 1 | X21: =IF(W21>W23,1,0) -> 0 | Y21: =IF(Q21="",0,1) -> 1 | Z21: =IF(R21+U21=2,3,IF(R21+U21=1,1,0)) -> 3 | AA21: =IF(Z21=3,3,IF(X21+Z21=2,2,IF(Z21=1,1,0))) -> 3 | AB21: =Q21+T21 -> 12 | AC21: =R21+U21+X21 -> 2 | AE21: Division Winner
A22: vs. | P22: vs. | AE22: Alexia Spiteri Willets/Kirsty Mercieca
A23: =AE13 -> Natalya Abela/Yana Marie Cachia | B23: 6 | C23: =IF(B23>B21,1,0) -> 0 | E23: 2 | F23: =IF(E23>E21,1,0) -> 0 | I23: =IF(H23>H21,1,0) -> 0 | J23: =IF(B23="",0,1) -> 1 | K23: =IF(C23+F23=2,3,IF(C23+F23=1,1,0)) -> 0 | L23: =IF(K23=3,3,IF(I23+K23=2,2,IF(K23=1,1,0))) -> 0 | M23: =B23+E23 -> 8 | N23: =C23+F23+I23 -> 0 | P23: =AE15 -> Annabelle Abela/Alison Muscat | Q23: 2 | R23: =IF(Q23>Q21,1,0) -> 0 | T23: 1 | U23: =IF(T23>T21,1,0) -> 0 | X23: =IF(W23>W21,1,0) -> 0 | Y23: =IF(Q23="",0,1) -> 1 | Z23: =IF(R23+U23=2,3,IF(R23+U23=1,1,0)) -> 0 | AA23: =IF(Z23=3,3,IF(X23+Z23=2,2,IF(Z23=1,1,0))) -> 0 | AB23: =Q23+T23 -> 3 | AC23: =R23+U23+X23 -> 0
A25: =AE11 -> Alexia Spiteri Willets/Kirsty Mercieca | B25: 6 | C25: =IF(B25>B27,1,0) -> 1 | E25: 6 | F25: =IF(E25>E27,1,0) -> 1 | I25: =IF(H25>H27,1,0) -> 0 | J25: =IF(B25="",0,1) -> 1 | K25: =IF(C25+F25=2,3,IF(C25+F25=1,1,0)) -> 3 | L25: =IF(K25=3,3,IF(I25+K25=2,2,IF(K25=1,1,0))) -> 3 | M25: =B25+E25 -> 12 | N25: =C25+F25+I25 -> 2 | P25: =AE11 -> Alexia Spiteri Willets/Kirsty Mercieca | Q25: 6 | R25: =IF(Q25>Q27,1,0) -> 1 | T25: 6 | U25: =IF(T25>T27,1,0) -> 1 | X25: =IF(W25>W27,1,0) -> 0 | Y25: =IF(Q25="",0,1) -> 1 | Z25: =IF(R25+U25=2,3,IF(R25+U25=1,1,0)) -> 3 | AA25: =IF(Z25=3,3,IF(X25+Z25=2,2,IF(Z25=1,1,0))) -> 3 | AB25: =Q25+T25 -> 12 | AC25: =R25+U25+X25 -> 2 | AE25: Division Runner Up
A26: vs. | P26: vs. | AE26: Roberta Fenech/Christina Bonett
A27: =AE17 -> Christine Schembri/Luiza Andreozzi | B27: 3 | C27: =IF(B27>B25,1,0) -> 0 | E27: 2 | F27: =IF(E27>E25,1,0) -> 0 | I27: =IF(H27>H25,1,0) -> 0 | J27: =IF(B27="",0,1) -> 1 | K27: =IF(C27+F27=2,3,IF(C27+F27=1,1,0)) -> 0 | L27: =IF(K27=3,3,IF(I27+K27=2,2,IF(K27=1,1,0))) -> 0 | M27: =B27+E27 -> 5 | N27: =C27+F27+I27 -> 0 | P27: =AE19 -> Roberta Fenech/Christina Bonett | Q27: 4 | R27: =IF(Q27>Q25,1,0) -> 0 | T27: 4 | U27: =IF(T27>T25,1,0) -> 0 | X27: =IF(W27>W25,1,0) -> 0 | Y27: =IF(Q27="",0,1) -> 1 | Z27: =IF(R27+U27=2,3,IF(R27+U27=1,1,0)) -> 0 | AA27: =IF(Z27=3,3,IF(X27+Z27=2,2,IF(Z27=1,1,0))) -> 0 | AB27: =Q27+T27 -> 8 | AC27: =R27+U27+X27 -> 0
A29: =AE15 -> Annabelle Abela/Alison Muscat | B29: 4 | C29: =IF(B29>B31,1,0) -> 0 | E29: 3 | F29: =IF(E29>E31,1,0) -> 0 | I29: =IF(H29>H31,1,0) -> 0 | J29: =IF(B29="",0,1) -> 1 | K29: =IF(C29+F29=2,3,IF(C29+F29=1,1,0)) -> 0 | L29: =IF(K29=3,3,IF(I29+K29=2,2,IF(K29=1,1,0))) -> 0 | M29: =B29+E29 -> 7 | N29: =C29+F29+I29 -> 0 | P29: =AE13 -> Natalya Abela/Yana Marie Cachia | Q29: 7 | R29: =IF(Q29>Q31,1,0) -> 1 | T29: 6 | U29: =IF(T29>T31,1,0) -> 1 | X29: =IF(W29>W31,1,0) -> 0 | Y29: =IF(Q29="",0,1) -> 1 | Z29: =IF(R29+U29=2,3,IF(R29+U29=1,1,0)) -> 3 | AA29: =IF(Z29=3,3,IF(X29+Z29=2,2,IF(Z29=1,1,0))) -> 3 | AB29: =Q29+T29 -> 13 | AC29: =R29+U29+X29 -> 2
A30: vs. | P30: vs.
A31: =AE19 -> Roberta Fenech/Christina Bonett | B31: 6 | C31: =IF(B31>B29,1,0) -> 1 | E31: 6 | F31: =IF(E31>E29,1,0) -> 1 | I31: =IF(H31>H29,1,0) -> 0 | J31: =IF(B31="",0,1) -> 1 | K31: =IF(C31+F31=2,3,IF(C31+F31=1,1,0)) -> 3 | L31: =IF(K31=3,3,IF(I31+K31=2,2,IF(K31=1,1,0))) -> 3 | M31: =B31+E31 -> 12 | N31: =C31+F31+I31 -> 2 | P31: =AE15 -> Annabelle Abela/Alison Muscat | Q31: 6 | R31: =IF(Q31>Q29,1,0) -> 0 | T31: 0 | U31: =IF(T31>T29,1,0) -> 0 | X31: =IF(W31>W29,1,0) -> 0 | Y31: =IF(Q31="",0,1) -> 1 | Z31: =IF(R31+U31=2,3,IF(R31+U31=1,1,0)) -> 0 | AA31: =IF(Z31=3,3,IF(X31+Z31=2,2,IF(Z31=1,1,0))) -> 0 | AB31: =Q31+T31 -> 6 | AC31: =R31+U31+X31 -> 0
A33: =AE13 -> Natalya Abela/Yana Marie Cachia | B33: 7 | C33: =IF(B33>B35,1,0) -> 1 | E33: 3 | F33: =IF(E33>E35,1,0) -> 0 | H33: 10 | I33: =IF(H33>H35,1,0) -> 1 | J33: =IF(B33="",0,1) -> 1 | K33: =IF(C33+F33=2,3,IF(C33+F33=1,1,0)) -> 1 | L33: =IF(K33=3,3,IF(I33+K33=2,2,IF(K33=1,1,0))) -> 2 | M33: =B33+E33 -> 10 | N33: =C33+F33+I33 -> 2 | P33: =AE13 -> Natalya Abela/Yana Marie Cachia | Q33: 3 | R33: =IF(Q33>Q35,1,0) -> 0 | T33: 5 | U33: =IF(T33>T35,1,0) -> 0 | X33: =IF(W33>W35,1,0) -> 0 | Y33: =IF(Q33="",0,1) -> 1 | Z33: =IF(R33+U33=2,3,IF(R33+U33=1,1,0)) -> 0 | AA33: =IF(Z33=3,3,IF(X33+Z33=2,2,IF(Z33=1,1,0))) -> 0 | AB33: =Q33+T33 -> 8 | AC33: =R33+U33+X33 -> 0
A34: vs. | P34: vs.
A35: =AE17 -> Christine Schembri/Luiza Andreozzi | B35: 5 | C35: =IF(B35>B33,1,0) -> 0 | E35: 6 | F35: =IF(E35>E33,1,0) -> 1 | H35: 6 | I35: =IF(H35>H33,1,0) -> 0 | J35: =IF(B35="",0,1) -> 1 | K35: =IF(C35+F35=2,3,IF(C35+F35=1,1,0)) -> 1 | L35: =IF(K35=3,3,IF(I35+K35=2,2,IF(K35=1,1,0))) -> 1 | M35: =B35+E35 -> 11 | N35: =C35+F35+I35 -> 1 | P35: =AE19 -> Roberta Fenech/Christina Bonett | Q35: 6 | R35: =IF(Q35>Q33,1,0) -> 1 | T35: 7 | U35: =IF(T35>T33,1,0) -> 1 | X35: =IF(W35>W33,1,0) -> 0 | Y35: =IF(Q35="",0,1) -> 1 | Z35: =IF(R35+U35=2,3,IF(R35+U35=1,1,0)) -> 3 | AA35: =IF(Z35=3,3,IF(X35+Z35=2,2,IF(Z35=1,1,0))) -> 3 | AB35: =Q35+T35 -> 13 | AC35: =R35+U35+X35 -> 2
A37: =AE15 -> Annabelle Abela/Alison Muscat | B37: 1 | C37: =IF(B37>B39,1,0) -> 0 | E37: 1 | F37: =IF(E37>E39,1,0) -> 0 | I37: =IF(H37>H39,1,0) -> 0 | J37: =IF(B37="",0,1) -> 1 | K37: =IF(C37+F37=2,3,IF(C37+F37=1,1,0)) -> 0 | L37: =IF(K37=3,3,IF(I37+K37=2,2,IF(K37=1,1,0))) -> 0 | M37: =B37+E37 -> 2 | N37: =C37+F37+I37 -> 0
A38: vs.
A39: =AE17 -> Christine Schembri/Luiza Andreozzi | B39: 6 | C39: =IF(B39>B37,1,0) -> 1 | E39: 6 | F39: =IF(E39>E37,1,0) -> 1 | I39: =IF(H39>H37,1,0) -> 0 | J39: =IF(B39="",0,1) -> 1 | K39: =IF(C39+F39=2,3,IF(C39+F39=1,1,0)) -> 3 | L39: =IF(K39=3,3,IF(I39+K39=2,2,IF(K39=1,1,0))) -> 3 | M39: =B39+E39 -> 12 | N39: =C39+F39+I39 -> 2

Sheet Lad Div 2
A1: VITTORIOSA LAWN TENNIS CLUB Sports Experience Chosen Doubles 2024
A5: Ladies Division 2 - Group A
A7: Players | B7: Set Scores | H7: Tie | P7: Players | Q7: Set Scores | W7: Tie | AE7: Player | AF7: Matches Played | AG7: Points Overall | AH7: Games Won | AI7: Sets Won
B8: Score | C8: Set 1 Work | E8: Score | F8: Set 2 Work | H8: Score | I8: Tie Work | J8: Game Played | K8: Sets Points Work | L8: Sets & Tie Points Work | M8: Games Wins Work | N8: Sets Wins Work | Q8: Score | R8: Set 1 Work | T8: Score | U8: Set 2 Work | W8: Score | X8: Tie Work | Y8: Game Played | Z8: Sets Points Work | AA8: Sets & Tie Points Work | AB8: Games Wins Work | AC8: Sets Wins Work | AJ8: Winner Working | AK8: Total Games Work | AL8: Winner
A9: =AE9 -> Diane Farrugia/Anna Napier | B9: 3 | C9: =IF(B9>B11,1,0) -> 0 | E9: 3 | F9: =IF(E9>E11,1,0) -> 0 | I9: =IF(H9>H11,1,0) -> 0 | J9: =IF(B9="",0,1) -> 1 | K9: =IF(C9+F9=2,3,IF(C9+F9=1,1,0)) -> 0 | L9: =IF(K9=3,3,IF(I9+K9=2,2,IF(K9=1,1,0))) -> 0 | M9: =B9+E9 -> 6 | N9: =C9+F9+I9 -> 0 | P9: =AE9 -> Diane Farrugia/Anna Napier | Q9: 3 | R9: =IF(Q9>Q11,1,0) -> 0 | T9: 2 | U9: =IF(T9>T11,1,0) -> 0 | X9: =IF(W9>W11,1,0) -> 0 | Y9: =IF(Q9="",0,1) -> 1 | Z9: =IF(R9+U9=2,3,IF(R9+U9=1,1,0)) -> 0 | AA9: =IF(Z9=3,3,IF(X9+Z9=2,2,IF(Z9=1,1,0))) -> 0 | AB9: =Q9+T9 -> 5 | AC9: =R9+U9+X9 -> 0 | AE9: ='Players Ladies'!B14 -> Diane Farrugia/Anna Napier | AF9: =J9+Y9+Y13+J13 -> 4 | AG9: =L9+AA9+L13+AA13 -> 1 | AH9: =M9+AB9+M13+AB13 -> 25 | AI9: =N9+AC9+N13+AC13 -> 1 | AJ9: =MAX(AG9:AG19) -> 8 | AK9: =SUM(AF9:AF19) -> 20 | AL9: =IF(AG9=$AJ$9,AE9,IF(AG11=$AJ$9,AE11,IF(AG13=$AJ$9,AE13,IF(AG15=$AJ$9,AE15,IF(AG17=$AJ$9,AE17,IF(AG19=$AJ$9,AE19,"")))))) -> Kristina Briffa/Sarah Axiaq
A10: vs. | P10: vs.
A11: =AE11 -> Kristina Briffa/Sarah Axiaq | B11: 6 | C11: =IF(B11>B9,1,0) -> 1 | E11: 6 | F11: =IF(E11>E9,1,0) -> 1 | I11: =IF(H11>H9,1,0) -> 0 | J11: =IF(B11="",0,1) -> 1 | K11: =IF(C11+F11=2,3,IF(C11+F11=1,1,0)) -> 3 | L11: =IF(K11=3,3,IF(I11+K11=2,2,IF(K11=1,1,0))) -> 3 | M11: =B11+E11 -> 12 | N11: =C11+F11+I11 -> 2 | P11: =AE13 -> Brenda Baldacchino/Deborah Farrugia | Q11: 6 | R11: =IF(Q11>Q9,1,0) -> 1 | T11: 6 | U11: =IF(T11>T9,1,0) -> 1 | X11: =IF(W11>W9,1,0) -> 0 | Y11: =IF(Q11="",0,1) -> 1 | Z11: =IF(R11+U11=2,3,IF(R11+U11=1,1,0)) -> 3 | AA11: =IF(Z11=3,3,IF(X11+Z11=2,2,IF(Z11=1,1,0))) -> 3 | AB11: =Q11+T11 -> 12 | AC11: =R11+U11+X11 -> 2 | AE11: ='Players Ladies'!B15 -> Kristina Briffa/Sarah Axiaq | AF11: =J11+J25+Y21+J21 -> 4 | AG11: =L11+L25+AA21+L21 -> 8 | AH11: =M11+M25+AB21+M21 -> 38 | AI11: =N11+N25+AC21+N21 -> 6
A13: =AE9 -> Diane Farrugia/Anna Napier | B13: 1 | C13: =IF(B13>B15,1,0) -> 0 | E13: 7 | F13: =IF(E13>E15,1,0) -> 1 | H13: 6 | I13: =IF(H13>H15,1,0) -> 0 | J13: =IF(B13="",0,1) -> 1 | K13: =IF(C13+F13=2,3,IF(C13+F13=1,1,0)) -> 1 | L13: =IF(K13=3,3,IF(I13+K13=2,2,IF(K13=1,1,0))) -> 1 | M13: =B13+E13 -> 8 | N13: =C13+F13+I13 -> 1 | P13: =AE9 -> Diane Farrugia/Anna Napier | Q13: 5 | R13: =IF(Q13>Q15,1,0) -> 0 | T13: 1 | U13: =IF(T13>T15,1,0) -> 0 | X13: =IF(W13>W15,1,0) -> 0 | Y13: =IF(Q13="",0,1) -> 1 | Z13: =IF(R13+U13=2,3,IF(R13+U13=1,1,0)) -> 0 | AA13: =IF(Z13=3,3,IF(X13+Z13=2,2,IF(Z13=1,1,0))) -> 0 | AB13: =Q13+T13 -> 6 | AC13: =R13+U13+X13 -> 0 | AE13: ='Players Ladies'!B16 -> Brenda Baldacchino/Deborah Farrugia | AF13: =Y17+J23+J17+Y11 -> 4 | AG13: =L17+AA17+AA11+L23 -> 8 | AH13: =M17+AB11+M23+AB17 -> 42 | AI13: =N17+AC17+AC11+N23 -> 6
A14: vs. | P14: vs.
A15: =AE15 -> Mariska Steenkamer/Romina Gauci | B15: 6 | C15: =IF(B15>B13,1,0) -> 1 | E15: 5 | F15: =IF(E15>E13,1,0) -> 0 | H15: 10 | I15: =IF(H15>H13,1,0) -> 1 | J15: =IF(B15="",0,1) -> 1 | K15: =IF(C15+F15=2,3,IF(C15+F15=1,1,0)) -> 1 | L15: =IF(K15=3,3,IF(I15+K15=2,2,IF(K15=1,1,0))) -> 2 | M15: =B15+E15 -> 11 | N15: =C15+F15+I15 -> 2 | P15: =AE17 -> Francesca Sciortino/Julie Spiteri | Q15: 7 | R15: =IF(Q15>Q13,1,0) -> 1 | T15: 6 | U15: =IF(T15>T13,1,0) -> 1 | X15: =IF(W15>W13,1,0) -> 0 | Y15: =IF(Q15="",0,1) -> 1 | Z15: =IF(R15+U15=2,3,IF(R15+U15=1,1,0)) -> 3 | AA15: =IF(Z15=3,3,IF(X15+Z15=2,2,IF(Z15=1,1,0))) -> 3 | AB15: =Q15+T15 -> 13 | AC15: =R15+U15+X15 -> 2 | AE15: ='Players Ladies'!B17 -> Mariska Steenkamer/Romina Gauci | AF15: =Y19+J15+Y23+J29 -> 4 | AG15: =AA19+L15+AA23+L29 -> 6 | AH15: =AB19+M15+AB23+M29 -> 44 | AI15: =AC19+N15+AC23+N29 -> 5
A17: =AE13 -> Brenda Baldacchino/Deborah Farrugia | B17: 6 | C17: =IF(B17>B19,1,0) -> 1 | E17: 7 | F17: =IF(E17>E19,1,0) -> 1 | I17: =IF(H17>H19,1,0) -> 0 | J17: =IF(B17="",0,1) -> 1 | K17: =IF(C17+F17=2,3,IF(C17+F17=1,1,0)) -> 3 | L17: =IF(K17=3,3,IF(I17+K17=2,2,IF(K17=1,1,0))) -> 3 | M17: =B17+E17 -> 13 | N17: =C17+F17+I17 -> 2 | P17: =AE13 -> Brenda Baldacchino/Deborah Farrugia | Q17: 3 | R17: =IF(Q17>Q19,1,0) -> 0 | T17: 7 | U17: =IF(T17>T19,1,0) -> 1 | W17: 10 | X17: =IF(W17>W19,1,0) -> 1 | Y17: =IF(Q17="",0,1) -> 1 | Z17: =IF(R17+U17=2,3,IF(R17+U17=1,1,0)) -> 1 | AA17: =IF(Z17=3,3,IF(X17+Z17=2,2,IF(Z17=1,1,0))) -> 2 | AB17: =Q17+T17 -> 10 | AC17: =R17+U17+X17 -> 2 | AE17: ='Players Ladies'!B18 -> Francesca Sciortino/Julie Spiteri | AF17: =Y15+J27+J19+J31 -> 4 | AG17: =AA15+L27+L19+L31 -> 7 | AH17: =AB15+M27+M19+M31 -> 47 | AI17: =N31+N27+AC15+N19 -> 5
A18: vs. | P18: vs.
A19: =AE17 -> Francesca Sciortino/Julie Spiteri | B19: 4 | C19: =IF(B19>B17,1,0) -> 0 | E19: 5 | F19: =IF(E19>E17,1,0) -> 0 | I19: =IF(H19>H17,1,0) -> 0 | J19: =IF(B19="",0,1) -> 1 | K19: =IF(C19+F19=2,3,IF(C19+F19=1,1,0)) -> 0 | L19: =IF(K19=3,3,IF(I19+K19=2,2,IF(K19=1,1,0))) -> 0 | M19: =B19+E19 -> 9 | N19: =C19+F19+I19 -> 0 | P19: =AE15 -> Mariska Steenkamer/Romina Gauci | Q19: 6 | R19: =IF(Q19>Q17,1,0) -> 1 | T19: 6 | U19: =IF(T19>T17,1,0) -> 0 | W19: 8 | X19: =IF(W19>W17,1,0) -> 0 | Y19: =IF(Q19="",0,1) -> 1 | Z19: =IF(R19+U19=2,3,IF(R19+U19=1,1,0)) -> 1 | AA19: =IF(Z19=3,3,IF(X19+Z19=2,2,IF(Z19=1,1,0))) -> 1 | AB19: =Q19+T19 -> 12 | AC19: =R19+U19+X19 -> 1 | AE19: Group A Winner
AE20: Kristina Briffa/Sarah Axiaq
A21: =AE11 -> Kristina Briffa/Sarah Axiaq | B21: 6 | C21: =IF(B21>B23,1,0) -> 1 | E21: 6 | F21: =IF(E21>E23,1,0) -> 1 | I21: =IF(H21>H23,1,0) -> 0 | J21: =IF(B21="",0,1) -> 1 | K21: =IF(C21+F21=2,3,IF(C21+F21=1,1,0)) -> 3 | L21: =IF(K21=3,3,IF(I21+K21=2,2,IF(K21=1,1,0))) -> 3 | M21: =B21+E21 -> 12 | N21: =C21+F21+I21 -> 2 | P21: =AE11 -> Kristina Briffa/Sarah Axiaq | Q21: 2 | R21: =IF(Q21>Q23,1,0) -> 0 | T21: 2 | U21: =IF(T21>T23,1,0) -> 0 | X21: =IF(W21>W23,1,0) -> 0 | Y21: =IF(Q21="",0,1) -> 1 | Z21: =IF(R21+U21=2,3,IF(R21+U21=1,1,0)) -> 0 | AA21: =IF(Z21=3,3,IF(X21+Z21=2,2,IF(Z21=1,1,0))) -> 0 | AB21: =Q21+T21 -> 4 | AC21: =R21+U21+X21 -> 0
A22: vs. | P22: vs.
A23: =AE13 -> Brenda Baldacchino/Deborah Farrugia | B23: 3 | C23: =IF(B23>B21,1,0) -> 0 | E23: 4 | F23: =IF(E23>E21,1,0) -> 0 | I23: =IF(H23>H21,1,0) -> 0 | J23: =IF(B23="",0,1) -> 1 | K23: =IF(C23+F23=2,3,IF(C23+F23=1,1,0)) -> 0 | L23: =IF(K23=3,3,IF(I23+K23=2,2,IF(K23=1,1,0))) -> 0 | M23: =B23+E23 -> 7 | N23: =C23+F23+I23 -> 0 | P23: =AE15 -> Mariska Steenkamer/Romina Gauci | Q23: 6 | R23: =IF(Q23>Q21,1,0) -> 1 | T23: 6 | U23: =IF(T23>T21,1,0) -> 1 | X23: =IF(W23>W21,1,0) -> 0 | Y23: =IF(Q23="",0,1) -> 1 | Z23: =IF(R23+U23=2,3,IF(R23+U23=1,1,0)) -> 3 | AA23: =IF(Z23=3,3,IF(X23+Z23=2,2,IF(Z23=1,1,0))) -> 3 | AB23: =Q23+T23 -> 12 | AC23: =R23+U23+X23 -> 2
A25: =AE11 -> Kristina Briffa/Sarah Axiaq | B25: 3 | C25: =IF(B25>B27,1,0) -> 0 | E25: 7 | F25: =IF(E25>E27,1,0) -> 1 | H25: 10 | I25: =IF(H25>H27,1,0) -> 1 | J25: =IF(B25="",0,1) -> 1 | K25: =IF(C25+F25=2,3,IF(C25+F25=1,1,0)) -> 1 | L25: =IF(K25=3,3,IF(I25+K25=2,2,IF(K25=1,1,0))) -> 2 | M25: =B25+E25 -> 10 | N25: =C25+F25+I25 -> 2
A26: vs.
A27: =AE17 -> Francesca Sciortino/Julie Spiteri | B27: 6 | C27: =IF(B27>B25,1,0) -> 1 | E27: 6 | F27: =IF(E27>E25,1,0) -> 0 | H27: 7 | I27: =IF(H27>H25,1,0) -> 0 | J27: =IF(B27="",0,1) -> 1 | K27: =IF(C27+F27=2,3,IF(C27+F27=1,1,0)) -> 1 | L27: =IF(K27=3,3,IF(I27+K27=2,2,IF(K27=1,1,0))) -> 1 | M27: =B27+E27 -> 12 | N27: =C27+F27+I27 -> 1
A29: =AE15 -> Mariska Steenkamer/Romina Gauci | B29: 5 | C29: =IF(B29>B31,1,0) -> 0 | E29: 4 | F29: =IF(E29>E31,1,0) -> 0 | I29: =IF(H29>H31,1,0) -> 0 | J29: =IF(B29="",0,1) -> 1 | K29: =IF(C29+F29=2,3,IF(C29+F29=1,1,0)) -> 0 | L29: =IF(K29=3,3,IF(I29+K29=2,2,IF(K29=1,1,0))) -> 0 | M29: =B29+E29 -> 9 | N29: =C29+F29+I29 -> 0
A30: vs.
A31: =AE17 -> Francesca Sciortino/Julie Spiteri | B31: 7 | C31: =IF(B31>B29,1,0) -> 1 | E31: 6 | F31: =IF(E31>E29,1,0) -> 1 | I31: =IF(H31>H29,1,0) -> 0 | J31: =IF(B31="",0,1) -> 1 | K31: =IF(C31+F31=2,3,IF(C31+F31=1,1,0)) -> 3 | L31: =IF(K31=3,3,IF(I31+K31=2,2,IF(K31=1,1,0))) -> 3 | M31: =B31+E31 -> 13 | N31: =C31+F31+I31 -> 2
A50: Ladies Division 2 - Group B
A52: Players | B52: Set Scores | H52: Tie | P52: Players | Q52: Set Scores | W52: Tie | AE52: Player | AF52: Matches Played | AG52: Points Overall | AH52: Games Won | AI52: Sets Won
B53: Score | C53: Set 1 Work | E53: Score | F53: Set 2 Work | H53: Score | I53: Tie Work | J53: Game Played | K53: Sets Points Work | L53: Sets & Tie Points Work | M53: Games Wins Work | N53: Sets Wins Work | Q53: Score | R53: Set 1 Work | T53: Score | U53: Set 2 Work | W53: Score | X53: Tie Work | Y53: Game Played | Z53: Sets Points Work | AA53: Sets & Tie Points Work | AB53: Games Wins Work | AC53: Sets Wins Work | AJ53: Winner Working | AK53: Total Games Work | AL53: Winner
A54: =AE54 -> Nancy Wong/Rowena Caruana | B54: 6 | C54: =IF(B54>B56,1,0) -> 1 | E54: 6 | F54: =IF(E54>E56,1,0) -> 1 | I54: =IF(H54>H56,1,0) -> 0 | J54: =IF(B54="",0,1) -> 1 | K54: =IF(C54+F54=2,3,IF(C54+F54=1,1,0)) -> 3 | L54: =IF(K54=3,3,IF(I54+K54=2,2,IF(K54=1,1,0))) -> 3 | M54: =B54+E54 -> 12 | N54: =C54+F54+I54 -> 2 | P54: =AE54 -> Nancy Wong/Rowena Caruana | R54: =IF(Q54>Q56,1,0) -> 0 | U54: =IF(T54>T56,1,0) -> 0 | X54: =IF(W54>W56,1,0) -> 0 | Y54: =IF(Q54="",0,1) -> 0 | Z54: =IF(R54+U54=2,3,IF(R54+U54=1,1,0)) -> 0 | AA54: =IF(Z54=3,3,IF(X54+Z54=2,2,IF(Z54=1,1,0))) -> 0 | AB54: =Q54+T54 -> 0 | AC54: =R54+U54+X54 -> 0 | AE54: ='Players Ladies'!F14 -> Nancy Wong/Rowena Caruana | AF54: =J54+Y54+J58+Y58 -> 3 | AG54: =L54+AA54+L58+AA58 -> 7 | AH54: =M54+AB54+M58+AB58 -> 34 | AI54: =N54+AC54+N58+AC58 -> 5 | AJ54: =MAX(AG54:AG63) -> 7 | AK54: =SUM(AF54:AF63) -> 12 | AL54: =IF(AG54=$AJ$54,AE54,IF(AG56=$AJ$54,AE56,IF(AG58=$AJ$54,AE58,IF(AG60=$AJ$54,AE60,IF(AG62=$AJ$54,AE62,IF(#REF!=$AJ$54,#REF!,"")))))) -> Nancy Wong/Rowena Caruana
A55: vs. | P55: vs.
A56: =AE56 -> Angele Pule'/Jennifer Mifsud | B56: 3 | C56: =IF(B56>B54,1,0) -> 0 | E56: 4 | F56: =IF(E56>E54,1,0) -> 0 | I56: =IF(H56>H54,1,0) -> 0 | J56: =IF(B56="",0,1) -> 1 | K56: =IF(C56+F56=2,3,IF(C56+F56=1,1,0)) -> 0 | L56: =IF(K56=3,3,IF(I56+K56=2,2,IF(K56=1,1,0))) -> 0 | M56: =B56+E56 -> 7 | N56: =C56+F56+I56 -> 0 | P56: =AE58 -> Hiedi Tabone/Anabel Borg | R56: =IF(Q56>Q54,1,0) -> 0 | U56: =IF(T56>T54,1,0) -> 0 | X56: =IF(W56>W54,1,0) -> 0 | Y56: =IF(Q56="",0,1) -> 0 | Z56: =IF(R56+U56=2,3,IF(R56+U56=1,1,0)) -> 0 | AA56: =IF(Z56=3,3,IF(X56+Z56=2,2,IF(Z56=1,1,0))) -> 0 | AB56: =Q56+T56 -> 0 | AC56: =R56+U56+X56 -> 0 | AE56: ='Players Ladies'!F15 -> Angele Pule'/Jennifer Mifsud | AF56: =J56+J70+Y66+J66 -> 3 | AG56: =L56+L70+AA66+L66 -> 2 | AH56: =M56+M70+AB66+M66 -> 25 | AI56: =N56+N70+AC66+N66 -> 2
A58: =AE54 -> Nancy Wong/Rowena Caruana | B58: 6 | C58: =IF(B58>B60,1,0) -> 1 | E58: 4 | F58: =IF(E58>E60,1,0) -> 0 | H58: 8 | I58: =IF(H58>H60,1,0) -> 0 | J58: =IF(B58="",0,1) -> 1 | K58: =IF(C58+F58=2,3,IF(C58+F58=1,1,0)) -> 1 | L58: =IF(K58=3,3,IF(I58+K58=2,2,IF(K58=1,1,0))) -> 1 | M58: =B58+E58 -> 10 | N58: =C58+F58+I58 -> 1 | P58: =AE54 -> Nancy Wong/Rowena Caruana | Q58: 6 | R58: =IF(Q58>Q60,1,0) -> 1 | T58: 6 | U58: =IF(T58>T60,1,0) -> 1 | X58: =IF(W58>W60,1,0) -> 0 | Y58: =IF(Q58="",0,1) -> 1 | Z58: =IF(R58+U58=2,3,IF(R58+U58=1,1,0)) -> 3 | AA58: =IF(Z58=3,3,IF(X58+Z58=2,2,IF(Z58=1,1,0))) -> 3 | AB58: =Q58+T58 -> 12 | AC58: =R58+U58+X58 -> 2 | AE58: ='Players Ladies'!F16 -> Hiedi Tabone/Anabel Borg | AF58: =Y62+Y56+J62+J68 -> 0 | AG58: =AA62+AA56+L62+L68 -> 0 | AH58: =AB62+AB56+M62+M68 -> 0 | AI58: =AC62+AC56+N62+N68 -> 0
A59: vs. | P59: vs.
A60: =AE60 -> Marcette Sciriha/Tanya Cassar | B60: 3 | C60: =IF(B60>B58,1,0) -> 0 | E60: 6 | F60: =IF(E60>E58,1,0) -> 1 | H60: 10 | I60: =IF(H60>H58,1,0) -> 1 | J60: =IF(B60="",0,1) -> 1 | K60: =IF(C60+F60=2,3,IF(C60+F60=1,1,0)) -> 1 | L60: =IF(K60=3,3,IF(I60+K60=2,2,IF(K60=1,1,0))) -> 2 | M60: =B60+E60 -> 9 | N60: =C60+F60+I60 -> 2 | P60: =AE62 -> Ann Marie Attard/Christine Seychell | Q60: 1 | R60: =IF(Q60>Q58,1,0) -> 0 | T60: 4 | U60: =IF(T60>T58,1,0) -> 0 | X60: =IF(W60>W58,1,0) -> 0 | Y60: =IF(Q60="",0,1) -> 1 | Z60: =IF(R60+U60=2,3,IF(R60+U60=1,1,0)) -> 0 | AA60: =IF(Z60=3,3,IF(X60+Z60=2,2,IF(Z60=1,1,0))) -> 0 | AB60: =Q60+T60 -> 5 | AC60: =R60+U60+X60 -> 0 | AE60: ='Players Ladies'!F17 -> Marcette Sciriha/Tanya Cassar | AF60: =Y64+J74+J60+Y68 -> 3 | AG60: =AA64+L74+L60+AA68 -> 6 | AH60: =AB64+M74+M60+AB68 -> 34 | AI60: =AC64+N74+N60+AC68 -> 5
A62: =AE58 -> Hiedi Tabone/Anabel Borg | I62: =IF(H62>H64,1,0) -> 0 | J62: =IF(B62="",0,1) -> 0 | K62: =IF(C62+F62=2,3,IF(C62+F62=1,1,0)) -> 0 | L62: =IF(K62=3,3,IF(I62+K62=2,2,IF(K62=1,1,0))) -> 0 | M62: =B62+E62 -> 0 | N62: =C62+F62+I62 -> 0 | P62: =AE58 -> Hiedi Tabone/Anabel Borg | R62: =IF(Q62>Q64,1,0) -> 0 | U62: =IF(T62>T64,1,0) -> 0 | X62: =IF(W62>W64,1,0) -> 0 | Y62: =IF(Q62="",0,1) -> 0 | Z62: =IF(R62+U62=2,3,IF(R62+U62=1,1,0)) -> 0 | AA62: =IF(Z62=3,3,IF(X62+Z62=2,2,IF(Z62=1,1,0))) -> 0 | AB62: =Q62+T62 -> 0 | AC62: =R62+U62+X62 -> 0 | AE62: ='Players Ladies'!F18 -> Ann Marie Attard/Christine Seychell | AF62: =J76+J72+Y60+J64 -> 3 | AG62: =L76+L72+AA60+L64 -> 3 | AH62: =M76+M72+AB60+M64 -> 28 | AI62: =N76+N72+AC60+N64 -> 2
A63: vs. | P63: vs.
A64: =AE62 -> Ann Marie Attard/Christine Seychell | I64: =IF(H64>H62,1,0) -> 0 | J64: =IF(B64="",0,1) -> 0 | K64: =IF(C64+F64=2,3,IF(C64+F64=1,1,0)) -> 0 | L64: =IF(K64=3,3,IF(I64+K64=2,2,IF(K64=1,1,0))) -> 0 | M64: =B64+E64 -> 0 | N64: =C64+F64+I64 -> 0 | P64: =AE60 -> Marcette Sciriha/Tanya Cassar | R64: =IF(Q64>Q62,1,0) -> 0 | U64: =IF(T64>T62,1,0) -> 0 | X64: =IF(W64>W62,1,0) -> 0 | Y64: =IF(Q64="",0,1) -> 0 | Z64: =IF(R64+U64=2,3,IF(R64+U64=1,1,0)) -> 0 | AA64: =IF(Z64=3,3,IF(X64+Z64=2,2,IF(Z64=1,1,0))) -> 0 | AB64: =Q64+T64 -> 0 | AC64: =R64+U64+X64 -> 0 | AE64: Group B Winner
AE65: Nancy Wong/Rowena Caruana
A66: =AE56 -> Angele Pule'/Jennifer Mifsud | C66: =IF(B66>B68,1,0) -> 0 | F66: =IF(E66>E68,1,0) -> 0 | I66: =IF(H66>H68,1,0) -> 0 | J66: =IF(B66="",0,1) -> 0 | K66: =IF(C66+F66=2,3,IF(C66+F66=1,1,0)) -> 0 | L66: =IF(K66=3,3,IF(I66+K66=2,2,IF(K66=1,1,0))) -> 0 | M66: =B66+E66 -> 0 | N66: =C66+F66+I66 -> 0 | P66: =AE56 -> Angele Pule'/Jennifer Mifsud | Q66: 7 | R66: =IF(Q66>Q68,1,0) -> 1 | T66: 2 | U66: =IF(T66>T68,1,0) -> 0 | W66: 10 | X66: =IF(W66>W68,1,0) -> 1 | Y66: =IF(Q66="",0,1) -> 1 | Z66: =IF(R66+U66=2,3,IF(R66+U66=1,1,0)) -> 1 | AA66: =IF(Z66=3,3,IF(X66+Z66=2,2,IF(Z66=1,1,0))) -> 2 | AB66: =Q66+T66 -> 9 | AC66: =R66+U66+X66 -> 2
A67: vs. | P67: vs.
A68: =AE58 -> Hiedi Tabone/Anabel Borg | C68: =IF(B68>B66,1,0) -> 0 | F68: =IF(E68>E66,1,0) -> 0 | I68: =IF(H68>H66,1,0) -> 0 | J68: =IF(B68="",0,1) -> 0 | K68: =IF(C68+F68=2,3,IF(C68+F68=1,1,0)) -> 0 | L68: =IF(K68=3,3,IF(I68+K68=2,2,IF(K68=1,1,0))) -> 0 | M68: =B68+E68 -> 0 | N68: =C68+F68+I68 -> 0 | P68: =AE60 -> Marcette Sciriha/Tanya Cassar | Q68: 5 | R68: =IF(Q68>Q66,1,0) -> 0 | T68: 6 | U68: =IF(T68>T66,1,0) -> 1 | W68: 8 | X68: =IF(W68>W66,1,0) -> 0 | Y68: =IF(Q68="",0,1) -> 1 | Z68: =IF(R68+U68=2,3,IF(R68+U68=1,1,0)) -> 1 | AA68: =IF(Z68=3,3,IF(X68+Z68=2,2,IF(Z68=1,1,0))) -> 1 | AB68: =Q68+T68 -> 11 | AC68: =R68+U68+X68 -> 1
A70: =AE56 -> Angele Pule'/Jennifer Mifsud | B70: 5 | C70: =IF(B70>B72,1,0) -> 0 | E70: 4 | F70: =IF(E70>E72,1,0) -> 0 | I70: =IF(H70>H72,1,0) -> 0 | J70: =IF(B70="",0,1) -> 1 | K70: =IF(C70+F70=2,3,IF(C70+F70=1,1,0)) -> 0 | L70: =IF(K70=3,3,IF(I70+K70=2,2,IF(K70=1,1,0))) -> 0 | M70: =B70+E70 -> 9 | N70: =C70+F70+I70 -> 0
A71: vs.
A72: =AE62 -> Ann Marie Attard/Christine Seychell | B72: 7 | C72: =IF(B72>B70,1,0) -> 1 | E72: 6 | F72: =IF(E72>E70,1,0) -> 1 | I72: =IF(H72>H70,1,0) -> 0 | J72: =IF(B72="",0,1) -> 1 | K72: =IF(C72+F72=2,3,IF(C72+F72=1,1,0)) -> 3 | L72: =IF(K72=3,3,IF(I72+K72=2,2,IF(K72=1,1,0))) -> 3 | M72: =B72+E72 -> 13 | N72: =C72+F72+I72 -> 2
A74: =AE60 -> Marcette Sciriha/Tanya Cassar | B74: 7 | C74: =IF(B74>B76,1,0) -> 1 | E74: 7 | F74: =IF(E74>E76,1,0) -> 1 | I74: =IF(H74>H76,1,0) -> 0 | J74: =IF(B74="",0,1) -> 1 | K74: =IF(C74+F74=2,3,IF(C74+F74=1,1,0)) -> 3 | L74: =IF(K74=3,3,IF(I74+K74=2,2,IF(K74=1,1,0))) -> 3 | M74: =B74+E74 -> 14 | N74: =C74+F74+I74 -> 2
A75: vs.
A76: =AE62 -> Ann Marie Attard/Christine Seychell | B76: 5 | C76: =IF(B76>B74,1,0) -> 0 | E76: 5 | F76: =IF(E76>E74,1,0) -> 0 | I76: =IF(H76>H74,1,0) -> 0 | J76: =IF(B76="",0,1) -> 1 | K76: =IF(C76+F76=2,3,IF(C76+F76=1,1,0)) -> 0 | L76: =IF(K76=3,3,IF(I76+K76=2,2,IF(K76=1,1,0))) -> 0 | M76: =B76+E76 -> 10 | N76: =C76+F76+I76 -> 0
P81: Final
P83: Players | Q83: Set Scores | W83: Tie
Q84: Score | R84: Set 1 Work | T84: Score | U84: Set 2 Work | W84: Score | X84: Tie Work | Y84: Game Played | Z84: Sets Points Work | AA84: Sets & Tie Points Work | AB84: Games Wins Work | AC84: Sets Wins Work
P85: Kristina Briffa/Sarah Axiaq | Q85: 6 | R85: =IF(Q85>Q87,1,0) -> 0 | T85: 3 | U85: =IF(T85>T87,1,0) -> 0 | X85: =IF(W85>W87,1,0) -> 0 | Y85: =IF(Q85="",0,1) -> 1 | Z85: =IF(R85+U85=2,3,IF(R85+U85=1,1,0)) -> 0 | AA85: =IF(Z85=3,3,IF(X85+Z85=2,2,IF(Z85=1,1,0))) -> 0 | AB85: =Q85+T85 -> 9 | AC85: =R85+U85+X85 -> 0
P86: vs.
P87: Nancy Wong/Rowena Caruana | Q87: 7 | R87: =IF(Q87>Q85,1,0) -> 1 | T87: 6 | U87: =IF(T87>T85,1,0) -> 1 | X87: =IF(W87>W85,1,0) -> 0 | Y87: =IF(Q87="",0,1) -> 1 | Z87: =IF(R87+U87=2,3,IF(R87+U87=1,1,0)) -> 3 | AA87: =IF(Z87=3,3,IF(X87+Z87=2,2,IF(Z87=1,1,0))) -> 3 | AB87: =Q87+T87 -> 13 | AC87: =R87+U87+X87 -> 2
P89: Divison Winner
P90: =IF(AA85>AA87,P85,P87) -> Nancy Wong/Rowena Caruana
P93: Divison Runner Up
P94: =IF(AA85<AA87,P85,P87) -> Kristina Briffa/Sarah Axiaq

Sheet Lad Div 3
A1: VITTORIOSA LAWN TENNIS CLUB Sports Experience Chosen Doubles 2024
A5: Ladies Division 3 - Group A
A7: Players | B7: Set Scores | H7: Tie | P7: Players | Q7: Set Scores | W7: Tie | AE7: Player | AF7: Matches Played | AG7: Points Overall | AH7: Games Won | AI7: Sets Won
B8: Score | C8: Set 1 Work | E8: Score | F8: Set 2 Work | H8: Score | I8: Tie Work | J8: Game Played | K8: Sets Points Work | L8: Sets & Tie Points Work | M8: Games Wins Work | N8: Sets Wins Work | Q8: Score | R8: Set 1 Work | T8: Score | U8: Set 2 Work | W8: Score | X8: Tie Work | Y8: Game Played | Z8: Sets Points Work | AA8: Sets & Tie Points Work | AB8: Games Wins Work | AC8: Sets Wins Work | AJ8: Winner Working | AK8: Total Games Work | AL8: Winner
A9: =AE9 -> Jodie Stivala/Elisa Sacco | B9: 6 | C9: =IF(B9>B11,1,0) -> 1 | E9: 6 | F9: =IF(E9>E11,1,0) -> 1 | I9: =IF(H9>H11,1,0) -> 0 | J9: =IF(B9="",0,1) -> 1 | K9: =IF(C9+F9=2,3,IF(C9+F9=1,1,0)) -> 3 | L9: =IF(K9=3,3,IF(I9+K9=2,2,IF(K9=1,1,0))) -> 3 | M9: =B9+E9 -> 12 | N9: =C9+F9+I9 -> 2 | P9: =AE9 -> Jodie Stivala/Elisa Sacco | Q9: 6 | R9: =IF(Q9>Q11,1,0) -> 1 | T9: 4 | U9: =IF(T9>T11,1,0) -> 0 | W9: 3 | X9: =IF(W9>W11,1,0) -> 0 | Y9: =IF(Q9="",0,1) -> 1 | Z9: =IF(R9+U9=2,3,IF(R9+U9=1,1,0)) -> 1 | AA9: =IF(Z9=3,3,IF(X9+Z9=2,2,IF(Z9=1,1,0))) -> 1 | AB9: =Q9+T9 -> 10 | AC9: =R9+U9+X9 -> 1 | AE9: ='Players Ladies'!B21 -> Jodie Stivala/Elisa Sacco | AF9: =J9+Y9+Y13+J13 -> 4 | AG9: =L9+AA9+L13+AA13 -> 7 | AH9: =M9+AB9+M13+AB13 -> 39 | AI9: =N9+AC9+N13+AC13 -> 5 | AJ9: =MAX(AG9:AG19) -> 10 | AK9: =SUM(AF9:AF19) -> 16 | AL9: =IF(AG9=$AJ$9,AE9,IF(AG11=$AJ$9,AE11,IF(AG13=$AJ$9,AE13,IF(AG15=$AJ$9,AE15,IF(AG17=$AJ$9,AE17,IF(AG19=$AJ$9,AE19,"")))))) -> Maria Ellul/Maria Angela Gambin
A10: vs. | P10: vs.
A11: =AE11 -> Marica Cassar/Daphne Vella | B11: 2 | C11: =IF(B11>B9,1,0) -> 0 | E11: 4 | F11: =IF(E11>E9,1,0) -> 0 | I11: =IF(H11>H9,1,0) -> 0 | J11: =IF(B11="",0,1) -> 1 | K11: =IF(C11+F11=2,3,IF(C11+F11=1,1,0)) -> 0 | L11: =IF(K11=3,3,IF(I11+K11=2,2,IF(K11=1,1,0))) -> 0 | M11: =B11+E11 -> 6 | N11: =C11+F11+I11 -> 0 | P11: =AE13 -> Maria Ellul/Maria Angela Gambin | Q11: 4 | R11: =IF(Q11>Q9,1,0) -> 0 | T11: 6 | U11: =IF(T11>T9,1,0) -> 1 | W11: 10 | X11: =IF(W11>W9,1,0) -> 1 | Y11: =IF(Q11="",0,1) -> 1 | Z11: =IF(R11+U11=2,3,IF(R11+U11=1,1,0)) -> 1 | AA11: =IF(Z11=3,3,IF(X11+Z11=2,2,IF(Z11=1,1,0))) -> 2 | AB11: =Q11+T11 -> 10 | AC11: =R11+U11+X11 -> 2 | AE11: ='Players Ladies'!B22 -> Marica Cassar/Daphne Vella | AF11: =J11+J25+Y21+J21 -> 3 | AG11: =L11+L25+AA21+L21 -> 3 | AH11: =M11+M25+AB21+M21 -> 22 | AI11: =N11+N25+AC21+N21 -> 2
A13: =AE9 -> Jodie Stivala/Elisa Sacco | B13: 6 | C13: =IF(B13>B15,1,0) -> 1 | E13: 6 | F13: =IF(E13>E15,1,0) -> 1 | I13: =IF(H13>H15,1,0) -> 0 | J13: =IF(B13="",0,1) -> 1 | K13: =IF(C13+F13=2,3,IF(C13+F13=1,1,0)) -> 3 | L13: =IF(K13=3,3,IF(I13+K13=2,2,IF(K13=1,1,0))) -> 3 | M13: =B13+E13 -> 12 | N13: =C13+F13+I13 -> 2 | P13: =AE9 -> Jodie Stivala/Elisa Sacco | Q13: 2 | R13: =IF(Q13>Q15,1,0) -> 0 | T13: 3 | U13: =IF(T13>T15,1,0) -> 0 | X13: =IF(W13>W15,1,0) -> 0 | Y13: =IF(Q13="",0,1) -> 1 | Z13: =IF(R13+U13=2,3,IF(R13+U13=1,1,0)) -> 0 | AA13: =IF(Z13=3,3,IF(X13+Z13=2,2,IF(Z13=1,1,0))) -> 0 | AB13: =Q13+T13 -> 5 | AC13: =R13+U13+X13 -> 0 | AE13: ='Players Ladies'!B23 -> Maria Ellul/Maria Angela Gambin | AF13: =Y17+J23+J17+Y11 -> 4 | AG13: =L17+AA17+AA11+L23 -> 10 | AH13: =M17+AB11+M23+AB17 -> 43 | AI13: =N17+AC17+AC11+N23 -> 8
A14: vs. | P14: vs.
A15: =AE15 -> Karolina Papiernak/Jennifer Roca | B15: 3 | C15: =IF(B15>B13,1,0) -> 0 | E15: 4 | F15: =IF(E15>E13,1,0) -> 0 | I15: =IF(H15>H13,1,0) -> 0 | J15: =IF(B15="",0,1) -> 1 | K15: =IF(C15+F15=2,3,IF(C15+F15=1,1,0)) -> 0 | L15: =IF(K15=3,3,IF(I15+K15=2,2,IF(K15=1,1,0))) -> 0 | M15: =B15+E15 -> 7 | N15: =C15+F15+I15 -> 0 | P15: =AE17 -> Helga Azzopardi/Bernardette Fenech | Q15: 6 | R15: =IF(Q15>Q13,1,0) -> 1 | T15: 6 | U15: =IF(T15>T13,1,0) -> 1 | X15: =IF(W15>W13,1,0) -> 0 | Y15: =IF(Q15="",0,1) -> 1 | Z15: =IF(R15+U15=2,3,IF(R15+U15=1,1,0)) -> 3 | AA15: =IF(Z15=3,3,IF(X15+Z15=2,2,IF(Z15=1,1,0))) -> 3 | AB15: =Q15+T15 -> 12 | AC15: =R15+U15+X15 -> 2 | AE15: ='Players Ladies'!B24 -> Karolina Papiernak/Jennifer Roca | AF15: =Y19+J15+Y23+J29 -> 2 | AG15: =AA19+L15+AA23+L29 -> 1 | AH15: =AB19+M15+AB23+M29 -> 17 | AI15: =AC19+N15+AC23+N29 -> 1
A17: =AE13 -> Maria Ellul/Maria Angela Gambin | B17: 6 | C17: =IF(B17>B19,1,0) -> 1 | E17: 6 | F17: =IF(E17>E19,1,0) -> 1 | I17: =IF(H17>H19,1,0) -> 0 | J17: =IF(B17="",0,1) -> 1 | K17: =IF(C17+F17=2,3,IF(C17+F17=1,1,0)) -> 3 | L17: =IF(K17=3,3,IF(I17+K17=2,2,IF(K17=1,1,0))) -> 3 | M17: =B17+E17 -> 12 | N17: =C17+F17+I17 -> 2 | P17: =AE13 -> Maria Ellul/Maria Angela Gambin | Q17: 3 | R17: =IF(Q17>Q19,1,0) -> 0 | T17: 6 | U17: =IF(T17>T19,1,0) -> 1 | W17: 10 | X17: =IF(W17>W19,1,0) -> 1 | Y17: =IF(Q17="",0,1) -> 1 | Z17: =IF(R17+U17=2,3,IF(R17+U17=1,1,0)) -> 1 | AA17: =IF(Z17=3,3,IF(X17+Z17=2,2,IF(Z17=1,1,0))) -> 2 | AB17: =Q17+T17 -> 9 | AC17: =R17+U17+X17 -> 2 | AE17: ='Players Ladies'!B25 -> Helga Azzopardi/Bernardette Fenech | AF17: =Y15+J27+J19+J31 -> 3 | AG17: =AA15+L27+L19+L31 -> 3 | AH17: =AB15+M27+M19+M31 -> 28 | AI17: =N31+N27+AC15+N19 -> 2
A18: vs. | P18: vs.
A19: =AE17 -> Helga Azzopardi/Bernardette Fenech | B19: 4 | C19: =IF(B19>B17,1,0) -> 0 | E19: 3 | F19: =IF(E19>E17,1,0) -> 0 | I19: =IF(H19>H17,1,0) -> 0 | J19: =IF(B19="",0,1) -> 1 | K19: =IF(C19+F19=2,3,IF(C19+F19=1,1,0)) -> 0 | L19: =IF(K19=3,3,IF(I19+K19=2,2,IF(K19=1,1,0))) -> 0 | M19: =B19+E19 -> 7 | N19: =C19+F19+I19 -> 0 | P19: =AE15 -> Karolina Papiernak/Jennifer Roca | Q19: 6 | R19: =IF(Q19>Q17,1,0) -> 1 | T19: 4 | U19: =IF(T19>T17,1,0) -> 0 | W19: 7 | X19: =IF(W19>W17,1,0) -> 0 | Y19: =IF(Q19="",0,1) -> 1 | Z19: =IF(R19+U19=2,3,IF(R19+U19=1,1,0)) -> 1 | AA19: =IF(Z19=3,3,IF(X19+Z19=2,2,IF(Z19=1,1,0))) -> 1 | AB19: =Q19+T19 -> 10 | AC19: =R19+U19+X19 -> 1 | AE19: Group A Winner
AE20: Maria Ellul/Maria Angela Gambin
A21: =AE11 -> Marica Cassar/Daphne Vella | B21: 1 | C21: =IF(B21>B23,1,0) -> 0 | E21: 2 | F21: =IF(E21>E23,1,0) -> 0 | I21: =IF(H21>H23,1,0) -> 0 | J21: =IF(B21="",0,1) -> 1 | K21: =IF(C21+F21=2,3,IF(C21+F21=1,1,0)) -> 0 | L21: =IF(K21=3,3,IF(I21+K21=2,2,IF(K21=1,1,0))) -> 0 | M21: =B21+E21 -> 3 | N21: =C21+F21+I21 -> 0 | P21: =AE11 -> Marica Cassar/Daphne Vella | R21: =IF(Q21>Q23,1,0) -> 0 | U21: =IF(T21>T23,1,0) -> 0 | X21: =IF(W21>W23,1,0) -> 0 | Y21: =IF(Q21="",0,1) -> 0 | Z21: =IF(R21+U21=2,3,IF(R21+U21=1,1,0)) -> 0 | AA21: =IF(Z21=3,3,IF(X21+Z21=2,2,IF(Z21=1,1,0))) -> 0 | AB21: =Q21+T21 -> 0 | AC21: =R21+U21+X21 -> 0
A22: vs. | P22: vs.
A23: =AE13 -> Maria Ellul/Maria Angela Gambin | B23: 6 | C23: =IF(B23>B21,1,0) -> 1 | E23: 6 | F23: =IF(E23>E21,1,0) -> 1 | I23: =IF(H23>H21,1,0) -> 0 | J23: =IF(B23="",0,1) -> 1 | K23: =IF(C23+F23=2,3,IF(C23+F23=1,1,0)) -> 3 | L23: =IF(K23=3,3,IF(I23+K23=2,2,IF(K23=1,1,0))) -> 3 | M23: =B23+E23 -> 12 | N23: =C23+F23+I23 -> 2 | P23: =AE15 -> Karolina Papiernak/Jennifer Roca | R23: =IF(Q23>Q21,1,0) -> 0 | U23: =IF(T23>T21,1,0) -> 0 | X23: =IF(W23>W21,1,0) -> 0 | Y23: =IF(Q23="",0,1) -> 0 | Z23: =IF(R23+U23=2,3,IF(R23+U23=1,1,0)) -> 0 | AA23: =IF(Z23=3,3,IF(X23+Z23=2,2,IF(Z23=1,1,0))) -> 0 | AB23: =Q23+T23 -> 0 | AC23: =R23+U23+X23 -> 0
A25: =AE11 -> Marica Cassar/Daphne Vella | B25: 6 | C25: =IF(B25>B27,1,0) -> 1 | E25: 7 | F25: =IF(E25>E27,1,0) -> 1 | I25: =IF(H25>H27,1,0) -> 0 | J25: =IF(B25="",0,1) -> 1 | K25: =IF(C25+F25=2,3,IF(C25+F25=1,1,0)) -> 3 | L25: =IF(K25=3,3,IF(I25+K25=2,2,IF(K25=1,1,0))) -> 3 | M25: =B25+E25 -> 13 | N25: =C25+F25+I25 -> 2
A26: vs.
A27: =AE17 -> Helga Azzopardi/Bernardette Fenech | B27: 4 | C27: =IF(B27>B25,1,0) -> 0 | E27: 5 | F27: =IF(E27>E25,1,0) -> 0 | I27: =IF(H27>H25,1,0) -> 0 | J27: =IF(B27="",0,1) -> 1 | K27: =IF(C27+F27=2,3,IF(C27+F27=1,1,0)) -> 0 | L27: =IF(K27=3,3,IF(I27+K27=2,2,IF(K27=1,1,0))) -> 0 | M27: =B27+E27 -> 9 | N27: =C27+F27+I27 -> 0
A29: =AE15 -> Karolina Papiernak/Jennifer Roca | C29: =IF(B29>B31,1,0) -> 0 | F29: =IF(E29>E31,1,0) -> 0 | I29: =IF(H29>H31,1,0) -> 0 | J29: =IF(B29="",0,1) -> 0 | K29: =IF(C29+F29=2,3,IF(C29+F29=1,1,0)) -> 0 | L29: =IF(K29=3,3,IF(I29+K29=2,2,IF(K29=1,1,0))) -> 0 | M29: =B29+E29 -> 0 | N29: =C29+F29+I29 -> 0
A30: vs.
A31: =AE17 -> Helga Azzopardi/Bernardette Fenech | C31: =IF(B31>B29,1,0) -> 0 | F31: =IF(E31>E29,1,0) -> 0 | I31: =IF(H31>H29,1,0) -> 0 | J31: =IF(B31="",0,1) -> 0 | K31: =IF(C31+F31=2,3,IF(C31+F31=1,1,0)) -> 0 | L31: =IF(K31=3,3,IF(I31+K31=2,2,IF(K31=1,1,0))) -> 0 | M31: =B31+E31 -> 0 | N31: =C31+F31+I31 -> 0
A48: Ladies Division 3 - Group B
A50: Players | B50: Set Scores | H50: Tie | P50: Players | Q50: Set Scores | W50: Tie | AE50: Player | AF50: Matches Played | AG50: Points Overall | AH50: Games Won | AI50: Sets Won
B51: Score | C51: Set 1 Work | E51: Score | F51: Set 2 Work | H51: Score | I51: Tie Work | J51: Game Played | K51: Sets Points Work | L51: Sets & Tie Points Work | M51: Games Wins Work | N51: Sets Wins Work | Q51: Score | R51: Set 1 Work | T51: Score | U51: Set 2 Work | W51: Score | X51: Tie Work | Y51: Game Played | Z51: Sets Points Work | AA51: Sets & Tie Points Work | AB51: Games Wins Work | AC51: Sets Wins Work | AJ51: Winner Working | AK51: Total Games Work | AL51: Winner
A52: =AE52 -> Ceridwen Scerri/Jade Sammut | B52: 6 | C52: =IF(B52>B54,1,0) -> 1 | E52: 7 | F52: =IF(E52>E54,1,0) -> 1 | I52: =IF(H52>H54,1,0) -> 0 | J52: =IF(B52="",0,1) -> 1 | K52: =IF(C52+F52=2,3,IF(C52+F52=1,1,0)) -> 3 | L52: =IF(K52=3,3,IF(I52+K52=2,2,IF(K52=1,1,0))) -> 3 | M52: =B52+E52 -> 13 | N52: =C52+F52+I52 -> 2 | P52: =AE52 -> Ceridwen Scerri/Jade Sammut | Q52: 0 | R52: =IF(Q52>Q54,1,0) -> 0 | T52: 5 | U52: =IF(T52>T54,1,0) -> 0 | X52: =IF(W52>W54,1,0) -> 0 | Y52: =IF(Q52="",0,1) -> 1 | Z52: =IF(R52+U52=2,3,IF(R52+U52=1,1,0)) -> 0 | AA52: =IF(Z52=3,3,IF(X52+Z52=2,2,IF(Z52=1,1,0))) -> 0 | AB52: =Q52+T52 -> 5 | AC52: =R52+U52+X52 -> 0 | AE52: ='Players Ladies'!F21 -> Ceridwen Scerri/Jade Sammut | AF52: =J52+Y52+J56+Y56 -> 4 | AG52: =L52+AA52+L56+AA56 -> 6 | AH52: =M52+AB52+M56+AB56 -> 39 | AI52: =N52+AC52+N56+AC56 -> 4 | AJ52: =MAX(AG52:AG61) -> 10 | AK52: =SUM(AF52:AF61) -> 20 | AL52: =IF(AG52=$AJ$52,AE52,IF(AG54=$AJ$52,AE54,IF(AG56=$AJ$52,AE56,IF(AG58=$AJ$52,AE58,IF(AG60=$AJ$52,AE60,IF(#REF!=$AJ$52,#REF!,"")))))) -> Kaya Sammut/Leanne Sammut
A53: vs. | P53: vs.
A54: =AE54 -> Giada Sciberras/Sophia Re | B54: 4 | C54: =IF(B54>B52,1,0) -> 0 | E54: 5 | F54: =IF(E54>E52,1,0) -> 0 | I54: =IF(H54>H52,1,0) -> 0 | J54: =IF(B54="",0,1) -> 1 | K54: =IF(C54+F54=2,3,IF(C54+F54=1,1,0)) -> 0 | L54: =IF(K54=3,3,IF(I54+K54=2,2,IF(K54=1,1,0))) -> 0 | M54: =B54+E54 -> 9 | N54: =C54+F54+I54 -> 0 | P54: =AE56 -> Kaya Sammut/Leanne Sammut | Q54: 6 | R54: =IF(Q54>Q52,1,0) -> 1 | T54: 7 | U54: =IF(T54>T52,1,0) -> 1 | X54: =IF(W54>W52,1,0) -> 0 | Y54: =IF(Q54="",0,1) -> 1 | Z54: =IF(R54+U54=2,3,IF(R54+U54=1,1,0)) -> 3 | AA54: =IF(Z54=3,3,IF(X54+Z54=2,2,IF(Z54=1,1,0))) -> 3 | AB54: =Q54+T54 -> 13 | AC54: =R54+U54+X54 -> 2 | AE54: ='Players Ladies'!F22 -> Giada Sciberras/Sophia Re | AF54: =J54+J68+Y64+J64 -> 4 | AG54: =L54+L68+AA64+L64 -> 4 | AH54: =M54+M68+AB64+M64 -> 35 | AI54: =N54+N68+AC64+N64 -> 4
A56: =AE52 -> Ceridwen Scerri/Jade Sammut | B56: 7 | C56: =IF(B56>B58,1,0) -> 1 | E56: 6 | F56: =IF(E56>E58,1,0) -> 1 | I56: =IF(H56>H58,1,0) -> 0 | J56: =IF(B56="",0,1) -> 1 | K56: =IF(C56+F56=2,3,IF(C56+F56=1,1,0)) -> 3 | L56: =IF(K56=3,3,IF(I56+K56=2,2,IF(K56=1,1,0))) -> 3 | M56: =B56+E56 -> 13 | N56: =C56+F56+I56 -> 2 | P56: =AE52 -> Ceridwen Scerri/Jade Sammut | Q56: 3 | R56: =IF(Q56>Q58,1,0) -> 0 | T56: 5 | U56: =IF(T56>T58,1,0) -> 0 | X56: =IF(W56>W58,1,0) -> 0 | Y56: =IF(Q56="",0,1) -> 1 | Z56: =IF(R56+U56=2,3,IF(R56+U56=1,1,0)) -> 0 | AA56: =IF(Z56=3,3,IF(X56+Z56=2,2,IF(Z56=1,1,0))) -> 0 | AB56: =Q56+T56 -> 8 | AC56: =R56+U56+X56 -> 0 | AE56: ='Players Ladies'!F23 -> Kaya Sammut/Leanne Sammut | AF56: =Y60+Y54+J60+J66 -> 4 | AG56: =AA60+AA54+L60+L66 -> 10 | AH56: =AB60+AB54+M60+M66 -> 47 | AI56: =AC60+AC54+N60+N66 -> 7
A57: vs. | P57: vs.
A58: =AE58 -> Mary Borg/Christine Scerri | B58: 5 | C58: =IF(B58>B56,1,0) -> 0 | E58: 0 | F58: =IF(E58>E56,1,0) -> 0 | I58: =IF(H58>H56,1,0) -> 0 | J58: =IF(B58="",0,1) -> 1 | K58: =IF(C58+F58=2,3,IF(C58+F58=1,1,0)) -> 0 | L58: =IF(K58=3,3,IF(I58+K58=2,2,IF(K58=1,1,0))) -> 0 | M58: =B58+E58 -> 5 | N58: =C58+F58+I58 -> 0 | P58: =AE60 -> Janice Galea/Nicole Lia | Q58: 6 | R58: =IF(Q58>Q56,1,0) -> 1 | T58: 7 | U58: =IF(T58>T56,1,0) -> 1 | X58: =IF(W58>W56,1,0) -> 0 | Y58: =IF(Q58="",0,1) -> 1 | Z58: =IF(R58+U58=2,3,IF(R58+U58=1,1,0)) -> 3 | AA58: =IF(Z58=3,3,IF(X58+Z58=2,2,IF(Z58=1,1,0))) -> 3 | AB58: =Q58+T58 -> 13 | AC58: =R58+U58+X58 -> 2 | AE58: ='Players Ladies'!F24 -> Mary Borg/Christine Scerri | AF58: =Y62+J72+J58+Y66 -> 4 | AG58: =AA62+L72+L58+AA66 -> 3 | AH58: =AB62+M72+M58+AB66 -> 25 | AI58: =AC62+N72+N58+AC66 -> 3
A60: =AE56 -> Kaya Sammut/Leanne Sammut | B60: 6 | C60: =IF(B60>B62,1,0) -> 1 | E60: 6 | F60: =IF(E60>E62,1,0) -> 1 | I60: =IF(H60>H62,1,0) -> 0 | J60: =IF(B60="",0,1) -> 1 | K60: =IF(C60+F60=2,3,IF(C60+F60=1,1,0)) -> 3 | L60: =IF(K60=3,3,IF(I60+K60=2,2,IF(K60=1,1,0))) -> 3 | M60: =B60+E60 -> 12 | N60: =C60+F60+I60 -> 2 | P60: =AE56 -> Kaya Sammut/Leanne Sammut | Q60: 6 | R60: =IF(Q60>Q62,1,0) -> 1 | T60: 6 | U60: =IF(T60>T62,1,0) -> 1 | X60: =IF(W60>W62,1,0) -> 0 | Y60: =IF(Q60="",0,1) -> 1 | Z60: =IF(R60+U60=2,3,IF(R60+U60=1,1,0)) -> 3 | AA60: =IF(Z60=3,3,IF(X60+Z60=2,2,IF(Z60=1,1,0))) -> 3 | AB60: =Q60+T60 -> 12 | AC60: =R60+U60+X60 -> 2 | AE60: ='Players Ladies'!F25 -> Janice Galea/Nicole Lia | AF60: =J74+J70+Y58+J62 -> 4 | AG60: =L74+L70+AA58+L62 -> 7 | AH60: =M74+M70+AB58+M62 -> 40 | AI60: =N74+N70+AC58+N62 -> 6
A61: vs. | P61: vs.
A62: =AE60 -> Janice Galea/Nicole Lia | B62: 4 | C62: =IF(B62>B60,1,0) -> 0 | E62: 2 | F62: =IF(E62>E60,1,0) -> 0 | I62: =IF(H62>H60,1,0) -> 0 | J62: =IF(B62="",0,1) -> 1 | K62: =IF(C62+F62=2,3,IF(C62+F62=1,1,0)) -> 0 | L62: =IF(K62=3,3,IF(I62+K62=2,2,IF(K62=1,1,0))) -> 0 | M62: =B62+E62 -> 6 | N62: =C62+F62+I62 -> 0 | P62: =AE58 -> Mary Borg/Christine Scerri | Q62: 1 | R62: =IF(Q62>Q60,1,0) -> 0 | T62: 3 | U62: =IF(T62>T60,1,0) -> 0 | X62: =IF(W62>W60,1,0) -> 0 | Y62: =IF(Q62="",0,1) -> 1 | Z62: =IF(R62+U62=2,3,IF(R62+U62=1,1,0)) -> 0 | AA62: =IF(Z62=3,3,IF(X62+Z62=2,2,IF(Z62=1,1,0))) -> 0 | AB62: =Q62+T62 -> 4 | AC62: =R62+U62+X62 -> 0 | AE62: Group B Winner
AE63: Kaya Sammut/Leanne Sammut
A64: =AE54 -> Giada Sciberras/Sophia Re | B64: 0 | C64: =IF(B64>B66,1,0) -> 0 | E64: 6 | F64: =IF(E64>E66,1,0) -> 1 | H64: 10 | I64: =IF(H64>H66,1,0) -> 1 | J64: =IF(B64="",0,1) -> 1 | K64: =IF(C64+F64=2,3,IF(C64+F64=1,1,0)) -> 1 | L64: =IF(K64=3,3,IF(I64+K64=2,2,IF(K64=1,1,0))) -> 2 | M64: =B64+E64 -> 6 | N64: =C64+F64+I64 -> 2 | P64: =AE54 -> Giada Sciberras/Sophia Re | Q64: 4 | R64: =IF(Q64>Q66,1,0) -> 0 | T64: 6 | U64: =IF(T64>T66,1,0) -> 1 | W64: 10 | X64: =IF(W64>W66,1,0) -> 0 | Y64: =IF(Q64="",0,1) -> 1 | Z64: =IF(R64+U64=2,3,IF(R64+U64=1,1,0)) -> 1 | AA64: =IF(Z64=3,3,IF(X64+Z64=2,2,IF(Z64=1,1,0))) -> 1 | AB64: =Q64+T64 -> 10 | AC64: =R64+U64+X64 -> 1
A65: vs. | P65: vs.
A66: =AE56 -> Kaya Sammut/Leanne Sammut | B66: 6 | C66: =IF(B66>B64,1,0) -> 1 | E66: 4 | F66: =IF(E66>E64,1,0) -> 0 | H66: 7 | I66: =IF(H66>H64,1,0) -> 0 | J66: =IF(B66="",0,1) -> 1 | K66: =IF(C66+F66=2,3,IF(C66+F66=1,1,0)) -> 1 | L66: =IF(K66=3,3,IF(I66+K66=2,2,IF(K66=1,1,0))) -> 1 | M66: =B66+E66 -> 10 | N66: =C66+F66+I66 -> 1 | P66: =AE58 -> Mary Borg/Christine Scerri | Q66: 6 | R66: =IF(Q66>Q64,1,0) -> 1 | T66: 1 | U66: =IF(T66>T64,1,0) -> 0 | W66: 12 | X66: =IF(W66>W64,1,0) -> 1 | Y66: =IF(Q66="",0,1) -> 1 | Z66: =IF(R66+U66=2,3,IF(R66+U66=1,1,0)) -> 1 | AA66: =IF(Z66=3,3,IF(X66+Z66=2,2,IF(Z66=1,1,0))) -> 2 | AB66: =Q66+T66 -> 7 | AC66: =R66+U66+X66 -> 2
A68: =AE54 -> Giada Sciberras/Sophia Re | B68: 3 | C68: =IF(B68>B70,1,0) -> 0 | E68: 7 | F68: =IF(E68>E70,1,0) -> 1 | H68: 4 | I68: =IF(H68>H70,1,0) -> 0 | J68: =IF(B68="",0,1) -> 1 | K68: =IF(C68+F68=2,3,IF(C68+F68=1,1,0)) -> 1 | L68: =IF(K68=3,3,IF(I68+K68=2,2,IF(K68=1,1,0))) -> 1 | M68: =B68+E68 -> 10 | N68: =C68+F68+I68 -> 1
A69: vs.
A70: =AE60 -> Janice Galea/Nicole Lia | B70: 6 | C70: =IF(B70>B68,1,0) -> 1 | E70: 5 | F70: =IF(E70>E68,1,0) -> 0 | H70: 10 | I70: =IF(H70>H68,1,0) -> 1 | J70: =IF(B70="",0,1) -> 1 | K70: =IF(C70+F70=2,3,IF(C70+F70=1,1,0)) -> 1 | L70: =IF(K70=3,3,IF(I70+K70=2,2,IF(K70=1,1,0))) -> 2 | M70: =B70+E70 -> 11 | N70: =C70+F70+I70 -> 2
A72: =AE58 -> Mary Borg/Christine Scerri | B72: 3 | C72: =IF(B72>B74,1,0) -> 0 | E72: 6 | F72: =IF(E72>E74,1,0) -> 1 | H72: 6 | I72: =IF(H72>H74,1,0) -> 0 | J72: =IF(B72="",0,1) -> 1 | K72: =IF(C72+F72=2,3,IF(C72+F72=1,1,0)) -> 1 | L72: =IF(K72=3,3,IF(I72+K72=2,2,IF(K72=1,1,0))) -> 1 | M72: =B72+E72 -> 9 | N72: =C72+F72+I72 -> 1
A73: vs.
A74: =AE60 -> Janice Galea/Nicole Lia | B74: 6 | C74: =IF(B74>B72,1,0) -> 1 | E74: 4 | F74: =IF(E74>E72,1,0) -> 0 | H74: 10 | I74: =IF(H74>H72,1,0) -> 1 | J74: =IF(B74="",0,1) -> 1 | K74: =IF(C74+F74=2,3,IF(C74+F74=1,1,0)) -> 1 | L74: =IF(K74=3,3,IF(I74+K74=2,2,IF(K74=1,1,0))) -> 2 | M74: =B74+E74 -> 10 | N74: =C74+F74+I74 -> 2
P79: Final
P81: Players | Q81: Set Scores | W81: Tie
Q82: Score | R82: Set 1 Work | T82: Score | U82: Set 2 Work | W82: Score | X82: Tie Work | Y82: Game Played | Z82: Sets Points Work | AA82: Sets & Tie Points Work | AB82: Games Wins Work | AC82: Sets Wins Work
P83: Maria Ellul/Maria Angela Gambin | Q83: 3 | R83: =IF(Q83>Q85,1,0) -> 0 | T83: 2 | U83: =IF(T83>T85,1,0) -> 0 | X83: =IF(W83>W85,1,0) -> 0 | Y83: =IF(Q83="",0,1) -> 1 | Z83: =IF(R83+U83=2,3,IF(R83+U83=1,1,0)) -> 0 | AA83: =IF(Z83=3,3,IF(X83+Z83=2,2,IF(Z83=1,1,0))) -> 0 | AB83: =Q83+T83 -> 5 | AC83: =R83+U83+X83 -> 0
P84: vs.
P85: Kaya Sammut/Leanne Sammut | Q85: 6 | R85: =IF(Q85>Q83,1,0) -> 1 | T85: 6 | U85: =IF(T85>T83,1,0) -> 1 | X85: =IF(W85>W83,1,0) -> 0 | Y85: =IF(Q85="",0,1) -> 1 | Z85: =IF(R85+U85=2,3,IF(R85+U85=1,1,0)) -> 3 | AA85: =IF(Z85=3,3,IF(X85+Z85=2,2,IF(Z85=1,1,0))) -> 3 | AB85: =Q85+T85 -> 12 | AC85: =R85+U85+X85 -> 2
P87: Divison Winner
P88: =IF(AA83>AA85,P83,P85) -> Kaya Sammut/Leanne Sammut
P91: Divison Runner Up
P92: =IF(AA83<AA85,P83,P85) -> Maria Ellul/Maria Angela Gambin
