Workbook

Sheet Players
A1: Elektra Mixed Doubles 2023
B5: Division 1
A6: 1 | B6: Reuben Borg | C6: Erika Azzopardi
A7: 2 | B7: Adrian Chetcuti | C7: Ann Marie Mangion
A8: 3 | B8: Eric Roca | C8: Alison Muscat
A9: 4 | B9: Matthew Mifsud | C9: Lara Pule'
A10: 5 | B10: Duncan D'Alessandro | C10: Anthea Gauci
B12: Division 2
A13: 1 | B13: Keith Micallef | C13: Mirka Micallef
A14: 2 | B14: Melchior Farrugia | C14: Doriana Portelli
A15: 3 | B15: Adrian Manduca | C15: Julie Spiteri
A16: 4 | B16: Andrew Pule' | C16: Celeste Zammit Marquette
A17: 5 | B17: Daniel Falzon | C17: Amanda Falzon
A18: 6 | B18: Manuel Bonello | C18: Alexia Meilak Gouder
B20: Division 3
A21: 1 | B21: Gio Marcos | C21: Jennifer Roca
A22: 2 | B22: Gabriel Pace | C22: Kelsey Gauci
A23: 3 | B23: Cristian Andreozzi | C23: Luiza Andreozzi
A24: 4 | B24: George Grech | C24: Rowena Caruana
A25: 5 | B25: Chi Chi Canonce | C25: Yana Cachia
B27: Division 4
A28: 1 | B28: Willem Steenkamer | C28: Mariska Steenkamer
A29: 2 | B29: James Farrugia | C29: Nancy Wong
A30: 3 | B30: Kristen Cachia | C30: Francesca Sciortino
A31: 4 | B31: Luigi Porto | C31: Vanessa Azzopardi
A32: 5 | B32: Cyril Lastimosa | C32: Laureen Agius
A33: 6 | B33: Jayboy Lastimosa | C33: Ceridwen Scerri
B35: Division 5 - Group A | F35: Division 5 - Group B
A36: 1 | B36: Daniel Farrugia | C36: Diane Farrugia | E36: 1 | F36: Victor Rutter | G36: Jennifer Mifsud
A37: 2 | B37: David Camilleri | C37: Emma Camilleri | E37: 2 | F37: Ryan Ebejer | G37: Sophia Re
A38: 3 | B38: Maurice Borg | C38: Mary Borg | E38: 3 | F38: Matthew Micallef | G38: Josette D'Alessandro
A39: 4 | B39: Robert Attard | C39: Silvana Portelli | E39: 4 | F39: Karl Azzopardi | G39: Dawn Azzopardi
A40: 5 | B40: JP Sciberras | C40: Brenda Baldacchino | E40: 5 | F40: Jake Gatt | G40: Nicole Lia
A41: 6 | B41: Cory Greenland | C41: Marica Cassar | E41: 6 | F41: Dunstan Vella | G41: Heidi Tabone
B43: Division 6
A44: 1 | B44: Kevin Sciberras | C44: Giada Sciberras
A45: 2 | B45: Clayton Saliba Hersey | C45: Frances Saliba Hersey
A46: 3 | B46: Sean Cachia | C46: Daphne Vella
A47: 4 | B47: Dayle Scicluna | C47: Alida Borg
A48: 5 | B48: Sammy Ben Tamer | C48: Martina Murdocco
A49: 6 | B49: Juan Sammut | C49: Jade Sammut

Sheet Division 1
A1: Elektra Mixed Doubles 2023
A5: Division 1
A7: Players | B7: Set Scores | H7: Tie | P7: Players | Q7: Set Scores | W7: Tie | AE7: Player | AF7: Games | AG7: Points | AH7: Games Won | AI7: Sets Won
B8: Score | C8: Set 1 Work | E8: Score | F8: Set 2 Work | H8: Score | I8: Tie Work | J8: Game Played | K8: Sets Points Work | L8: Sets & Tie Points Work | M8: Games Wins Work | N8: Sets Wins Work | Q8: Score | R8: Set 1 Work | T8: Score | U8: Set 2 Work | W8: Score | X8: Tie Work | Y8: Game Played | Z8: Sets Points Work | AA8: Sets & Tie Points Work | AB8: Games Wins Work | AC8: Sets Wins Work | AJ8: Winner Working | AK8: Runner Up Working | AL8: Total Games Work | AM8: Winner | AN8: Runner Up
A9: =AE9 -> Reuben Borg / Erika Azzopardi | B9: 7 | C9: =IF(B9>B11,1,0) -> 1 | E9: 3 | F9: =IF(E9>E11,1,0) -> 0 | H9: 5 | I9: =IF(H9>H11,1,0) -> 0 | J9: =IF(B9="",0,1) -> 1 | K9: =IF(C9+F9=2,3,IF(C9+F9=1,1,0)) -> 1 | L9: =IF(K9=3,3,IF(I9+K9=2,2,IF(K9=1,1,0))) -> 1 | M9: =B9+E9 -> 10 | N9: =C9+F9+I9 -> 1 | P9: =AE9 -> Reuben Borg / Erika Azzopardi | Q9: 6 | R9: =IF(Q9>Q11,1,0) -> 1 | T9: 7 | U9: =IF(T9>T11,1,0) -> 1 | X9: =IF(W9>W11,1,0) -> 0 | Y9: =IF(Q9="",0,1) -> 1 | Z9: =IF(R9+U9=2,3,IF(R9+U9=1,1,0)) -> 3 | AA9: =IF(Z9=3,3,IF(X9+Z9=2,2,IF(Z9=1,1,0))) -> 3 | AB9: =Q9+T9 -> 13 | AC9: =R9+U9+X9 -> 2 | AE9: =Players!B6& " / " &Players!C6 -> Reuben Borg / Erika Azzopardi | AF9: =J17+Y9+J13+J9 -> 4 | AG9: =L17+AA9+L13+L9 -> 9 | AH9: =M17+AB9+M13+M9 -> 47 | AI9: =N17+AC9+N13+N9 -> 7 | AJ9: =MAX(AG9:AG17) -> 9 | AK9: =LARGE(AG9:AG17, 2) -> 9 | AL9: =SUM(AF9:AF17) -> 20 | AM9: =IF(AG9=$AJ$9,AE9,IF(AG11=$AJ$9,AE11,IF(AG13=$AJ$9,AE13,IF(AG15=$AJ$9,AE15,IF(AG17=$AJ$9,AE17,""))))) -> Reuben Borg / Erika Azzopardi | AN9: =IF(AG9=$AK$9,AE9,IF(AG11=$AK$9,AE11,IF(AG13=$AK$9,AE13,IF(AG15=$AK$9,AE15,IF(AG17=$AK$9,AE17,""))))) -> Reuben Borg / Erika Azzopardi
A10: vs. | P10: vs.
A11: =AE11 -> Adrian Chetcuti / Ann Marie Mangion | B11: 5 | C11: =IF(B11>B9,1,0) -> 0 | E11: 6 | F11: =IF(E11>E9,1,0) -> 1 | H11: 10 | I11: =IF(H11>H9,1,0) -> 1 | J11: =IF(B11="",0,1) -> 1 | K11: =IF(C11+F11=2,3,IF(C11+F11=1,1,0)) -> 1 | L11: =IF(K11=3,3,IF(I11+K11=2,2,IF(K11=1,1,0))) -> 2 | M11: =B11+E11 -> 11 | N11: =C11+F11+I11 -> 2 | P11: =AE15 -> Matthew Mifsud / Lara Pule' | Q11: 2 | R11: =IF(Q11>Q9,1,0) -> 0 | T11: 5 | U11: =IF(T11>T9,1,0) -> 0 | X11: =IF(W11>W9,1,0) -> 0 | Y11: =IF(Q11="",0,1) -> 1 | Z11: =IF(R11+U11=2,3,IF(R11+U11=1,1,0)) -> 0 | AA11: =IF(Z11=3,3,IF(X11+Z11=2,2,IF(Z11=1,1,0))) -> 0 | AB11: =Q11+T11 -> 7 | AC11: =R11+U11+X11 -> 0 | AE11: =Players!B7& " / " &Players!C7 -> Adrian Chetcuti / Ann Marie Mangion | AF11: =Y21+Y25+Y13+J11 -> 4 | AG11: =AA21+AA25+AA13+L11 -> 9 | AH11: =AB21+AB25+AB13+M11 -> 43 | AI11: =AC21+AC25+AC13+N11 -> 8
A13: =AE9 -> Reuben Borg / Erika Azzopardi | B13: 6 | C13: =IF(B13>B15,1,0) -> 1 | E13: 6 | F13: =IF(E13>E15,1,0) -> 0 | H13: 10 | I13: =IF(H13>H15,1,0) -> 1 | J13: =IF(B13="",0,1) -> 1 | K13: =IF(C13+F13=2,3,IF(C13+F13=1,1,0)) -> 1 | L13: =IF(K13=3,3,IF(I13+K13=2,2,IF(K13=1,1,0))) -> 2 | M13: =B13+E13 -> 12 | N13: =C13+F13+I13 -> 2 | P13: =AE11 -> Adrian Chetcuti / Ann Marie Mangion | Q13: 2 | R13: =IF(Q13>Q15,1,0) -> 0 | T13: 6 | U13: =IF(T13>T15,1,0) -> 1 | W13: 10 | X13: =IF(W13>W15,1,0) -> 1 | Y13: =IF(Q13="",0,1) -> 1 | Z13: =IF(R13+U13=2,3,IF(R13+U13=1,1,0)) -> 1 | AA13: =IF(Z13=3,3,IF(X13+Z13=2,2,IF(Z13=1,1,0))) -> 2 | AB13: =Q13+T13 -> 8 | AC13: =R13+U13+X13 -> 2 | AE13: =Players!B8& " / " &Players!C8 -> Eric Roca / Alison Muscat | AF13: =Y23+Y17+J15+J21 -> 4 | AG13: =AA23+AA17+L15+L21 -> 3 | AH13: =AB23+AB17+M15+M21 -> 32 | AI13: =AC23+AC17+N15+N21 -> 3
A14: vs. | P14: vs.
A15: =AE13 -> Eric Roca / Alison Muscat | B15: 3 | C15: =IF(B15>B13,1,0) -> 0 | E15: 7 | F15: =IF(E15>E13,1,0) -> 1 | H15: 4 | I15: =IF(H15>H13,1,0) -> 0 | J15: =IF(B15="",0,1) -> 1 | K15: =IF(C15+F15=2,3,IF(C15+F15=1,1,0)) -> 1 | L15: =IF(K15=3,3,IF(I15+K15=2,2,IF(K15=1,1,0))) -> 1 | M15: =B15+E15 -> 10 | N15: =C15+F15+I15 -> 1 | P15: =AE15 -> Matthew Mifsud / Lara Pule' | Q15: 6 | R15: =IF(Q15>Q13,1,0) -> 1 | T15: 4 | U15: =IF(T15>T13,1,0) -> 0 | W15: 7 | X15: =IF(W15>W13,1,0) -> 0 | Y15: =IF(Q15="",0,1) -> 1 | Z15: =IF(R15+U15=2,3,IF(R15+U15=1,1,0)) -> 1 | AA15: =IF(Z15=3,3,IF(X15+Z15=2,2,IF(Z15=1,1,0))) -> 1 | AB15: =Q15+T15 -> 10 | AC15: =R15+U15+X15 -> 1 | AE15: =Players!B9& " / " &Players!C9 -> Matthew Mifsud / Lara Pule' | AF15: =J25+Y19+Y11+Y15 -> 4 | AG15: =L25+AA19+AA11+AA15 -> 7 | AH15: =M25+AB19+AB11+AB15 -> 42 | AI15: =N25+AC19+AC11+AC15 -> 5
A17: =AE9 -> Reuben Borg / Erika Azzopardi | B17: 6 | C17: =IF(B17>B19,1,0) -> 1 | E17: 6 | F17: =IF(E17>E19,1,0) -> 1 | I17: =IF(H17>H19,1,0) -> 0 | J17: =IF(B17="",0,1) -> 1 | K17: =IF(C17+F17=2,3,IF(C17+F17=1,1,0)) -> 3 | L17: =IF(K17=3,3,IF(I17+K17=2,2,IF(K17=1,1,0))) -> 3 | M17: =B17+E17 -> 12 | N17: =C17+F17+I17 -> 2 | P17: =AE13 -> Eric Roca / Alison Muscat | Q17: 1 | R17: =IF(Q17>Q19,1,0) -> 0 | T17: 4 | U17: =IF(T17>T19,1,0) -> 0 | X17: =IF(W17>W19,1,0) -> 0 | Y17: =IF(Q17="",0,1) -> 1 | Z17: =IF(R17+U17=2,3,IF(R17+U17=1,1,0)) -> 0 | AA17: =IF(Z17=3,3,IF(X17+Z17=2,2,IF(Z17=1,1,0))) -> 0 | AB17: =Q17+T17 -> 5 | AC17: =R17+U17+X17 -> 0 | AE17: =Players!B10& " / " &Players!C10 -> Duncan D'Alessandro / Anthea Gauci | AF17: =J27+J19+Y27+J23 -> 4 | AG17: =L27+L19+AA27+L23 -> 2 | AH17: =M27+M19+AB27+M23 -> 34 | AI17: =N27+N19+AC27+N23 -> 2
A18: vs. | P18: vs.
A19: =AE17 -> Duncan D'Alessandro / Anthea Gauci | B19: 4 | C19: =IF(B19>B17,1,0) -> 0 | E19: 1 | F19: =IF(E19>E17,1,0) -> 0 | I19: =IF(H19>H17,1,0) -> 0 | J19: =IF(B19="",0,1) -> 1 | K19: =IF(C19+F19=2,3,IF(C19+F19=1,1,0)) -> 0 | L19: =IF(K19=3,3,IF(I19+K19=2,2,IF(K19=1,1,0))) -> 0 | M19: =B19+E19 -> 5 | N19: =C19+F19+I19 -> 0 | P19: =AE15 -> Matthew Mifsud / Lara Pule' | Q19: 6 | R19: =IF(Q19>Q17,1,0) -> 1 | T19: 6 | U19: =IF(T19>T17,1,0) -> 1 | X19: =IF(W19>W17,1,0) -> 0 | Y19: =IF(Q19="",0,1) -> 1 | Z19: =IF(R19+U19=2,3,IF(R19+U19=1,1,0)) -> 3 | AA19: =IF(Z19=3,3,IF(X19+Z19=2,2,IF(Z19=1,1,0))) -> 3 | AB19: =Q19+T19 -> 12 | AC19: =R19+U19+X19 -> 2
A21: =AE13 -> Eric Roca / Alison Muscat | B21: 6 | C21: =IF(B21>B23,1,0) -> 0 | E21: 6 | F21: =IF(E21>E23,1,0) -> 1 | H21: 10 | I21: =IF(H21>H23,1,0) -> 1 | J21: =IF(B21="",0,1) -> 1 | K21: =IF(C21+F21=2,3,IF(C21+F21=1,1,0)) -> 1 | L21: =IF(K21=3,3,IF(I21+K21=2,2,IF(K21=1,1,0))) -> 2 | M21: =B21+E21 -> 12 | N21: =C21+F21+I21 -> 2 | P21: =AE11 -> Adrian Chetcuti / Ann Marie Mangion | Q21: 6 | R21: =IF(Q21>Q23,1,0) -> 1 | T21: 6 | U21: =IF(T21>T23,1,0) -> 1 | X21: =IF(W21>W23,1,0) -> 0 | Y21: =IF(Q21="",0,1) -> 1 | Z21: =IF(R21+U21=2,3,IF(R21+U21=1,1,0)) -> 3 | AA21: =IF(Z21=3,3,IF(X21+Z21=2,2,IF(Z21=1,1,0))) -> 3 | AB21: =Q21+T21 -> 12 | AC21: =R21+U21+X21 -> 2 | AE21: Divison Winner
A22: vs. | P22: vs. | AE22: Adrian Chetcuti/Annemarie Mangion
A23: =AE17 -> Duncan D'Alessandro / Anthea Gauci | B23: 7 | C23: =IF(B23>B21,1,0) -> 1 | E23: 3 | F23: =IF(E23>E21,1,0) -> 0 | H23: 2 | I23: =IF(H23>H21,1,0) -> 0 | J23: =IF(B23="",0,1) -> 1 | K23: =IF(C23+F23=2,3,IF(C23+F23=1,1,0)) -> 1 | L23: =IF(K23=3,3,IF(I23+K23=2,2,IF(K23=1,1,0))) -> 1 | M23: =B23+E23 -> 10 | N23: =C23+F23+I23 -> 1 | P23: =AE13 -> Eric Roca / Alison Muscat | Q23: 1 | R23: =IF(Q23>Q21,1,0) -> 0 | T23: 4 | U23: =IF(T23>T21,1,0) -> 0 | X23: =IF(W23>W21,1,0) -> 0 | Y23: =IF(Q23="",0,1) -> 1 | Z23: =IF(R23+U23=2,3,IF(R23+U23=1,1,0)) -> 0 | AA23: =IF(Z23=3,3,IF(X23+Z23=2,2,IF(Z23=1,1,0))) -> 0 | AB23: =Q23+T23 -> 5 | AC23: =R23+U23+X23 -> 0
A25: =AE15 -> Matthew Mifsud / Lara Pule' | B25: 6 | C25: =IF(B25>B27,1,0) -> 1 | E25: 7 | F25: =IF(E25>E27,1,0) -> 1 | I25: =IF(H25>H27,1,0) -> 0 | J25: =IF(B25="",0,1) -> 1 | K25: =IF(C25+F25=2,3,IF(C25+F25=1,1,0)) -> 3 | L25: =IF(K25=3,3,IF(I25+K25=2,2,IF(K25=1,1,0))) -> 3 | M25: =B25+E25 -> 13 | N25: =C25+F25+I25 -> 2 | P25: =AE11 -> Adrian Chetcuti / Ann Marie Mangion | Q25: 6 | R25: =IF(Q25>Q27,1,0) -> 1 | T25: 6 | U25: =IF(T25>T27,1,0) -> 0 | W25: 10 | X25: =IF(W25>W27,1,0) -> 1 | Y25: =IF(Q25="",0,1) -> 1 | Z25: =IF(R25+U25=2,3,IF(R25+U25=1,1,0)) -> 1 | AA25: =IF(Z25=3,3,IF(X25+Z25=2,2,IF(Z25=1,1,0))) -> 2 | AB25: =Q25+T25 -> 12 | AC25: =R25+U25+X25 -> 2 | AE25: Divison Runner Up
A26: vs. | P26: vs. | AE26: =IF(AL9=20,AN9,"") -> Reuben Borg / Erika Azzopardi
A27: =AE17 -> Duncan D'Alessandro / Anthea Gauci | B27: 3 | C27: =IF(B27>B25,1,0) -> 0 | E27: 6 | F27: =IF(E27>E25,1,0) -> 0 | I27: =IF(H27>H25,1,0) -> 0 | J27: =IF(B27="",0,1) -> 1 | K27: =IF(C27+F27=2,3,IF(C27+F27=1,1,0)) -> 0 | L27: =IF(K27=3,3,IF(I27+K27=2,2,IF(K27=1,1,0))) -> 0 | M27: =B27+E27 -> 9 | N27: =C27+F27+I27 -> 0 | P27: =AE17 -> Duncan D'Alessandro / Anthea Gauci | Q27: 3 | R27: =IF(Q27>Q25,1,0) -> 0 | T27: 7 | U27: =IF(T27>T25,1,0) -> 1 | W27: 5 | X27: =IF(W27>W25,1,0) -> 0 | Y27: =IF(Q27="",0,1) -> 1 | Z27: =IF(R27+U27=2,3,IF(R27+U27=1,1,0)) -> 1 | AA27: =IF(Z27=3,3,IF(X27+Z27=2,2,IF(Z27=1,1,0))) -> 1 | AB27: =Q27+T27 -> 10 | AC27: =R27+U27+X27 -> 1

Sheet Division 2
A1: Elektra Mixed Doubles 2023
A5: Division 2
A7: Players | B7: Set Scores | H7: Tie | P7: Players | Q7: Set Scores | W7: Tie | AE7: Player | AF7: Games | AG7: Points | AH7: Games Won | AI7: Sets Won
B8: Score | C8: Set 1 Work | E8: Score | F8: Set 2 Work | H8: Score | I8: Tie Work | J8: Game Played | K8: Sets Points Work | L8: Sets & Tie Points Work | M8: Games Wins Work | N8: Sets Wins Work | Q8: Score | R8: Set 1 Work | T8: Score | U8: Set 2 Work | W8: Score | X8: Tie Work | Y8: Game Played | Z8: Sets Points Work | AA8: Sets & Tie Points Work | AB8: Games Wins Work | AC8: Sets Wins Work | AJ8: Winner Working | AK8: Runner Up Working | AL8: Total Games Work | AM8: Winner | AN8: Runner Up
A9: =AE9 -> Keith Micallef / Mirka Micallef | B9: 2 | C9: =IF(B9>B11,1,0) -> 0 | E9: 6 | F9: =IF(E9>E11,1,0) -> 1 | H9: 7 | I9: =IF(H9>H11,1,0) -> 0 | J9: =IF(B9="",0,1) -> 1 | K9: =IF(C9+F9=2,3,IF(C9+F9=1,1,0)) -> 1 | L9: =IF(K9=3,3,IF(I9+K9=2,2,IF(K9=1,1,0))) -> 1 | M9: =B9+E9 -> 8 | N9: =C9+F9+I9 -> 1 | P9: =AE9 -> Keith Micallef / Mirka Micallef | Q9: 6 | R9: =IF(Q9>Q11,1,0) -> 1 | T9: 6 | U9: =IF(T9>T11,1,0) -> 1 | X9: =IF(W9>W11,1,0) -> 0 | Y9: =IF(Q9="",0,1) -> 1 | Z9: =IF(R9+U9=2,3,IF(R9+U9=1,1,0)) -> 3 | AA9: =IF(Z9=3,3,IF(X9+Z9=2,2,IF(Z9=1,1,0))) -> 3 | AB9: =Q9+T9 -> 12 | AC9: =R9+U9+X9 -> 2 | AE9: =Players!B13& " / " &Players!C13 -> Keith Micallef / Mirka Micallef | AF9: =J9+Y9+J13+Y13+J17 -> 5 | AG9: =L9+AA9+L13+AA13+L17 -> 8 | AH9: =M9+AB9+M13+AB13+M17 -> 52 | AI9: =N9+AC9+N13+AC13+N17 -> 6 | AJ9: =MAX(AG9:AG19) -> 12 | AK9: =LARGE(AG9:AG19, 2) -> 12 | AL9: =SUM(AF9:AF19) -> 28 | AM9: =IF(AG9=$AJ$9,AE9,IF(AG11=$AJ$9,AE11,IF(AG13=$AJ$9,AE13,IF(AG15=$AJ$9,AE15,IF(AG17=$AJ$9,AE17,IF(AG19=$AJ$9,AE19,"")))))) -> Melchior Farrugia / Doriana Portelli | AN9: =IF(AG9=$AK$9,AE9,IF(AG11=$AK$9,AE11,IF(AG13=$AK$9,AE13,IF(AG15=$AK$9,AE15,IF(AG17=$AK$9,AE17,IF(AG19=$AK$9,AE19,"")))))) -> Melchior Farrugia / Doriana Portelli
A10: vs. | P10: vs.
A11: =AE11 -> Melchior Farrugia / Doriana Portelli | B11: 6 | C11: =IF(B11>B9,1,0) -> 1 | E11: 4 | F11: =IF(E11>E9,1,0) -> 0 | H11: 10 | I11: =IF(H11>H9,1,0) -> 1 | J11: =IF(B11="",0,1) -> 1 | K11: =IF(C11+F11=2,3,IF(C11+F11=1,1,0)) -> 1 | L11: =IF(K11=3,3,IF(I11+K11=2,2,IF(K11=1,1,0))) -> 2 | M11: =B11+E11 -> 10 | N11: =C11+F11+I11 -> 2 | P11: =AE13 -> Adrian Manduca / Julie Spiteri | Q11: 2 | R11: =IF(Q11>Q9,1,0) -> 0 | T11: 3 | U11: =IF(T11>T9,1,0) -> 0 | X11: =IF(W11>W9,1,0) -> 0 | Y11: =IF(Q11="",0,1) -> 1 | Z11: =IF(R11+U11=2,3,IF(R11+U11=1,1,0)) -> 0 | AA11: =IF(Z11=3,3,IF(X11+Z11=2,2,IF(Z11=1,1,0))) -> 0 | AB11: =Q11+T11 -> 5 | AC11: =R11+U11+X11 -> 0 | AE11: =Players!B14& " / " &Players!C14 -> Melchior Farrugia / Doriana Portelli | AF11: =J11+Y25+J21+Y21+Y17 -> 5 | AG11: =L11+AA25+L21+AA21+AA17 -> 12 | AH11: =M11+AB25+M21+AB21+AB17 -> 54 | AI11: =N11+AC25+N21+AC21+AC17 -> 10
A13: =AE9 -> Keith Micallef / Mirka Micallef | B13: 4 | C13: =IF(B13>B15,1,0) -> 0 | E13: 3 | F13: =IF(E13>E15,1,0) -> 0 | I13: =IF(H13>H15,1,0) -> 0 | J13: =IF(B13="",0,1) -> 1 | K13: =IF(C13+F13=2,3,IF(C13+F13=1,1,0)) -> 0 | L13: =IF(K13=3,3,IF(I13+K13=2,2,IF(K13=1,1,0))) -> 0 | M13: =B13+E13 -> 7 | N13: =C13+F13+I13 -> 0 | P13: =AE9 -> Keith Micallef / Mirka Micallef | Q13: 6 | R13: =IF(Q13>Q15,1,0) -> 0 | T13: 6 | U13: =IF(T13>T15,1,0) -> 1 | W13: 7 | X13: =IF(W13>W15,1,0) -> 0 | Y13: =IF(Q13="",0,1) -> 1 | Z13: =IF(R13+U13=2,3,IF(R13+U13=1,1,0)) -> 1 | AA13: =IF(Z13=3,3,IF(X13+Z13=2,2,IF(Z13=1,1,0))) -> 1 | AB13: =Q13+T13 -> 12 | AC13: =R13+U13+X13 -> 1 | AE13: =Players!B15& " / " &Players!C15 -> Adrian Manduca / Julie Spiteri | AF13: =Y29+Y11+Y33+J25+Y19 -> 4 | AG13: =AA29+AA11+AA33+L25+AA19 -> 0 | AH13: =AB29+AB11+AB33+M25+AB19 -> 17 | AI13: =AC29+AC11+AC33+N25+AC19 -> 0
A14: vs. | P14: vs.
A15: =AE15 -> Andrew Pule' / Celeste Zammit Marquette | B15: 6 | C15: =IF(B15>B13,1,0) -> 1 | E15: 6 | F15: =IF(E15>E13,1,0) -> 1 | I15: =IF(H15>H13,1,0) -> 0 | J15: =IF(B15="",0,1) -> 1 | K15: =IF(C15+F15=2,3,IF(C15+F15=1,1,0)) -> 3 | L15: =IF(K15=3,3,IF(I15+K15=2,2,IF(K15=1,1,0))) -> 3 | M15: =B15+E15 -> 12 | N15: =C15+F15+I15 -> 2 | P15: =AE17 -> Daniel Falzon / Amanda Falzon | Q15: 7 | R15: =IF(Q15>Q13,1,0) -> 1 | T15: 0 | U15: =IF(T15>T13,1,0) -> 0 | W15: 10 | X15: =IF(W15>W13,1,0) -> 1 | Y15: =IF(Q15="",0,1) -> 1 | Z15: =IF(R15+U15=2,3,IF(R15+U15=1,1,0)) -> 1 | AA15: =IF(Z15=3,3,IF(X15+Z15=2,2,IF(Z15=1,1,0))) -> 2 | AB15: =Q15+T15 -> 7 | AC15: =R15+U15+X15 -> 2 | AE15: =Players!B16& " / " &Players!C16 -> Andrew Pule' / Celeste Zammit Marquette | AF15: =Y31+J37+J15+Y23+J29 -> 5 | AG15: =AA31+L37+L15+AA23+L29 -> 12 | AH15: =AB31+M37+M15+AB23+M29 -> 58 | AI15: =AC31+N37+N15+AC23+N29 -> 8
A17: =AE9 -> Keith Micallef / Mirka Micallef | B17: 6 | C17: =IF(B17>B19,1,0) -> 1 | E17: 7 | F17: =IF(E17>E19,1,0) -> 1 | I17: =IF(H17>H19,1,0) -> 0 | J17: =IF(B17="",0,1) -> 1 | K17: =IF(C17+F17=2,3,IF(C17+F17=1,1,0)) -> 3 | L17: =IF(K17=3,3,IF(I17+K17=2,2,IF(K17=1,1,0))) -> 3 | M17: =B17+E17 -> 13 | N17: =C17+F17+I17 -> 2 | P17: =AE11 -> Melchior Farrugia / Doriana Portelli | Q17: 6 | R17: =IF(Q17>Q19,1,0) -> 1 | T17: 6 | U17: =IF(T17>T19,1,0) -> 1 | X17: =IF(W17>W19,1,0) -> 0 | Y17: =IF(Q17="",0,1) -> 1 | Z17: =IF(R17+U17=2,3,IF(R17+U17=1,1,0)) -> 3 | AA17: =IF(Z17=3,3,IF(X17+Z17=2,2,IF(Z17=1,1,0))) -> 3 | AB17: =Q17+T17 -> 12 | AC17: =R17+U17+X17 -> 2 | AE17: =Players!B17& " / " &Players!C17 -> Daniel Falzon / Amanda Falzon | AF17: =J33+J39+J23+Y15+J27 -> 4 | AG17: =L33+L39+L23+AA15+L27 -> 3 | AH17: =M33+M39+M23+AB15+M27 -> 29 | AI17: =N33+N39+N23+AC15+N27 -> 3
A18: vs. | P18: vs.
A19: =AE19 -> Manuel Bonello / Alexia Meilak Gouder | B19: 4 | C19: =IF(B19>B17,1,0) -> 0 | E19: 5 | F19: =IF(E19>E17,1,0) -> 0 | I19: =IF(H19>H17,1,0) -> 0 | J19: =IF(B19="",0,1) -> 1 | K19: =IF(C19+F19=2,3,IF(C19+F19=1,1,0)) -> 0 | L19: =IF(K19=3,3,IF(I19+K19=2,2,IF(K19=1,1,0))) -> 0 | M19: =B19+E19 -> 9 | N19: =C19+F19+I19 -> 0 | P19: =AE13 -> Adrian Manduca / Julie Spiteri | Q19: 2 | R19: =IF(Q19>Q17,1,0) -> 0 | T19: 1 | U19: =IF(T19>T17,1,0) -> 0 | X19: =IF(W19>W17,1,0) -> 0 | Y19: =IF(Q19="",0,1) -> 1 | Z19: =IF(R19+U19=2,3,IF(R19+U19=1,1,0)) -> 0 | AA19: =IF(Z19=3,3,IF(X19+Z19=2,2,IF(Z19=1,1,0))) -> 0 | AB19: =Q19+T19 -> 3 | AC19: =R19+U19+X19 -> 0 | AE19: =Players!B18& " / " &Players!C18 -> Manuel Bonello / Alexia Meilak Gouder | AF19: =J35+Y27+Y35+J19+J31 -> 5 | AG19: =L35+AA27+AA35+L19+L31 -> 7 | AH19: =M35+AB27+AB35+M19+M31 -> 52 | AI19: =N35+AC27+AC35+N19+N31 -> 5
A21: =AE11 -> Melchior Farrugia / Doriana Portelli | B21: 6 | C21: =IF(B21>B23,1,0) -> 1 | E21: 4 | F21: =IF(E21>E23,1,0) -> 0 | H21: 10 | I21: =IF(H21>H23,1,0) -> 1 | J21: =IF(B21="",0,1) -> 1 | K21: =IF(C21+F21=2,3,IF(C21+F21=1,1,0)) -> 1 | L21: =IF(K21=3,3,IF(I21+K21=2,2,IF(K21=1,1,0))) -> 2 | M21: =B21+E21 -> 10 | N21: =C21+F21+I21 -> 2 | P21: =AE11 -> Melchior Farrugia / Doriana Portelli | Q21: 7 | R21: =IF(Q21>Q23,1,0) -> 1 | T21: 6 | U21: =IF(T21>T23,1,0) -> 1 | X21: =IF(W21>W23,1,0) -> 0 | Y21: =IF(Q21="",0,1) -> 1 | Z21: =IF(R21+U21=2,3,IF(R21+U21=1,1,0)) -> 3 | AA21: =IF(Z21=3,3,IF(X21+Z21=2,2,IF(Z21=1,1,0))) -> 3 | AB21: =Q21+T21 -> 13 | AC21: =R21+U21+X21 -> 2 | AE21: Divison Winner
A22: vs. | P22: vs. | AE22: Melchior Farrugia/Doriana Portellil
A23: =AE17 -> Daniel Falzon / Amanda Falzon | B23: 1 | C23: =IF(B23>B21,1,0) -> 0 | E23: 6 | F23: =IF(E23>E21,1,0) -> 1 | H23: 3 | I23: =IF(H23>H21,1,0) -> 0 | J23: =IF(B23="",0,1) -> 1 | K23: =IF(C23+F23=2,3,IF(C23+F23=1,1,0)) -> 1 | L23: =IF(K23=3,3,IF(I23+K23=2,2,IF(K23=1,1,0))) -> 1 | M23: =B23+E23 -> 7 | N23: =C23+F23+I23 -> 1 | P23: =AE15 -> Andrew Pule' / Celeste Zammit Marquette | Q23: 5 | R23: =IF(Q23>Q21,1,0) -> 0 | T23: 3 | U23: =IF(T23>T21,1,0) -> 0 | X23: =IF(W23>W21,1,0) -> 0 | Y23: =IF(Q23="",0,1) -> 1 | Z23: =IF(R23+U23=2,3,IF(R23+U23=1,1,0)) -> 0 | AA23: =IF(Z23=3,3,IF(X23+Z23=2,2,IF(Z23=1,1,0))) -> 0 | AB23: =Q23+T23 -> 8 | AC23: =R23+U23+X23 -> 0
A25: =AE13 -> Adrian Manduca / Julie Spiteri | C25: =IF(B25>B27,1,0) -> 0 | F25: =IF(E25>E27,1,0) -> 0 | I25: =IF(H25>H27,1,0) -> 0 | J25: =IF(B25="",0,1) -> 0 | K25: =IF(C25+F25=2,3,IF(C25+F25=1,1,0)) -> 0 | L25: =IF(K25=3,3,IF(I25+K25=2,2,IF(K25=1,1,0))) -> 0 | M25: =B25+E25 -> 0 | N25: =C25+F25+I25 -> 0 | P25: =AE11 -> Melchior Farrugia / Doriana Portelli | Q25: 6 | R25: =IF(Q25>Q27,1,0) -> 1 | T25: 3 | U25: =IF(T25>T27,1,0) -> 0 | W25: 10 | X25: =IF(W25>W27,1,0) -> 1 | Y25: =IF(Q25="",0,1) -> 1 | Z25: =IF(R25+U25=2,3,IF(R25+U25=1,1,0)) -> 1 | AA25: =IF(Z25=3,3,IF(X25+Z25=2,2,IF(Z25=1,1,0))) -> 2 | AB25: =Q25+T25 -> 9 | AC25: =R25+U25+X25 -> 2 | AE25: Divison Runner Up
A26: vs. | P26: vs. | AE26: Andrew Pule'/Celeste Zammit Marquette
A27: =AE17 -> Daniel Falzon / Amanda Falzon | C27: =IF(B27>B25,1,0) -> 0 | F27: =IF(E27>E25,1,0) -> 0 | I27: =IF(H27>H25,1,0) -> 0 | J27: =IF(B27="",0,1) -> 0 | K27: =IF(C27+F27=2,3,IF(C27+F27=1,1,0)) -> 0 | L27: =IF(K27=3,3,IF(I27+K27=2,2,IF(K27=1,1,0))) -> 0 | M27: =B27+E27 -> 0 | N27: =C27+F27+I27 -> 0 | P27: =AE19 -> Manuel Bonello / Alexia Meilak Gouder | Q27: 4 | R27: =IF(Q27>Q25,1,0) -> 0 | T27: 6 | U27: =IF(T27>T25,1,0) -> 1 | W27: 6 | X27: =IF(W27>W25,1,0) -> 0 | Y27: =IF(Q27="",0,1) -> 1 | Z27: =IF(R27+U27=2,3,IF(R27+U27=1,1,0)) -> 1 | AA27: =IF(Z27=3,3,IF(X27+Z27=2,2,IF(Z27=1,1,0))) -> 1 | AB27: =Q27+T27 -> 10 | AC27: =R27+U27+X27 -> 1
A29: =AE15 -> Andrew Pule' / Celeste Zammit Marquette | B29: 7 | C29: =IF(B29>B31,1,0) -> 1 | E29: 6 | F29: =IF(E29>E31,1,0) -> 1 | I29: =IF(H29>H31,1,0) -> 0 | J29: =IF(B29="",0,1) -> 1 | K29: =IF(C29+F29=2,3,IF(C29+F29=1,1,0)) -> 3 | L29: =IF(K29=3,3,IF(I29+K29=2,2,IF(K29=1,1,0))) -> 3 | M29: =B29+E29 -> 13 | N29: =C29+F29+I29 -> 2 | P29: =AE13 -> Adrian Manduca / Julie Spiteri | Q29: 2 | R29: =IF(Q29>Q31,1,0) -> 0 | T29: 5 | U29: =IF(T29>T31,1,0) -> 0 | X29: =IF(W29>W31,1,0) -> 0 | Y29: =IF(Q29="",0,1) -> 1 | Z29: =IF(R29+U29=2,3,IF(R29+U29=1,1,0)) -> 0 | AA29: =IF(Z29=3,3,IF(X29+Z29=2,2,IF(Z29=1,1,0))) -> 0 | AB29: =Q29+T29 -> 7 | AC29: =R29+U29+X29 -> 0
A30: vs. | P30: vs.
A31: =AE19 -> Manuel Bonello / Alexia Meilak Gouder | B31: 5 | C31: =IF(B31>B29,1,0) -> 0 | E31: 3 | F31: =IF(E31>E29,1,0) -> 0 | I31: =IF(H31>H29,1,0) -> 0 | J31: =IF(B31="",0,1) -> 1 | K31: =IF(C31+F31=2,3,IF(C31+F31=1,1,0)) -> 0 | L31: =IF(K31=3,3,IF(I31+K31=2,2,IF(K31=1,1,0))) -> 0 | M31: =B31+E31 -> 8 | N31: =C31+F31+I31 -> 0 | P31: =AE15 -> Andrew Pule' / Celeste Zammit Marquette | Q31: 6 | R31: =IF(Q31>Q29,1,0) -> 1 | T31: 7 | U31: =IF(T31>T29,1,0) -> 1 | X31: =IF(W31>W29,1,0) -> 0 | Y31: =IF(Q31="",0,1) -> 1 | Z31: =IF(R31+U31=2,3,IF(R31+U31=1,1,0)) -> 3 | AA31: =IF(Z31=3,3,IF(X31+Z31=2,2,IF(Z31=1,1,0))) -> 3 | AB31: =Q31+T31 -> 13 | AC31: =R31+U31+X31 -> 2
A33: =AE17 -> Daniel Falzon / Amanda Falzon | B33: 3 | C33: =IF(B33>B35,1,0) -> 0 | E33: 5 | F33: =IF(E33>E35,1,0) -> 0 | I33: =IF(H33>H35,1,0) -> 0 | J33: =IF(B33="",0,1) -> 1 | K33: =IF(C33+F33=2,3,IF(C33+F33=1,1,0)) -> 0 | L33: =IF(K33=3,3,IF(I33+K33=2,2,IF(K33=1,1,0))) -> 0 | M33: =B33+E33 -> 8 | N33: =C33+F33+I33 -> 0 | P33: =AE13 -> Adrian Manduca / Julie Spiteri | Q33: 1 | R33: =IF(Q33>Q35,1,0) -> 0 | T33: 1 | U33: =IF(T33>T35,1,0) -> 0 | X33: =IF(W33>W35,1,0) -> 0 | Y33: =IF(Q33="",0,1) -> 1 | Z33: =IF(R33+U33=2,3,IF(R33+U33=1,1,0)) -> 0 | AA33: =IF(Z33=3,3,IF(X33+Z33=2,2,IF(Z33=1,1,0))) -> 0 | AB33: =Q33+T33 -> 2 | AC33: =R33+U33+X33 -> 0
A34: vs. | P34: vs.
A35: =AE19 -> Manuel Bonello / Alexia Meilak Gouder | B35: 6 | C35: =IF(B35>B33,1,0) -> 1 | E35: 7 | F35: =IF(E35>E33,1,0) -> 1 | I35: =IF(H35>H33,1,0) -> 0 | J35: =IF(B35="",0,1) -> 1 | K35: =IF(C35+F35=2,3,IF(C35+F35=1,1,0)) -> 3 | L35: =IF(K35=3,3,IF(I35+K35=2,2,IF(K35=1,1,0))) -> 3 | M35: =B35+E35 -> 13 | N35: =C35+F35+I35 -> 2 | P35: =AE19 -> Manuel Bonello / Alexia Meilak Gouder | Q35: 6 | R35: =IF(Q35>Q33,1,0) -> 1 | T35: 6 | U35: =IF(T35>T33,1,0) -> 1 | X35: =IF(W35>W33,1,0) -> 0 | Y35: =IF(Q35="",0,1) -> 1 | Z35: =IF(R35+U35=2,3,IF(R35+U35=1,1,0)) -> 3 | AA35: =IF(Z35=3,3,IF(X35+Z35=2,2,IF(Z35=1,1,0))) -> 3 | AB35: =Q35+T35 -> 12 | AC35: =R35+U35+X35 -> 2
A37: =AE15 -> Andrew Pule' / Celeste Zammit Marquette | B37: 6 | C37: =IF(B37>B39,1,0) -> 1 | E37: 6 | F37: =IF(E37>E39,1,0) -> 1 | I37: =IF(H37>H39,1,0) -> 0 | J37: =IF(B37="",0,1) -> 1 | K37: =IF(C37+F37=2,3,IF(C37+F37=1,1,0)) -> 3 | L37: =IF(K37=3,3,IF(I37+K37=2,2,IF(K37=1,1,0))) -> 3 | M37: =B37+E37 -> 12 | N37: =C37+F37+I37 -> 2
A38: vs.
A39: =AE17 -> Daniel Falzon / Amanda Falzon | B39: 3 | C39: =IF(B39>B37,1,0) -> 0 | E39: 4 | F39: =IF(E39>E37,1,0) -> 0 | I39: =IF(H39>H37,1,0) -> 0 | J39: =IF(B39="",0,1) -> 1 | K39: =IF(C39+F39=2,3,IF(C39+F39=1,1,0)) -> 0 | L39: =IF(K39=3,3,IF(I39+K39=2,2,IF(K39=1,1,0))) -> 0 | M39: =B39+E39 -> 7 | N39: =C39+F39+I39 -> 0

Sheet Division 3
A1: Elektra Mixed Doubles 2023
A5: Division 3
A7: Players | B7: Set Scores | H7: Tie | P7: Players | Q7: Set Scores | W7: Tie | AE7: Player | AF7: Games | AG7: Points | AH7: Games Won | AI7: Sets Won
B8: Score | C8: Set 1 Work | E8: Score | F8: Set 2 Work | H8: Score | I8: Tie Work | J8: Game Played | K8: Sets Points Work | L8: Sets & Tie Points Work | M8: Games Wins Work | N8: Sets Wins Work | Q8: Score | R8: Set 1 Work | T8: Score | U8: Set 2 Work | W8: Score | X8: Tie Work | Y8: Game Played | Z8: Sets Points Work | AA8: Sets & Tie Points Work | AB8: Games Wins Work | AC8: Sets Wins Work | AJ8: Winner Working | AK8: Runner Up Working | AL8: Total Games Work | AM8: Winner | AN8: Runner Up
A9: =AE9 -> Gio Marcos / Jennifer Roca | B9: 4 | C9: =IF(B9>B11,1,0) -> 0 | E9: 3 | F9: =IF(E9>E11,1,0) -> 0 | I9: =IF(H9>H11,1,0) -> 0 | J9: =IF(B9="",0,1) -> 1 | K9: =IF(C9+F9=2,3,IF(C9+F9=1,1,0)) -> 0 | L9: =IF(K9=3,3,IF(I9+K9=2,2,IF(K9=1,1,0))) -> 0 | M9: =B9+E9 -> 7 | N9: =C9+F9+I9 -> 0 | P9: =AE9 -> Gio Marcos / Jennifer Roca | Q9: 6 | R9: =IF(Q9>Q11,1,0) -> 1 | T9: 4 | U9: =IF(T9>T11,1,0) -> 0 | W9: 10 | X9: =IF(W9>W11,1,0) -> 1 | Y9: =IF(Q9="",0,1) -> 1 | Z9: =IF(R9+U9=2,3,IF(R9+U9=1,1,0)) -> 1 | AA9: =IF(Z9=3,3,IF(X9+Z9=2,2,IF(Z9=1,1,0))) -> 2 | AB9: =Q9+T9 -> 10 | AC9: =R9+U9+X9 -> 2 | AE9: =Players!B21& " / " &Players!C21 -> Gio Marcos / Jennifer Roca | AF9: =J9+Y9+J13+Y13 -> 4 | AG9: =L9+AA9+L13+AA13 -> 6 | AH9: =M9+AB9+M13+AB13 -> 40 | AI9: =N9+AC9+N13+AC13 -> 5 | AJ9: =MAX(AG9:AG17) -> 10 | AK9: =LARGE(AG9:AG17, 2) -> 7 | AL9: =SUM(AF9:AF17) -> 20 | AM9: =IF(AG9=$AJ$9,AE9,IF(AG11=$AJ$9,AE11,IF(AG13=$AJ$9,AE13,IF(AG15=$AJ$9,AE15,IF(AG17=$AJ$9,AE17,""))))) -> Chi Chi Canonce / Yana Cachia | AN9: =IF(AG9=$AK$9,AE9,IF(AG11=$AK$9,AE11,IF(AG13=$AK$9,AE13,IF(AG15=$AK$9,AE15,IF(AG17=$AK$9,AE17,""))))) -> Gabriel Pace / Kelsey Gauci
A10: vs. | P10: vs.
A11: =AE11 -> Gabriel Pace / Kelsey Gauci | B11: 6 | C11: =IF(B11>B9,1,0) -> 1 | E11: 6 | F11: =IF(E11>E9,1,0) -> 1 | I11: =IF(H11>H9,1,0) -> 0 | J11: =IF(B11="",0,1) -> 1 | K11: =IF(C11+F11=2,3,IF(C11+F11=1,1,0)) -> 3 | L11: =IF(K11=3,3,IF(I11+K11=2,2,IF(K11=1,1,0))) -> 3 | M11: =B11+E11 -> 12 | N11: =C11+F11+I11 -> 2 | P11: =AE13 -> Cristian Andreozzi / Luiza Andreozzi | Q11: 3 | R11: =IF(Q11>Q9,1,0) -> 0 | T11: 6 | U11: =IF(T11>T9,1,0) -> 1 | W11: 6 | X11: =IF(W11>W9,1,0) -> 0 | Y11: =IF(Q11="",0,1) -> 1 | Z11: =IF(R11+U11=2,3,IF(R11+U11=1,1,0)) -> 1 | AA11: =IF(Z11=3,3,IF(X11+Z11=2,2,IF(Z11=1,1,0))) -> 1 | AB11: =Q11+T11 -> 9 | AC11: =R11+U11+X11 -> 1 | AE11: =Players!B22& " / " &Players!C22 -> Gabriel Pace / Kelsey Gauci | AF11: =J11+J21+Y17+J17 -> 4 | AG11: =L11+L21+AA17+L17 -> 7 | AH11: =M11+M21+AB17+M17 -> 34 | AI11: =N11+N21+AC17+N17 -> 5
A13: =AE9 -> Gio Marcos / Jennifer Roca | B13: 7 | C13: =IF(B13>B15,1,0) -> 1 | E13: 6 | F13: =IF(E13>E15,1,0) -> 1 | I13: =IF(H13>H15,1,0) -> 0 | J13: =IF(B13="",0,1) -> 1 | K13: =IF(C13+F13=2,3,IF(C13+F13=1,1,0)) -> 3 | L13: =IF(K13=3,3,IF(I13+K13=2,2,IF(K13=1,1,0))) -> 3 | M13: =B13+E13 -> 13 | N13: =C13+F13+I13 -> 2 | P13: =AE9 -> Gio Marcos / Jennifer Roca | Q13: 6 | R13: =IF(Q13>Q15,1,0) -> 1 | T13: 4 | U13: =IF(T13>T15,1,0) -> 0 | W13: 7 | X13: =IF(W13>W15,1,0) -> 0 | Y13: =IF(Q13="",0,1) -> 1 | Z13: =IF(R13+U13=2,3,IF(R13+U13=1,1,0)) -> 1 | AA13: =IF(Z13=3,3,IF(X13+Z13=2,2,IF(Z13=1,1,0))) -> 1 | AB13: =Q13+T13 -> 10 | AC13: =R13+U13+X13 -> 1 | AE13: =Players!B23& " / " &Players!C23 -> Cristian Andreozzi / Luiza Andreozzi | AF13: =Y21+Y11+J25+J19 -> 4 | AG13: =AA21+AA11+L25+L19 -> 7 | AH13: =AB21+AB11+M25+M19 -> 40 | AI13: =AC21+AC11+N25+N19 -> 6
A14: vs. | O14: Ret | P14: vs.
A15: =AE15 -> George Grech / Rowena Caruana | B15: 5 | C15: =IF(B15>B13,1,0) -> 0 | E15: 0 | F15: =IF(E15>E13,1,0) -> 0 | I15: =IF(H15>H13,1,0) -> 0 | J15: =IF(B15="",0,1) -> 1 | K15: =IF(C15+F15=2,3,IF(C15+F15=1,1,0)) -> 0 | L15: =IF(K15=3,3,IF(I15+K15=2,2,IF(K15=1,1,0))) -> 0 | M15: =B15+E15 -> 5 | N15: =C15+F15+I15 -> 0 | P15: =AE17 -> Chi Chi Canonce / Yana Cachia | Q15: 3 | R15: =IF(Q15>Q13,1,0) -> 0 | T15: 6 | U15: =IF(T15>T13,1,0) -> 1 | W15: 10 | X15: =IF(W15>W13,1,0) -> 1 | Y15: =IF(Q15="",0,1) -> 1 | Z15: =IF(R15+U15=2,3,IF(R15+U15=1,1,0)) -> 1 | AA15: =IF(Z15=3,3,IF(X15+Z15=2,2,IF(Z15=1,1,0))) -> 2 | AB15: =Q15+T15 -> 9 | AC15: =R15+U15+X15 -> 2 | AE15: =Players!B24& " / " &Players!C24 -> George Grech / Rowena Caruana | AF15: =Y23+J29+J15+Y19 -> 4 | AG15: =AA23+L29+L15+AA19 -> 0 | AH15: =AB23+M29+M15+AB19 -> 18 | AI15: =AC23+N29+N15+AC19 -> 0
A17: =AE11 -> Gabriel Pace / Kelsey Gauci | B17: 6 | C17: =IF(B17>B19,1,0) -> 1 | E17: 3 | F17: =IF(E17>E19,1,0) -> 0 | H17: 4 | I17: =IF(H17>H19,1,0) -> 0 | J17: =IF(B17="",0,1) -> 1 | K17: =IF(C17+F17=2,3,IF(C17+F17=1,1,0)) -> 1 | L17: =IF(K17=3,3,IF(I17+K17=2,2,IF(K17=1,1,0))) -> 1 | M17: =B17+E17 -> 9 | N17: =C17+F17+I17 -> 1 | P17: =AE11 -> Gabriel Pace / Kelsey Gauci | Q17: 6 | R17: =IF(Q17>Q19,1,0) -> 1 | T17: 6 | U17: =IF(T17>T19,1,0) -> 1 | X17: =IF(W17>W19,1,0) -> 0 | Y17: =IF(Q17="",0,1) -> 1 | Z17: =IF(R17+U17=2,3,IF(R17+U17=1,1,0)) -> 3 | AA17: =IF(Z17=3,3,IF(X17+Z17=2,2,IF(Z17=1,1,0))) -> 3 | AB17: =Q17+T17 -> 12 | AC17: =R17+U17+X17 -> 2 | AE17: =Players!B25& " / " &Players!C25 -> Chi Chi Canonce / Yana Cachia | AF17: =J31+J23+Y15+J27 -> 4 | AG17: =L31+L23+AA15+L27 -> 10 | AH17: =M31+M23+AB15+M27 -> 41 | AI17: =N31+N23+AC15+N27 -> 8
A18: vs. | P18: vs.
A19: =AE13 -> Cristian Andreozzi / Luiza Andreozzi | B19: 4 | C19: =IF(B19>B17,1,0) -> 0 | E19: 6 | F19: =IF(E19>E17,1,0) -> 1 | H19: 10 | I19: =IF(H19>H17,1,0) -> 1 | J19: =IF(B19="",0,1) -> 1 | K19: =IF(C19+F19=2,3,IF(C19+F19=1,1,0)) -> 1 | L19: =IF(K19=3,3,IF(I19+K19=2,2,IF(K19=1,1,0))) -> 2 | M19: =B19+E19 -> 10 | N19: =C19+F19+I19 -> 2 | P19: =AE15 -> George Grech / Rowena Caruana | Q19: 2 | R19: =IF(Q19>Q17,1,0) -> 0 | T19: 4 | U19: =IF(T19>T17,1,0) -> 0 | X19: =IF(W19>W17,1,0) -> 0 | Y19: =IF(Q19="",0,1) -> 1 | Z19: =IF(R19+U19=2,3,IF(R19+U19=1,1,0)) -> 0 | AA19: =IF(Z19=3,3,IF(X19+Z19=2,2,IF(Z19=1,1,0))) -> 0 | AB19: =Q19+T19 -> 6 | AC19: =R19+U19+X19 -> 0
A21: =AE11 -> Gabriel Pace / Kelsey Gauci | B21: 0 | C21: =IF(B21>B23,1,0) -> 0 | E21: 1 | F21: =IF(E21>E23,1,0) -> 0 | I21: =IF(H21>H23,1,0) -> 0 | J21: =IF(B21="",0,1) -> 1 | K21: =IF(C21+F21=2,3,IF(C21+F21=1,1,0)) -> 0 | L21: =IF(K21=3,3,IF(I21+K21=2,2,IF(K21=1,1,0))) -> 0 | M21: =B21+E21 -> 1 | N21: =C21+F21+I21 -> 0 | P21: =AE13 -> Cristian Andreozzi / Luiza Andreozzi | Q21: 6 | R21: =IF(Q21>Q23,1,0) -> 1 | T21: 6 | U21: =IF(T21>T23,1,0) -> 1 | X21: =IF(W21>W23,1,0) -> 0 | Y21: =IF(Q21="",0,1) -> 1 | Z21: =IF(R21+U21=2,3,IF(R21+U21=1,1,0)) -> 3 | AA21: =IF(Z21=3,3,IF(X21+Z21=2,2,IF(Z21=1,1,0))) -> 3 | AB21: =Q21+T21 -> 12 | AC21: =R21+U21+X21 -> 2 | AE21: Divison Winner
A22: vs. | P22: vs. | AE22: =IF(AL9=20,AM9,"") -> Chi Chi Canonce / Yana Cachia
A23: =AE17 -> Chi Chi Canonce / Yana Cachia | B23: 6 | C23: =IF(B23>B21,1,0) -> 1 | E23: 6 | F23: =IF(E23>E21,1,0) -> 1 | I23: =IF(H23>H21,1,0) -> 0 | J23: =IF(B23="",0,1) -> 1 | K23: =IF(C23+F23=2,3,IF(C23+F23=1,1,0)) -> 3 | L23: =IF(K23=3,3,IF(I23+K23=2,2,IF(K23=1,1,0))) -> 3 | M23: =B23+E23 -> 12 | N23: =C23+F23+I23 -> 2 | P23: =AE15 -> George Grech / Rowena Caruana | Q23: 0 | R23: =IF(Q23>Q21,1,0) -> 0 | T23: 3 | U23: =IF(T23>T21,1,0) -> 0 | X23: =IF(W23>W21,1,0) -> 0 | Y23: =IF(Q23="",0,1) -> 1 | Z23: =IF(R23+U23=2,3,IF(R23+U23=1,1,0)) -> 0 | AA23: =IF(Z23=3,3,IF(X23+Z23=2,2,IF(Z23=1,1,0))) -> 0 | AB23: =Q23+T23 -> 3 | AC23: =R23+U23+X23 -> 0
A25: =AE13 -> Cristian Andreozzi / Luiza Andreozzi | B25: 3 | C25: =IF(B25>B27,1,0) -> 0 | E25: 6 | F25: =IF(E25>E27,1,0) -> 1 | H25: 9 | I25: =IF(H25>H27,1,0) -> 0 | J25: =IF(B25="",0,1) -> 1 | K25: =IF(C25+F25=2,3,IF(C25+F25=1,1,0)) -> 1 | L25: =IF(K25=3,3,IF(I25+K25=2,2,IF(K25=1,1,0))) -> 1 | M25: =B25+E25 -> 9 | N25: =C25+F25+I25 -> 1 | AE25: Divison Runner Up
A26: vs. | AE26: Cristian Andreozzi/Luiza Andreozzi
A27: =AE17 -> Chi Chi Canonce / Yana Cachia | B27: 6 | C27: =IF(B27>B25,1,0) -> 1 | E27: 2 | F27: =IF(E27>E25,1,0) -> 0 | H27: 11 | I27: =IF(H27>H25,1,0) -> 1 | J27: =IF(B27="",0,1) -> 1 | K27: =IF(C27+F27=2,3,IF(C27+F27=1,1,0)) -> 1 | L27: =IF(K27=3,3,IF(I27+K27=2,2,IF(K27=1,1,0))) -> 2 | M27: =B27+E27 -> 8 | N27: =C27+F27+I27 -> 2
A29: =AE15 -> George Grech / Rowena Caruana | B29: 3 | C29: =IF(B29>B31,1,0) -> 0 | E29: 1 | F29: =IF(E29>E31,1,0) -> 0 | I29: =IF(H29>H31,1,0) -> 0 | J29: =IF(B29="",0,1) -> 1 | K29: =IF(C29+F29=2,3,IF(C29+F29=1,1,0)) -> 0 | L29: =IF(K29=3,3,IF(I29+K29=2,2,IF(K29=1,1,0))) -> 0 | M29: =B29+E29 -> 4 | N29: =C29+F29+I29 -> 0
A30: vs.
A31: =AE17 -> Chi Chi Canonce / Yana Cachia | B31: 6 | C31: =IF(B31>B29,1,0) -> 1 | E31: 6 | F31: =IF(E31>E29,1,0) -> 1 | I31: =IF(H31>H29,1,0) -> 0 | J31: =IF(B31="",0,1) -> 1 | K31: =IF(C31+F31=2,3,IF(C31+F31=1,1,0)) -> 3 | L31: =IF(K31=3,3,IF(I31+K31=2,2,IF(K31=1,1,0))) -> 3 | M31: =B31+E31 -> 12 | N31: =C31+F31+I31 -> 2

Sheet Division 4
A1: Elektra Mixed Doubles 2023
A5: Division 4
A7: Players | B7: Set Scores | H7: Tie | P7: Players | Q7: Set Scores | W7: Tie | AE7: Player | AF7: Games | AG7: Points | AH7: Games Won | AI7: Sets Won
B8: Score | C8: Set 1 Work | E8: Score | F8: Set 2 Work | H8: Score | I8: Tie Work | J8: Game Played | K8: Sets Points Work | L8: Sets & Tie Points Work | M8: Games Wins Work | N8: Sets Wins Work | Q8: Score | R8: Set 1 Work | T8: Score | U8: Set 2 Work | W8: Score | X8: Tie Work | Y8: Game Played | Z8: Sets Points Work | AA8: Sets & Tie Points Work | AB8: Games Wins Work | AC8: Sets Wins Work | AJ8: Winner Working | AK8: Runner Up Working | AL8: Total Games Work | AM8: Winner | AN8: Runner Up
A9: =AE9 -> Willem Steenkamer / Mariska Steenkamer | B9: 6 | C9: =IF(B9>B11,1,0) -> 1 | E9: 6 | F9: =IF(E9>E11,1,0) -> 0 | H9: 4 | I9: =IF(H9>H11,1,0) -> 0 | J9: =IF(B9="",0,1) -> 1 | K9: =IF(C9+F9=2,3,IF(C9+F9=1,1,0)) -> 1 | L9: =IF(K9=3,3,IF(I9+K9=2,2,IF(K9=1,1,0))) -> 1 | M9: =B9+E9 -> 12 | N9: =C9+F9+I9 -> 1 | P9: =AE9 -> Willem Steenkamer / Mariska Steenkamer | Q9: 6 | R9: =IF(Q9>Q11,1,0) -> 1 | T9: 4 | U9: =IF(T9>T11,1,0) -> 0 | W9: 13 | X9: =IF(W9>W11,1,0) -> 1 | Y9: =IF(Q9="",0,1) -> 1 | Z9: =IF(R9+U9=2,3,IF(R9+U9=1,1,0)) -> 1 | AA9: =IF(Z9=3,3,IF(X9+Z9=2,2,IF(Z9=1,1,0))) -> 2 | AB9: =Q9+T9 -> 10 | AC9: =R9+U9+X9 -> 2 | AE9: =Players!B28& " / " &Players!C28 -> Willem Steenkamer / Mariska Steenkamer | AF9: =J9+Y9+J13+Y13+J17 -> 5 | AG9: =L9+AA9+L13+AA13+L17 -> 10 | AH9: =M9+AB9+M13+AB13+M17 -> 58 | AI9: =N9+AC9+N13+AC13+N17 -> 8 | AJ9: =MAX(AG9:AG19) -> 14 | AK9: =LARGE(AG9:AG19, 2) -> 10 | AL9: =SUM(AF9:AF19) -> 28 | AM9: =IF(AG9=$AJ$9,AE9,IF(AG11=$AJ$9,AE11,IF(AG13=$AJ$9,AE13,IF(AG15=$AJ$9,AE15,IF(AG17=$AJ$9,AE17,IF(AG19=$AJ$9,AE19,"")))))) -> James Farrugia / Nancy Wong | AN9: =IF(AG9=$AK$9,AE9,IF(AG11=$AK$9,AE11,IF(AG13=$AK$9,AE13,IF(AG15=$AK$9,AE15,IF(AG17=$AK$9,AE17,IF(AG19=$AK$9,AE19,"")))))) -> Willem Steenkamer / Mariska Steenkamer
A10: vs. | P10: vs.
A11: =AE11 -> James Farrugia / Nancy Wong | B11: 4 | C11: =IF(B11>B9,1,0) -> 0 | E11: 7 | F11: =IF(E11>E9,1,0) -> 1 | H11: 10 | I11: =IF(H11>H9,1,0) -> 1 | J11: =IF(B11="",0,1) -> 1 | K11: =IF(C11+F11=2,3,IF(C11+F11=1,1,0)) -> 1 | L11: =IF(K11=3,3,IF(I11+K11=2,2,IF(K11=1,1,0))) -> 2 | M11: =B11+E11 -> 11 | N11: =C11+F11+I11 -> 2 | P11: =AE13 -> Kristen Cachia / Francesca Sciortino | Q11: 0 | R11: =IF(Q11>Q9,1,0) -> 0 | T11: 6 | U11: =IF(T11>T9,1,0) -> 1 | W11: 11 | X11: =IF(W11>W9,1,0) -> 0 | Y11: =IF(Q11="",0,1) -> 1 | Z11: =IF(R11+U11=2,3,IF(R11+U11=1,1,0)) -> 1 | AA11: =IF(Z11=3,3,IF(X11+Z11=2,2,IF(Z11=1,1,0))) -> 1 | AB11: =Q11+T11 -> 6 | AC11: =R11+U11+X11 -> 1 | AE11: =Players!B29& " / " &Players!C29 -> James Farrugia / Nancy Wong | AF11: =J11+Y25+J25+Y21+J21 -> 5 | AG11: =L11+AA25+L25+AA21+L21 -> 14 | AH11: =M11+AB25+M25+AB21+M21 -> 60 | AI11: =N11+AC25+N25+AC21+N21 -> 10
A13: =AE9 -> Willem Steenkamer / Mariska Steenkamer | B13: 6 | C13: =IF(B13>B15,1,0) -> 1 | E13: 6 | F13: =IF(E13>E15,1,0) -> 1 | I13: =IF(H13>H15,1,0) -> 0 | J13: =IF(B13="",0,1) -> 1 | K13: =IF(C13+F13=2,3,IF(C13+F13=1,1,0)) -> 3 | L13: =IF(K13=3,3,IF(I13+K13=2,2,IF(K13=1,1,0))) -> 3 | M13: =B13+E13 -> 12 | N13: =C13+F13+I13 -> 2 | P13: =AE9 -> Willem Steenkamer / Mariska Steenkamer | Q13: 6 | R13: =IF(Q13>Q15,1,0) -> 1 | T13: 6 | U13: =IF(T13>T15,1,0) -> 0 | W13: 3 | X13: =IF(W13>W15,1,0) -> 0 | Y13: =IF(Q13="",0,1) -> 1 | Z13: =IF(R13+U13=2,3,IF(R13+U13=1,1,0)) -> 1 | AA13: =IF(Z13=3,3,IF(X13+Z13=2,2,IF(Z13=1,1,0))) -> 1 | AB13: =Q13+T13 -> 12 | AC13: =R13+U13+X13 -> 1 | AE13: =Players!B30& " / " &Players!C30 -> Kristen Cachia / Francesca Sciortino | AF13: =Y29+Y11+Y33+J33+J23 -> 4 | AG13: =AA29+AA11+AA33+L33+L23 -> 5 | AH13: =AB29+AB11+AB33+M33+M23 -> 37 | AI13: =AC29+AC11+AC33+N33+N23 -> 4
A14: vs. | P14: vs.
A15: =AE15 -> Luigi Porto / Vanessa Azzopardi | B15: 2 | C15: =IF(B15>B13,1,0) -> 0 | E15: 1 | F15: =IF(E15>E13,1,0) -> 0 | I15: =IF(H15>H13,1,0) -> 0 | J15: =IF(B15="",0,1) -> 1 | K15: =IF(C15+F15=2,3,IF(C15+F15=1,1,0)) -> 0 | L15: =IF(K15=3,3,IF(I15+K15=2,2,IF(K15=1,1,0))) -> 0 | M15: =B15+E15 -> 3 | N15: =C15+F15+I15 -> 0 | P15: =AE17 -> Cyril Lastimosa / Laureen Agius | Q15: 4 | R15: =IF(Q15>Q13,1,0) -> 0 | T15: 7 | U15: =IF(T15>T13,1,0) -> 1 | W15: 10 | X15: =IF(W15>W13,1,0) -> 1 | Y15: =IF(Q15="",0,1) -> 1 | Z15: =IF(R15+U15=2,3,IF(R15+U15=1,1,0)) -> 1 | AA15: =IF(Z15=3,3,IF(X15+Z15=2,2,IF(Z15=1,1,0))) -> 2 | AB15: =Q15+T15 -> 11 | AC15: =R15+U15+X15 -> 2 | AE15: =Players!B31& " / " &Players!C31 -> Luigi Porto / Vanessa Azzopardi | AF15: =Y31+J37+J15+Y23+J29 -> 5 | AG15: =AA31+L37+L15+AA23+L29 -> 3 | AH15: =AB31+M37+M15+AB23+M29 -> 36 | AI15: =AC31+N37+N15+AC23+N29 -> 3
A17: =AE9 -> Willem Steenkamer / Mariska Steenkamer | B17: 6 | C17: =IF(B17>B19,1,0) -> 1 | E17: 6 | F17: =IF(E17>E19,1,0) -> 1 | I17: =IF(H17>H19,1,0) -> 0 | J17: =IF(B17="",0,1) -> 1 | K17: =IF(C17+F17=2,3,IF(C17+F17=1,1,0)) -> 3 | L17: =IF(K17=3,3,IF(I17+K17=2,2,IF(K17=1,1,0))) -> 3 | M17: =B17+E17 -> 12 | N17: =C17+F17+I17 -> 2 | P17: =AE17 -> Cyril Lastimosa / Laureen Agius | Q17: 6 | R17: =IF(Q17>Q19,1,0) -> 0 | T17: 4 | U17: =IF(T17>T19,1,0) -> 0 | X17: =IF(W17>W19,1,0) -> 0 | Y17: =IF(Q17="",0,1) -> 1 | Z17: =IF(R17+U17=2,3,IF(R17+U17=1,1,0)) -> 0 | AA17: =IF(Z17=3,3,IF(X17+Z17=2,2,IF(Z17=1,1,0))) -> 0 | AB17: =Q17+T17 -> 10 | AC17: =R17+U17+X17 -> 0 | AE17: =Players!B32& " / " &Players!C32 -> Cyril Lastimosa / Laureen Agius | AF17: =Y17+J39+J27+Y15+J35 -> 4 | AG17: =AA17+L39+L27+AA15+L35 -> 4 | AH17: =AB17+M39+M27+AB15+M35 -> 36 | AI17: =AC17+N39+N27+AC15+N35 -> 4
A18: vs. | P18: vs.
A19: =AE19 -> Jayboy Lastimosa / Ceridwen Scerri | B19: 3 | C19: =IF(B19>B17,1,0) -> 0 | E19: 4 | F19: =IF(E19>E17,1,0) -> 0 | I19: =IF(H19>H17,1,0) -> 0 | J19: =IF(B19="",0,1) -> 1 | K19: =IF(C19+F19=2,3,IF(C19+F19=1,1,0)) -> 0 | L19: =IF(K19=3,3,IF(I19+K19=2,2,IF(K19=1,1,0))) -> 0 | M19: =B19+E19 -> 7 | N19: =C19+F19+I19 -> 0 | P19: =AE19 -> Jayboy Lastimosa / Ceridwen Scerri | Q19: 7 | R19: =IF(Q19>Q17,1,0) -> 1 | T19: 6 | U19: =IF(T19>T17,1,0) -> 1 | X19: =IF(W19>W17,1,0) -> 0 | Y19: =IF(Q19="",0,1) -> 1 | Z19: =IF(R19+U19=2,3,IF(R19+U19=1,1,0)) -> 3 | AA19: =IF(Z19=3,3,IF(X19+Z19=2,2,IF(Z19=1,1,0))) -> 3 | AB19: =Q19+T19 -> 13 | AC19: =R19+U19+X19 -> 2 | AE19: =Players!B33& " / " &Players!C33 -> Jayboy Lastimosa / Ceridwen Scerri | AF19: =Y19+Y27+Y35+J19+J31 -> 5 | AG19: =AA19+AA27+AA35+L19+L31 -> 6 | AH19: =AB19+AB27+AB35+M19+M31 -> 36 | AI19: =AC19+AC27+AC35+N19+N31 -> 4
A21: =AE11 -> James Farrugia / Nancy Wong | B21: 7 | C21: =IF(B21>B23,1,0) -> 1 | E21: 6 | F21: =IF(E21>E23,1,0) -> 1 | I21: =IF(H21>H23,1,0) -> 0 | J21: =IF(B21="",0,1) -> 1 | K21: =IF(C21+F21=2,3,IF(C21+F21=1,1,0)) -> 3 | L21: =IF(K21=3,3,IF(I21+K21=2,2,IF(K21=1,1,0))) -> 3 | M21: =B21+E21 -> 13 | N21: =C21+F21+I21 -> 2 | P21: =AE11 -> James Farrugia / Nancy Wong | Q21: 6 | R21: =IF(Q21>Q23,1,0) -> 1 | T21: 6 | U21: =IF(T21>T23,1,0) -> 1 | X21: =IF(W21>W23,1,0) -> 0 | Y21: =IF(Q21="",0,1) -> 1 | Z21: =IF(R21+U21=2,3,IF(R21+U21=1,1,0)) -> 3 | AA21: =IF(Z21=3,3,IF(X21+Z21=2,2,IF(Z21=1,1,0))) -> 3 | AB21: =Q21+T21 -> 12 | AC21: =R21+U21+X21 -> 2 | AE21: Divison Winner
A22: vs. | P22: vs. | AE22: James Farrugia/Nancy Wong
A23: =AE13 -> Kristen Cachia / Francesca Sciortino | B23: 6 | C23: =IF(B23>B21,1,0) -> 0 | E23: 3 | F23: =IF(E23>E21,1,0) -> 0 | I23: =IF(H23>H21,1,0) -> 0 | J23: =IF(B23="",0,1) -> 1 | K23: =IF(C23+F23=2,3,IF(C23+F23=1,1,0)) -> 0 | L23: =IF(K23=3,3,IF(I23+K23=2,2,IF(K23=1,1,0))) -> 0 | M23: =B23+E23 -> 9 | N23: =C23+F23+I23 -> 0 | P23: =AE15 -> Luigi Porto / Vanessa Azzopardi | Q23: 3 | R23: =IF(Q23>Q21,1,0) -> 0 | T23: 2 | U23: =IF(T23>T21,1,0) -> 0 | X23: =IF(W23>W21,1,0) -> 0 | Y23: =IF(Q23="",0,1) -> 1 | Z23: =IF(R23+U23=2,3,IF(R23+U23=1,1,0)) -> 0 | AA23: =IF(Z23=3,3,IF(X23+Z23=2,2,IF(Z23=1,1,0))) -> 0 | AB23: =Q23+T23 -> 5 | AC23: =R23+U23+X23 -> 0
A25: =AE11 -> James Farrugia / Nancy Wong | B25: 6 | C25: =IF(B25>B27,1,0) -> 1 | E25: 6 | F25: =IF(E25>E27,1,0) -> 1 | I25: =IF(H25>H27,1,0) -> 0 | J25: =IF(B25="",0,1) -> 1 | K25: =IF(C25+F25=2,3,IF(C25+F25=1,1,0)) -> 3 | L25: =IF(K25=3,3,IF(I25+K25=2,2,IF(K25=1,1,0))) -> 3 | M25: =B25+E25 -> 12 | N25: =C25+F25+I25 -> 2 | P25: =AE11 -> James Farrugia / Nancy Wong | Q25: 6 | R25: =IF(Q25>Q27,1,0) -> 1 | T25: 6 | U25: =IF(T25>T27,1,0) -> 1 | X25: =IF(W25>W27,1,0) -> 0 | Y25: =IF(Q25="",0,1) -> 1 | Z25: =IF(R25+U25=2,3,IF(R25+U25=1,1,0)) -> 3 | AA25: =IF(Z25=3,3,IF(X25+Z25=2,2,IF(Z25=1,1,0))) -> 3 | AB25: =Q25+T25 -> 12 | AC25: =R25+U25+X25 -> 2 | AE25: Divison Runner Up
A26: vs. | P26: vs. | AE26: Willem Steenkamer/Mariska Steenkamer
A27: =AE17 -> Cyril Lastimosa / Laureen Agius | B27: 2 | C27: =IF(B27>B25,1,0) -> 0 | E27: 3 | F27: =IF(E27>E25,1,0) -> 0 | I27: =IF(H27>H25,1,0) -> 0 | J27: =IF(B27="",0,1) -> 1 | K27: =IF(C27+F27=2,3,IF(C27+F27=1,1,0)) -> 0 | L27: =IF(K27=3,3,IF(I27+K27=2,2,IF(K27=1,1,0))) -> 0 | M27: =B27+E27 -> 5 | N27: =C27+F27+I27 -> 0 | P27: =AE19 -> Jayboy Lastimosa / Ceridwen Scerri | Q27: 0 | R27: =IF(Q27>Q25,1,0) -> 0 | T27: 1 | U27: =IF(T27>T25,1,0) -> 0 | X27: =IF(W27>W25,1,0) -> 0 | Y27: =IF(Q27="",0,1) -> 1 | Z27: =IF(R27+U27=2,3,IF(R27+U27=1,1,0)) -> 0 | AA27: =IF(Z27=3,3,IF(X27+Z27=2,2,IF(Z27=1,1,0))) -> 0 | AB27: =Q27+T27 -> 1 | AC27: =R27+U27+X27 -> 0
A29: =AE15 -> Luigi Porto / Vanessa Azzopardi | B29: 4 | C29: =IF(B29>B31,1,0) -> 0 | E29: 3 | F29: =IF(E29>E31,1,0) -> 0 | I29: =IF(H29>H31,1,0) -> 0 | J29: =IF(B29="",0,1) -> 1 | K29: =IF(C29+F29=2,3,IF(C29+F29=1,1,0)) -> 0 | L29: =IF(K29=3,3,IF(I29+K29=2,2,IF(K29=1,1,0))) -> 0 | M29: =B29+E29 -> 7 | N29: =C29+F29+I29 -> 0 | P29: =AE13 -> Kristen Cachia / Francesca Sciortino | Q29: 4 | R29: =IF(Q29>Q31,1,0) -> 0 | T29: 6 | U29: =IF(T29>T31,1,0) -> 1 | W29: 8 | X29: =IF(W29>W31,1,0) -> 0 | Y29: =IF(Q29="",0,1) -> 1 | Z29: =IF(R29+U29=2,3,IF(R29+U29=1,1,0)) -> 1 | AA29: =IF(Z29=3,3,IF(X29+Z29=2,2,IF(Z29=1,1,0))) -> 1 | AB29: =Q29+T29 -> 10 | AC29: =R29+U29+X29 -> 1
A30: vs. | P30: vs.
A31: =AE19 -> Jayboy Lastimosa / Ceridwen Scerri | B31: 6 | C31: =IF(B31>B29,1,0) -> 1 | E31: 6 | F31: =IF(E31>E29,1,0) -> 1 | I31: =IF(H31>H29,1,0) -> 0 | J31: =IF(B31="",0,1) -> 1 | K31: =IF(C31+F31=2,3,IF(C31+F31=1,1,0)) -> 3 | L31: =IF(K31=3,3,IF(I31+K31=2,2,IF(K31=1,1,0))) -> 3 | M31: =B31+E31 -> 12 | N31: =C31+F31+I31 -> 2 | P31: =AE15 -> Luigi Porto / Vanessa Azzopardi | Q31: 6 | R31: =IF(Q31>Q29,1,0) -> 1 | T31: 3 | U31: =IF(T31>T29,1,0) -> 0 | W31: 10 | X31: =IF(W31>W29,1,0) -> 1 | Y31: =IF(Q31="",0,1) -> 1 | Z31: =IF(R31+U31=2,3,IF(R31+U31=1,1,0)) -> 1 | AA31: =IF(Z31=3,3,IF(X31+Z31=2,2,IF(Z31=1,1,0))) -> 2 | AB31: =Q31+T31 -> 9 | AC31: =R31+U31+X31 -> 2
A33: =AE13 -> Kristen Cachia / Francesca Sciortino | C33: =IF(B33>B35,1,0) -> 0 | F33: =IF(E33>E35,1,0) -> 0 | I33: =IF(H33>H35,1,0) -> 0 | J33: =IF(B33="",0,1) -> 0 | K33: =IF(C33+F33=2,3,IF(C33+F33=1,1,0)) -> 0 | L33: =IF(K33=3,3,IF(I33+K33=2,2,IF(K33=1,1,0))) -> 0 | M33: =B33+E33 -> 0 | N33: =C33+F33+I33 -> 0 | P33: =AE13 -> Kristen Cachia / Francesca Sciortino | Q33: 6 | R33: =IF(Q33>Q35,1,0) -> 1 | T33: 6 | U33: =IF(T33>T35,1,0) -> 1 | X33: =IF(W33>W35,1,0) -> 0 | Y33: =IF(Q33="",0,1) -> 1 | Z33: =IF(R33+U33=2,3,IF(R33+U33=1,1,0)) -> 3 | AA33: =IF(Z33=3,3,IF(X33+Z33=2,2,IF(Z33=1,1,0))) -> 3 | AB33: =Q33+T33 -> 12 | AC33: =R33+U33+X33 -> 2
A34: vs. | P34: vs.
A35: =AE17 -> Cyril Lastimosa / Laureen Agius | C35: =IF(B35>B33,1,0) -> 0 | F35: =IF(E35>E33,1,0) -> 0 | I35: =IF(H35>H33,1,0) -> 0 | J35: =IF(B35="",0,1) -> 0 | K35: =IF(C35+F35=2,3,IF(C35+F35=1,1,0)) -> 0 | L35: =IF(K35=3,3,IF(I35+K35=2,2,IF(K35=1,1,0))) -> 0 | M35: =B35+E35 -> 0 | N35: =C35+F35+I35 -> 0 | P35: =AE19 -> Jayboy Lastimosa / Ceridwen Scerri | Q35: 2 | R35: =IF(Q35>Q33,1,0) -> 0 | T35: 1 | U35: =IF(T35>T33,1,0) -> 0 | X35: =IF(W35>W33,1,0) -> 0 | Y35: =IF(Q35="",0,1) -> 1 | Z35: =IF(R35+U35=2,3,IF(R35+U35=1,1,0)) -> 0 | AA35: =IF(Z35=3,3,IF(X35+Z35=2,2,IF(Z35=1,1,0))) -> 0 | AB35: =Q35+T35 -> 3 | AC35: =R35+U35+X35 -> 0
A37: =AE15 -> Luigi Porto / Vanessa Azzopardi | B37: 6 | C37: =IF(B37>B39,1,0) -> 1 | E37: 6 | F37: =IF(E37>E39,1,0) -> 0 | H37: 7 | I37: =IF(H37>H39,1,0) -> 0 | J37: =IF(B37="",0,1) -> 1 | K37: =IF(C37+F37=2,3,IF(C37+F37=1,1,0)) -> 1 | L37: =IF(K37=3,3,IF(I37+K37=2,2,IF(K37=1,1,0))) -> 1 | M37: =B37+E37 -> 12 | N37: =C37+F37+I37 -> 1
A38: vs.
A39: =AE17 -> Cyril Lastimosa / Laureen Agius | B39: 3 | C39: =IF(B39>B37,1,0) -> 0 | E39: 7 | F39: =IF(E39>E37,1,0) -> 1 | H39: 10 | I39: =IF(H39>H37,1,0) -> 1 | J39: =IF(B39="",0,1) -> 1 | K39: =IF(C39+F39=2,3,IF(C39+F39=1,1,0)) -> 1 | L39: =IF(K39=3,3,IF(I39+K39=2,2,IF(K39=1,1,0))) -> 2 | M39: =B39+E39 -> 10 | N39: =C39+F39+I39 -> 2

Sheet Division 5
A1: Elektra Mixed Doubles 2023
A5: Division 5 - Group A
A7: Players | B7: Set Scores | H7: Tie | P7: Players | Q7: Set Scores | W7: Tie | AE7: Player | AF7: Games | AG7: Points | AH7: Games Won | AI7: Sets Won
B8: Score | C8: Set 1 Work | E8: Score | F8: Set 2 Work | H8: Score | I8: Tie Work | J8: Game Played | K8: Sets Points Work | L8: Sets & Tie Points Work | M8: Games Wins Work | N8: Sets Wins Work | Q8: Score | R8: Set 1 Work | T8: Score | U8: Set 2 Work | W8: Score | X8: Tie Work | Y8: Game Played | Z8: Sets Points Work | AA8: Sets & Tie Points Work | AB8: Games Wins Work | AC8: Sets Wins Work | AJ8: Winner Working | AK8: Total Games Work | AL8: Winner
A9: =AE9 -> Daniel Farrugia / Diane Farrugia | B9: 6 | C9: =IF(B9>B11,1,0) -> 1 | E9: 6 | F9: =IF(E9>E11,1,0) -> 1 | I9: =IF(H9>H11,1,0) -> 0 | J9: =IF(B9="",0,1) -> 1 | K9: =IF(C9+F9=2,3,IF(C9+F9=1,1,0)) -> 3 | L9: =IF(K9=3,3,IF(I9+K9=2,2,IF(K9=1,1,0))) -> 3 | M9: =B9+E9 -> 12 | N9: =C9+F9+I9 -> 2 | P9: =AE9 -> Daniel Farrugia / Diane Farrugia | Q9: 6 | R9: =IF(Q9>Q11,1,0) -> 1 | T9: 6 | U9: =IF(T9>T11,1,0) -> 1 | X9: =IF(W9>W11,1,0) -> 0 | Y9: =IF(Q9="",0,1) -> 1 | Z9: =IF(R9+U9=2,3,IF(R9+U9=1,1,0)) -> 3 | AA9: =IF(Z9=3,3,IF(X9+Z9=2,2,IF(Z9=1,1,0))) -> 3 | AB9: =Q9+T9 -> 12 | AC9: =R9+U9+X9 -> 2 | AE9: =Players!B36& " / " &Players!C36 -> Daniel Farrugia / Diane Farrugia | AF9: =J9+Y9+J13+Y13+J17 -> 5 | AG9: =L9+AA9+L13+AA13+L17 -> 15 | AH9: =M9+AB9+M13+AB13+M17 -> 60 | AI9: =N9+AC9+N13+AC13+N17 -> 10 | AJ9: =MAX(AG9:AG19) -> 15 | AK9: =SUM(AF9:AF19) -> 30 | AL9: =IF(AG9=$AJ$9,AE9,IF(AG11=$AJ$9,AE11,IF(AG13=$AJ$9,AE13,IF(AG15=$AJ$9,AE15,IF(AG17=$AJ$9,AE17,IF(AG19=$AJ$9,AE19,"")))))) -> Daniel Farrugia / Diane Farrugia
A10: vs. | P10: vs.
A11: =AE11 -> David Camilleri / Emma Camilleri | B11: 1 | C11: =IF(B11>B9,1,0) -> 0 | E11: 2 | F11: =IF(E11>E9,1,0) -> 0 | I11: =IF(H11>H9,1,0) -> 0 | J11: =IF(B11="",0,1) -> 1 | K11: =IF(C11+F11=2,3,IF(C11+F11=1,1,0)) -> 0 | L11: =IF(K11=3,3,IF(I11+K11=2,2,IF(K11=1,1,0))) -> 0 | M11: =B11+E11 -> 3 | N11: =C11+F11+I11 -> 0 | P11: =AE13 -> Maurice Borg / Mary Borg | Q11: 1 | R11: =IF(Q11>Q9,1,0) -> 0 | T11: 2 | U11: =IF(T11>T9,1,0) -> 0 | X11: =IF(W11>W9,1,0) -> 0 | Y11: =IF(Q11="",0,1) -> 1 | Z11: =IF(R11+U11=2,3,IF(R11+U11=1,1,0)) -> 0 | AA11: =IF(Z11=3,3,IF(X11+Z11=2,2,IF(Z11=1,1,0))) -> 0 | AB11: =Q11+T11 -> 3 | AC11: =R11+U11+X11 -> 0 | AE11: =Players!B37& " / " &Players!C37 -> David Camilleri / Emma Camilleri | AF11: =J11+Y25+J25+Y21+J21 -> 5 | AG11: =L11+AA25+L25+AA21+L21 -> 6 | AH11: =M11+AB25+M25+AB21+M21 -> 43 | AI11: =N11+AC25+N25+AC21+N21 -> 5
A13: =AE9 -> Daniel Farrugia / Diane Farrugia | B13: 6 | C13: =IF(B13>B15,1,0) -> 1 | E13: 6 | F13: =IF(E13>E15,1,0) -> 1 | I13: =IF(H13>H15,1,0) -> 0 | J13: =IF(B13="",0,1) -> 1 | K13: =IF(C13+F13=2,3,IF(C13+F13=1,1,0)) -> 3 | L13: =IF(K13=3,3,IF(I13+K13=2,2,IF(K13=1,1,0))) -> 3 | M13: =B13+E13 -> 12 | N13: =C13+F13+I13 -> 2 | P13: =AE9 -> Daniel Farrugia / Diane Farrugia | Q13: 6 | R13: =IF(Q13>Q15,1,0) -> 1 | T13: 6 | U13: =IF(T13>T15,1,0) -> 1 | X13: =IF(W13>W15,1,0) -> 0 | Y13: =IF(Q13="",0,1) -> 1 | Z13: =IF(R13+U13=2,3,IF(R13+U13=1,1,0)) -> 3 | AA13: =IF(Z13=3,3,IF(X13+Z13=2,2,IF(Z13=1,1,0))) -> 3 | AB13: =Q13+T13 -> 12 | AC13: =R13+U13+X13 -> 2 | AE13: =Players!B38& " / " &Players!C38 -> Maurice Borg / Mary Borg | AF13: =Y29+Y11+Y33+J33+J23 -> 5 | AG13: =AA29+AA11+AA33+L33+L23 -> 9 | AH13: =AB29+AB11+AB33+M33+M23 -> 51 | AI13: =AC29+AC11+AC33+N33+N23 -> 7
A14: vs. | P14: vs.
A15: =AE15 -> Robert Attard / Silvana Portelli | B15: 2 | C15: =IF(B15>B13,1,0) -> 0 | E15: 2 | F15: =IF(E15>E13,1,0) -> 0 | I15: =IF(H15>H13,1,0) -> 0 | J15: =IF(B15="",0,1) -> 1 | K15: =IF(C15+F15=2,3,IF(C15+F15=1,1,0)) -> 0 | L15: =IF(K15=3,3,IF(I15+K15=2,2,IF(K15=1,1,0))) -> 0 | M15: =B15+E15 -> 4 | N15: =C15+F15+I15 -> 0 | P15: =AE17 -> JP Sciberras / Brenda Baldacchino | Q15: 2 | R15: =IF(Q15>Q13,1,0) -> 0 | T15: 1 | U15: =IF(T15>T13,1,0) -> 0 | X15: =IF(W15>W13,1,0) -> 0 | Y15: =IF(Q15="",0,1) -> 1 | Z15: =IF(R15+U15=2,3,IF(R15+U15=1,1,0)) -> 0 | AA15: =IF(Z15=3,3,IF(X15+Z15=2,2,IF(Z15=1,1,0))) -> 0 | AB15: =Q15+T15 -> 3 | AC15: =R15+U15+X15 -> 0 | AE15: =Players!B39& " / " &Players!C39 -> Robert Attard / Silvana Portelli | AF15: =Y31+J37+J15+Y23+J29 -> 5 | AG15: =AA31+L37+L15+AA23+L29 -> 8 | AH15: =AB31+M37+M15+AB23+M29 -> 37 | AI15: =AC31+N37+N15+AC23+N29 -> 6
A17: =AE9 -> Daniel Farrugia / Diane Farrugia | B17: 6 | C17: =IF(B17>B19,1,0) -> 1 | E17: 6 | F17: =IF(E17>E19,1,0) -> 1 | I17: =IF(H17>H19,1,0) -> 0 | J17: =IF(B17="",0,1) -> 1 | K17: =IF(C17+F17=2,3,IF(C17+F17=1,1,0)) -> 3 | L17: =IF(K17=3,3,IF(I17+K17=2,2,IF(K17=1,1,0))) -> 3 | M17: =B17+E17 -> 12 | N17: =C17+F17+I17 -> 2 | P17: =AE17 -> JP Sciberras / Brenda Baldacchino | Q17: 0 | R17: =IF(Q17>Q19,1,0) -> 0 | T17: 5 | U17: =IF(T17>T19,1,0) -> 0 | X17: =IF(W17>W19,1,0) -> 0 | Y17: =IF(Q17="",0,1) -> 1 | Z17: =IF(R17+U17=2,3,IF(R17+U17=1,1,0)) -> 0 | AA17: =IF(Z17=3,3,IF(X17+Z17=2,2,IF(Z17=1,1,0))) -> 0 | AB17: =Q17+T17 -> 5 | AC17: =R17+U17+X17 -> 0 | AE17: =Players!B40& " / " &Players!C40 -> JP Sciberras / Brenda Baldacchino | AF17: =Y17+J39+J27+Y15+J35 -> 5 | AG17: =AA17+L39+L27+AA15+L35 -> 0 | AH17: =AB17+M39+M27+AB15+M35 -> 17 | AI17: =AC17+N39+N27+AC15+N35 -> 0
A18: vs. | P18: vs.
A19: =AE19 -> Cory Greenland / Marica Cassar | B19: 1 | C19: =IF(B19>B17,1,0) -> 0 | E19: 0 | F19: =IF(E19>E17,1,0) -> 0 | I19: =IF(H19>H17,1,0) -> 0 | J19: =IF(B19="",0,1) -> 1 | K19: =IF(C19+F19=2,3,IF(C19+F19=1,1,0)) -> 0 | L19: =IF(K19=3,3,IF(I19+K19=2,2,IF(K19=1,1,0))) -> 0 | M19: =B19+E19 -> 1 | N19: =C19+F19+I19 -> 0 | P19: =AE19 -> Cory Greenland / Marica Cassar | Q19: 6 | R19: =IF(Q19>Q17,1,0) -> 1 | T19: 7 | U19: =IF(T19>T17,1,0) -> 1 | X19: =IF(W19>W17,1,0) -> 0 | Y19: =IF(Q19="",0,1) -> 1 | Z19: =IF(R19+U19=2,3,IF(R19+U19=1,1,0)) -> 3 | AA19: =IF(Z19=3,3,IF(X19+Z19=2,2,IF(Z19=1,1,0))) -> 3 | AB19: =Q19+T19 -> 13 | AC19: =R19+U19+X19 -> 2 | AE19: =Players!B41& " / " &Players!C41 -> Cory Greenland / Marica Cassar | AF19: =Y19+Y27+Y35+J19+J31 -> 5 | AG19: =AA19+AA35+L31+AA27+L19 -> 7 | AH19: =AB19+AB27+AB35+M19+M31 -> 46 | AI19: =AC19+AC27+AC35+N19+N31 -> 5
A21: =AE11 -> David Camilleri / Emma Camilleri | B21: 6 | C21: =IF(B21>B23,1,0) -> 0 | E21: 6 | F21: =IF(E21>E23,1,0) -> 1 | H21: 4 | I21: =IF(H21>H23,1,0) -> 0 | J21: =IF(B21="",0,1) -> 1 | K21: =IF(C21+F21=2,3,IF(C21+F21=1,1,0)) -> 1 | L21: =IF(K21=3,3,IF(I21+K21=2,2,IF(K21=1,1,0))) -> 1 | M21: =B21+E21 -> 12 | N21: =C21+F21+I21 -> 1 | P21: =AE11 -> David Camilleri / Emma Camilleri | Q21: 3 | R21: =IF(Q21>Q23,1,0) -> 0 | T21: 3 | U21: =IF(T21>T23,1,0) -> 0 | X21: =IF(W21>W23,1,0) -> 0 | Y21: =IF(Q21="",0,1) -> 1 | Z21: =IF(R21+U21=2,3,IF(R21+U21=1,1,0)) -> 0 | AA21: =IF(Z21=3,3,IF(X21+Z21=2,2,IF(Z21=1,1,0))) -> 0 | AB21: =Q21+T21 -> 6 | AC21: =R21+U21+X21 -> 0 | AE21: Group A Winner
A22: vs. | P22: vs. | AE22: Daniel Farrugia/Diane Farrugia
A23: =AE13 -> Maurice Borg / Mary Borg | B23: 7 | C23: =IF(B23>B21,1,0) -> 1 | E23: 4 | F23: =IF(E23>E21,1,0) -> 0 | H23: 10 | I23: =IF(H23>H21,1,0) -> 1 | J23: =IF(B23="",0,1) -> 1 | K23: =IF(C23+F23=2,3,IF(C23+F23=1,1,0)) -> 1 | L23: =IF(K23=3,3,IF(I23+K23=2,2,IF(K23=1,1,0))) -> 2 | M23: =B23+E23 -> 11 | N23: =C23+F23+I23 -> 2 | P23: =AE15 -> Robert Attard / Silvana Portelli | Q23: 6 | R23: =IF(Q23>Q21,1,0) -> 1 | T23: 6 | U23: =IF(T23>T21,1,0) -> 1 | X23: =IF(W23>W21,1,0) -> 0 | Y23: =IF(Q23="",0,1) -> 1 | Z23: =IF(R23+U23=2,3,IF(R23+U23=1,1,0)) -> 3 | AA23: =IF(Z23=3,3,IF(X23+Z23=2,2,IF(Z23=1,1,0))) -> 3 | AB23: =Q23+T23 -> 12 | AC23: =R23+U23+X23 -> 2
A25: =AE11 -> David Camilleri / Emma Camilleri | B25: 6 | C25: =IF(B25>B27,1,0) -> 1 | E25: 6 | F25: =IF(E25>E27,1,0) -> 1 | I25: =IF(H25>H27,1,0) -> 0 | J25: =IF(B25="",0,1) -> 1 | K25: =IF(C25+F25=2,3,IF(C25+F25=1,1,0)) -> 3 | L25: =IF(K25=3,3,IF(I25+K25=2,2,IF(K25=1,1,0))) -> 3 | M25: =B25+E25 -> 12 | N25: =C25+F25+I25 -> 2 | P25: =AE11 -> David Camilleri / Emma Camilleri | Q25: 3 | R25: =IF(Q25>Q27,1,0) -> 0 | T25: 7 | U25: =IF(T25>T27,1,0) -> 1 | W25: 10 | X25: =IF(W25>W27,1,0) -> 1 | Y25: =IF(Q25="",0,1) -> 1 | Z25: =IF(R25+U25=2,3,IF(R25+U25=1,1,0)) -> 1 | AA25: =IF(Z25=3,3,IF(X25+Z25=2,2,IF(Z25=1,1,0))) -> 2 | AB25: =Q25+T25 -> 10 | AC25: =R25+U25+X25 -> 2
A26: vs. | P26: vs.
A27: =AE17 -> JP Sciberras / Brenda Baldacchino | B27: 1 | C27: =IF(B27>B25,1,0) -> 0 | E27: 3 | F27: =IF(E27>E25,1,0) -> 0 | I27: =IF(H27>H25,1,0) -> 0 | J27: =IF(B27="",0,1) -> 1 | K27: =IF(C27+F27=2,3,IF(C27+F27=1,1,0)) -> 0 | L27: =IF(K27=3,3,IF(I27+K27=2,2,IF(K27=1,1,0))) -> 0 | M27: =B27+E27 -> 4 | N27: =C27+F27+I27 -> 0 | P27: =AE19 -> Cory Greenland / Marica Cassar | Q27: 6 | R27: =IF(Q27>Q25,1,0) -> 1 | T27: 6 | U27: =IF(T27>T25,1,0) -> 0 | W27: 6 | X27: =IF(W27>W25,1,0) -> 0 | Y27: =IF(Q27="",0,1) -> 1 | Z27: =IF(R27+U27=2,3,IF(R27+U27=1,1,0)) -> 1 | AA27: =IF(Z27=3,3,IF(X27+Z27=2,2,IF(Z27=1,1,0))) -> 1 | AB27: =Q27+T27 -> 12 | AC27: =R27+U27+X27 -> 1
A29: =AE15 -> Robert Attard / Silvana Portelli | B29: 0 | C29: =IF(B29>B31,1,0) -> 0 | E29: 0 | F29: =IF(E29>E31,1,0) -> 0 | I29: =IF(H29>H31,1,0) -> 0 | J29: =IF(B29="",0,1) -> 1 | K29: =IF(C29+F29=2,3,IF(C29+F29=1,1,0)) -> 0 | L29: =IF(K29=3,3,IF(I29+K29=2,2,IF(K29=1,1,0))) -> 0 | M29: =B29+E29 -> 0 | N29: =C29+F29+I29 -> 0 | O29: W/O | P29: =AE13 -> Maurice Borg / Mary Borg | Q29: 6 | R29: =IF(Q29>Q31,1,0) -> 0 | T29: 6 | U29: =IF(T29>T31,1,0) -> 1 | W29: 7 | X29: =IF(W29>W31,1,0) -> 0 | Y29: =IF(Q29="",0,1) -> 1 | Z29: =IF(R29+U29=2,3,IF(R29+U29=1,1,0)) -> 1 | AA29: =IF(Z29=3,3,IF(X29+Z29=2,2,IF(Z29=1,1,0))) -> 1 | AB29: =Q29+T29 -> 12 | AC29: =R29+U29+X29 -> 1
A30: vs. | P30: vs.
A31: =AE19 -> Cory Greenland / Marica Cassar | B31: 6 | C31: =IF(B31>B29,1,0) -> 1 | E31: 6 | F31: =IF(E31>E29,1,0) -> 1 | I31: =IF(H31>H29,1,0) -> 0 | J31: =IF(B31="",0,1) -> 1 | K31: =IF(C31+F31=2,3,IF(C31+F31=1,1,0)) -> 3 | L31: =IF(K31=3,3,IF(I31+K31=2,2,IF(K31=1,1,0))) -> 3 | M31: =B31+E31 -> 12 | N31: =C31+F31+I31 -> 2 | P31: =AE15 -> Robert Attard / Silvana Portelli | Q31: 7 | R31: =IF(Q31>Q29,1,0) -> 1 | T31: 2 | U31: =IF(T31>T29,1,0) -> 0 | W31: 10 | X31: =IF(W31>W29,1,0) -> 1 | Y31: =IF(Q31="",0,1) -> 1 | Z31: =IF(R31+U31=2,3,IF(R31+U31=1,1,0)) -> 1 | AA31: =IF(Z31=3,3,IF(X31+Z31=2,2,IF(Z31=1,1,0))) -> 2 | AB31: =Q31+T31 -> 9 | AC31: =R31+U31+X31 -> 2
A33: =AE13 -> Maurice Borg / Mary Borg | B33: 6 | C33: =IF(B33>B35,1,0) -> 1 | E33: 6 | F33: =IF(E33>E35,1,0) -> 1 | I33: =IF(H33>H35,1,0) -> 0 | J33: =IF(B33="",0,1) -> 1 | K33: =IF(C33+F33=2,3,IF(C33+F33=1,1,0)) -> 3 | L33: =IF(K33=3,3,IF(I33+K33=2,2,IF(K33=1,1,0))) -> 3 | M33: =B33+E33 -> 12 | N33: =C33+F33+I33 -> 2 | P33: =AE13 -> Maurice Borg / Mary Borg | Q33: 7 | R33: =IF(Q33>Q35,1,0) -> 1 | T33: 6 | U33: =IF(T33>T35,1,0) -> 1 | X33: =IF(W33>W35,1,0) -> 0 | Y33: =IF(Q33="",0,1) -> 1 | Z33: =IF(R33+U33=2,3,IF(R33+U33=1,1,0)) -> 3 | AA33: =IF(Z33=3,3,IF(X33+Z33=2,2,IF(Z33=1,1,0))) -> 3 | AB33: =Q33+T33 -> 13 | AC33: =R33+U33+X33 -> 2
A34: vs. | P34: vs.
A35: =AE17 -> JP Sciberras / Brenda Baldacchino | B35: 1 | C35: =IF(B35>B33,1,0) -> 0 | E35: 2 | F35: =IF(E35>E33,1,0) -> 0 | I35: =IF(H35>H33,1,0) -> 0 | J35: =IF(B35="",0,1) -> 1 | K35: =IF(C35+F35=2,3,IF(C35+F35=1,1,0)) -> 0 | L35: =IF(K35=3,3,IF(I35+K35=2,2,IF(K35=1,1,0))) -> 0 | M35: =B35+E35 -> 3 | N35: =C35+F35+I35 -> 0 | P35: =AE19 -> Cory Greenland / Marica Cassar | Q35: 5 | R35: =IF(Q35>Q33,1,0) -> 0 | T35: 3 | U35: =IF(T35>T33,1,0) -> 0 | X35: =IF(W35>W33,1,0) -> 0 | Y35: =IF(Q35="",0,1) -> 1 | Z35: =IF(R35+U35=2,3,IF(R35+U35=1,1,0)) -> 0 | AA35: =IF(Z35=3,3,IF(X35+Z35=2,2,IF(Z35=1,1,0))) -> 0 | AB35: =Q35+T35 -> 8 | AC35: =R35+U35+X35 -> 0
A37: =AE15 -> Robert Attard / Silvana Portelli | B37: 6 | C37: =IF(B37>B39,1,0) -> 1 | E37: 6 | F37: =IF(E37>E39,1,0) -> 1 | I37: =IF(H37>H39,1,0) -> 0 | J37: =IF(B37="",0,1) -> 1 | K37: =IF(C37+F37=2,3,IF(C37+F37=1,1,0)) -> 3 | L37: =IF(K37=3,3,IF(I37+K37=2,2,IF(K37=1,1,0))) -> 3 | M37: =B37+E37 -> 12 | N37: =C37+F37+I37 -> 2
A38: vs.
A39: =AE17 -> JP Sciberras / Brenda Baldacchino | B39: 1 | C39: =IF(B39>B37,1,0) -> 0 | E39: 1 | F39: =IF(E39>E37,1,0) -> 0 | I39: =IF(H39>H37,1,0) -> 0 | J39: =IF(B39="",0,1) -> 1 | K39: =IF(C39+F39=2,3,IF(C39+F39=1,1,0)) -> 0 | L39: =IF(K39=3,3,IF(I39+K39=2,2,IF(K39=1,1,0))) -> 0 | M39: =B39+E39 -> 2 | N39: =C39+F39+I39 -> 0
A41: Division 5 - Group B
A43: Players | B43: Set Scores | H43: Tie | P43: Players | Q43: Set Scores | W43: Tie | AE43: Player | AF43: Games | AG43: Points | AH43: Games Won | AI43: Sets Won
B44: Score | C44: Set 1 Work | E44: Score | F44: Set 2 Work | H44: Score | I44: Tie Work | J44: Game Played | K44: Sets Points Work | L44: Sets & Tie Points Work | M44: Games Wins Work | N44: Sets Wins Work | Q44: Score | R44: Set 1 Work | T44: Score | U44: Set 2 Work | W44: Score | X44: Tie Work | Y44: Game Played | Z44: Sets Points Work | AA44: Sets & Tie Points Work | AB44: Games Wins Work | AC44: Sets Wins Work | AJ44: Winner Working | AK44: Total Games Work | AL44: Winner
A45: =AE45 -> Victor Rutter / Jennifer Mifsud | B45: 3 | C45: =IF(B45>B47,1,0) -> 0 | E45: 6 | F45: =IF(E45>E47,1,0) -> 1 | H45: 7 | I45: =IF(H45>H47,1,0) -> 0 | J45: =IF(B45="",0,1) -> 1 | K45: =IF(C45+F45=2,3,IF(C45+F45=1,1,0)) -> 1 | L45: =IF(K45=3,3,IF(I45+K45=2,2,IF(K45=1,1,0))) -> 1 | M45: =B45+E45 -> 9 | N45: =C45+F45+I45 -> 1 | P45: =AE45 -> Victor Rutter / Jennifer Mifsud | Q45: 6 | R45: =IF(Q45>Q47,1,0) -> 1 | T45: 6 | U45: =IF(T45>T47,1,0) -> 1 | X45: =IF(W45>W47,1,0) -> 0 | Y45: =IF(Q45="",0,1) -> 1 | Z45: =IF(R45+U45=2,3,IF(R45+U45=1,1,0)) -> 3 | AA45: =IF(Z45=3,3,IF(X45+Z45=2,2,IF(Z45=1,1,0))) -> 3 | AB45: =Q45+T45 -> 12 | AC45: =R45+U45+X45 -> 2 | AE45: =Players!F36& " / " &Players!G36 -> Victor Rutter / Jennifer Mifsud | AF45: =J45+Y45+J49+Y49+J53 -> 5 | AG45: =L45+AA45+L49+AA49+L53 -> 12 | AH45: =M45+AB45+M49+AB49+M53 -> 54 | AI45: =N45+AC45+N49+AC49+N53 -> 9 | AJ45: =MAX(AG45:AG55) -> 13 | AK45: =SUM(AF45:AF55) -> 30 | AL45: =IF(AG45=$AJ$45,AE45,IF(AG47=$AJ$45,AE47,IF(AG49=$AJ$45,AE49,IF(AG51=$AJ$45,AE51,IF(AG53=$AJ$45,AE53,IF(AG55=$AJ$45,AE55,"")))))) -> Ryan Ebejer / Sophia Re
A46: vs. | P46: vs.
A47: =AE47 -> Ryan Ebejer / Sophia Re | B47: 6 | C47: =IF(B47>B45,1,0) -> 1 | E47: 1 | F47: =IF(E47>E45,1,0) -> 0 | H47: 10 | I47: =IF(H47>H45,1,0) -> 1 | J47: =IF(B47="",0,1) -> 1 | K47: =IF(C47+F47=2,3,IF(C47+F47=1,1,0)) -> 1 | L47: =IF(K47=3,3,IF(I47+K47=2,2,IF(K47=1,1,0))) -> 2 | M47: =B47+E47 -> 7 | N47: =C47+F47+I47 -> 2 | P47: =AE49 -> Matthew Micallef / Josette D'Alessandro | Q47: 2 | R47: =IF(Q47>Q45,1,0) -> 0 | T47: 0 | U47: =IF(T47>T45,1,0) -> 0 | X47: =IF(W47>W45,1,0) -> 0 | Y47: =IF(Q47="",0,1) -> 1 | Z47: =IF(R47+U47=2,3,IF(R47+U47=1,1,0)) -> 0 | AA47: =IF(Z47=3,3,IF(X47+Z47=2,2,IF(Z47=1,1,0))) -> 0 | AB47: =Q47+T47 -> 2 | AC47: =R47+U47+X47 -> 0 | AE47: =Players!F37& " / " &Players!G37 -> Ryan Ebejer / Sophia Re | AF47: =J47+Y61+J61+Y57+J57 -> 5 | AG47: =L47+AA61+L61+AA57+L57 -> 13 | AH47: =M47+AB61+M61+AB57+M57 -> 51 | AI47: =N47+AC61+N61+AC57+N57 -> 10
A49: =AE45 -> Victor Rutter / Jennifer Mifsud | B49: 6 | C49: =IF(B49>B51,1,0) -> 1 | E49: 6 | F49: =IF(E49>E51,1,0) -> 1 | I49: =IF(H49>H51,1,0) -> 0 | J49: =IF(B49="",0,1) -> 1 | K49: =IF(C49+F49=2,3,IF(C49+F49=1,1,0)) -> 3 | L49: =IF(K49=3,3,IF(I49+K49=2,2,IF(K49=1,1,0))) -> 3 | M49: =B49+E49 -> 12 | N49: =C49+F49+I49 -> 2 | P49: =AE45 -> Victor Rutter / Jennifer Mifsud | Q49: 7 | R49: =IF(Q49>Q51,1,0) -> 1 | T49: 6 | U49: =IF(T49>T51,1,0) -> 1 | X49: =IF(W49>W51,1,0) -> 0 | Y49: =IF(Q49="",0,1) -> 1 | Z49: =IF(R49+U49=2,3,IF(R49+U49=1,1,0)) -> 3 | AA49: =IF(Z49=3,3,IF(X49+Z49=2,2,IF(Z49=1,1,0))) -> 3 | AB49: =Q49+T49 -> 13 | AC49: =R49+U49+X49 -> 2 | AE49: =Players!F38& " / " &Players!G38 -> Matthew Micallef / Josette D'Alessandro | AF49: =Y65+Y47+Y69+J69+J59 -> 5 | AG49: =AA65+AA47+AA69+L69+L59 -> 0 | AH49: =AB65+AB47+AB69+M69+M59 -> 10 | AI49: =AC65+AC47+AC69+N69+N59 -> 0
A50: vs. | P50: vs.
A51: =AE51 -> Karl Azzopardi / Dawn Azzopardi | B51: 1 | C51: =IF(B51>B49,1,0) -> 0 | E51: 1 | F51: =IF(E51>E49,1,0) -> 0 | I51: =IF(H51>H49,1,0) -> 0 | J51: =IF(B51="",0,1) -> 1 | K51: =IF(C51+F51=2,3,IF(C51+F51=1,1,0)) -> 0 | L51: =IF(K51=3,3,IF(I51+K51=2,2,IF(K51=1,1,0))) -> 0 | M51: =B51+E51 -> 2 | N51: =C51+F51+I51 -> 0 | P51: =AE53 -> Jake Gatt / Nicole Lia | Q51: 5 | R51: =IF(Q51>Q49,1,0) -> 0 | T51: 1 | U51: =IF(T51>T49,1,0) -> 0 | X51: =IF(W51>W49,1,0) -> 0 | Y51: =IF(Q51="",0,1) -> 1 | Z51: =IF(R51+U51=2,3,IF(R51+U51=1,1,0)) -> 0 | AA51: =IF(Z51=3,3,IF(X51+Z51=2,2,IF(Z51=1,1,0))) -> 0 | AB51: =Q51+T51 -> 6 | AC51: =R51+U51+X51 -> 0 | AE51: =Players!F39& " / " &Players!G39 -> Karl Azzopardi / Dawn Azzopardi | AF51: =Y67+J73+J51+Y59+J65 -> 5 | AG51: =AA67+L73+L51+AA59+L65 -> 4 | AH51: =AB67+M73+M51+AB59+M65 -> 34 | AI51: =AC67+N73+N51+AC59+N65 -> 3
A53: =AE45 -> Victor Rutter / Jennifer Mifsud | B53: 2 | C53: =IF(B53>B55,1,0) -> 0 | E53: 6 | F53: =IF(E53>E55,1,0) -> 1 | H53: 10 | I53: =IF(H53>H55,1,0) -> 1 | J53: =IF(B53="",0,1) -> 1 | K53: =IF(C53+F53=2,3,IF(C53+F53=1,1,0)) -> 1 | L53: =IF(K53=3,3,IF(I53+K53=2,2,IF(K53=1,1,0))) -> 2 | M53: =B53+E53 -> 8 | N53: =C53+F53+I53 -> 2 | P53: =AE53 -> Jake Gatt / Nicole Lia | Q53: 0 | R53: =IF(Q53>Q55,1,0) -> 0 | T53: 0 | U53: =IF(T53>T55,1,0) -> 0 | X53: =IF(W53>W55,1,0) -> 0 | Y53: =IF(Q53="",0,1) -> 1 | Z53: =IF(R53+U53=2,3,IF(R53+U53=1,1,0)) -> 0 | AA53: =IF(Z53=3,3,IF(X53+Z53=2,2,IF(Z53=1,1,0))) -> 0 | AB53: =Q53+T53 -> 0 | AC53: =R53+U53+X53 -> 0 | AE53: =Players!F40& " / " &Players!G40 -> Jake Gatt / Nicole Lia | AF53: =Y53+J75+J63+Y51+J71 -> 5 | AG53: =AA53+L75+L63+AA51+L71 -> 5 | AH53: =AB53+M75+M63+AB51+M71 -> 31 | AI53: =AC53+N75+N63+AC51+N71 -> 4
A54: vs. | P54: vs.
A55: =AE55 -> Dunstan Vella / Heidi Tabone | B55: 6 | C55: =IF(B55>B53,1,0) -> 1 | E55: 3 | F55: =IF(E55>E53,1,0) -> 0 | H55: 5 | I55: =IF(H55>H53,1,0) -> 0 | J55: =IF(B55="",0,1) -> 1 | K55: =IF(C55+F55=2,3,IF(C55+F55=1,1,0)) -> 1 | L55: =IF(K55=3,3,IF(I55+K55=2,2,IF(K55=1,1,0))) -> 1 | M55: =B55+E55 -> 9 | N55: =C55+F55+I55 -> 1 | P55: =AE55 -> Dunstan Vella / Heidi Tabone | Q55: 6 | R55: =IF(Q55>Q53,1,0) -> 1 | T55: 6 | U55: =IF(T55>T53,1,0) -> 1 | X55: =IF(W55>W53,1,0) -> 0 | Y55: =IF(Q55="",0,1) -> 1 | Z55: =IF(R55+U55=2,3,IF(R55+U55=1,1,0)) -> 3 | AA55: =IF(Z55=3,3,IF(X55+Z55=2,2,IF(Z55=1,1,0))) -> 3 | AB55: =Q55+T55 -> 12 | AC55: =R55+U55+X55 -> 2 | AE55: =Players!F41& " / " &Players!G41 -> Dunstan Vella / Heidi Tabone | AF55: =Y55+Y63+Y71+J55+J67 -> 5 | AG55: =AA55+AA63+AA71+L55+L67 -> 11 | AH55: =AB55+AB63+AB71+M55+M67 -> 55 | AI55: =AC55+AC63+AC71+N55+N67 -> 8
A57: =AE47 -> Ryan Ebejer / Sophia Re | B57: 6 | C57: =IF(B57>B59,1,0) -> 1 | E57: 6 | F57: =IF(E57>E59,1,0) -> 1 | I57: =IF(H57>H59,1,0) -> 0 | J57: =IF(B57="",0,1) -> 1 | K57: =IF(C57+F57=2,3,IF(C57+F57=1,1,0)) -> 3 | L57: =IF(K57=3,3,IF(I57+K57=2,2,IF(K57=1,1,0))) -> 3 | M57: =B57+E57 -> 12 | N57: =C57+F57+I57 -> 2 | P57: =AE47 -> Ryan Ebejer / Sophia Re | Q57: 6 | R57: =IF(Q57>Q59,1,0) -> 1 | T57: 6 | U57: =IF(T57>T59,1,0) -> 1 | X57: =IF(W57>W59,1,0) -> 0 | Y57: =IF(Q57="",0,1) -> 1 | Z57: =IF(R57+U57=2,3,IF(R57+U57=1,1,0)) -> 3 | AA57: =IF(Z57=3,3,IF(X57+Z57=2,2,IF(Z57=1,1,0))) -> 3 | AB57: =Q57+T57 -> 12 | AC57: =R57+U57+X57 -> 2 | AE57: Group B Winner
A58: vs. | P58: vs. | AE58: Ryan Ebejer/Sophia Re
A59: =AE49 -> Matthew Micallef / Josette D'Alessandro | B59: 1 | C59: =IF(B59>B57,1,0) -> 0 | E59: 1 | F59: =IF(E59>E57,1,0) -> 0 | I59: =IF(H59>H57,1,0) -> 0 | J59: =IF(B59="",0,1) -> 1 | K59: =IF(C59+F59=2,3,IF(C59+F59=1,1,0)) -> 0 | L59: =IF(K59=3,3,IF(I59+K59=2,2,IF(K59=1,1,0))) -> 0 | M59: =B59+E59 -> 2 | N59: =C59+F59+I59 -> 0 | P59: =AE51 -> Karl Azzopardi / Dawn Azzopardi | Q59: 3 | R59: =IF(Q59>Q57,1,0) -> 0 | T59: 2 | U59: =IF(T59>T57,1,0) -> 0 | X59: =IF(W59>W57,1,0) -> 0 | Y59: =IF(Q59="",0,1) -> 1 | Z59: =IF(R59+U59=2,3,IF(R59+U59=1,1,0)) -> 0 | AA59: =IF(Z59=3,3,IF(X59+Z59=2,2,IF(Z59=1,1,0))) -> 0 | AB59: =Q59+T59 -> 5 | AC59: =R59+U59+X59 -> 0
A61: =AE47 -> Ryan Ebejer / Sophia Re | B61: 6 | C61: =IF(B61>B63,1,0) -> 1 | E61: 6 | F61: =IF(E61>E63,1,0) -> 1 | I61: =IF(H61>H63,1,0) -> 0 | J61: =IF(B61="",0,1) -> 1 | K61: =IF(C61+F61=2,3,IF(C61+F61=1,1,0)) -> 3 | L61: =IF(K61=3,3,IF(I61+K61=2,2,IF(K61=1,1,0))) -> 3 | M61: =B61+E61 -> 12 | N61: =C61+F61+I61 -> 2 | P61: =AE47 -> Ryan Ebejer / Sophia Re | Q61: 6 | R61: =IF(Q61>Q63,1,0) -> 1 | T61: 2 | U61: =IF(T61>T63,1,0) -> 0 | W61: 10 | X61: =IF(W61>W63,1,0) -> 1 | Y61: =IF(Q61="",0,1) -> 1 | Z61: =IF(R61+U61=2,3,IF(R61+U61=1,1,0)) -> 1 | AA61: =IF(Z61=3,3,IF(X61+Z61=2,2,IF(Z61=1,1,0))) -> 2 | AB61: =Q61+T61 -> 8 | AC61: =R61+U61+X61 -> 2
A62: vs. | P62: vs.
A63: =AE53 -> Jake Gatt / Nicole Lia | B63: 4 | C63: =IF(B63>B61,1,0) -> 0 | E63: 1 | F63: =IF(E63>E61,1,0) -> 0 | I63: =IF(H63>H61,1,0) -> 0 | J63: =IF(B63="",0,1) -> 1 | K63: =IF(C63+F63=2,3,IF(C63+F63=1,1,0)) -> 0 | L63: =IF(K63=3,3,IF(I63+K63=2,2,IF(K63=1,1,0))) -> 0 | M63: =B63+E63 -> 5 | N63: =C63+F63+I63 -> 0 | P63: =AE55 -> Dunstan Vella / Heidi Tabone | Q63: 4 | R63: =IF(Q63>Q61,1,0) -> 0 | T63: 6 | U63: =IF(T63>T61,1,0) -> 1 | W63: 8 | X63: =IF(W63>W61,1,0) -> 0 | Y63: =IF(Q63="",0,1) -> 1 | Z63: =IF(R63+U63=2,3,IF(R63+U63=1,1,0)) -> 1 | AA63: =IF(Z63=3,3,IF(X63+Z63=2,2,IF(Z63=1,1,0))) -> 1 | AB63: =Q63+T63 -> 10 | AC63: =R63+U63+X63 -> 1
A65: =AE51 -> Karl Azzopardi / Dawn Azzopardi | B65: 3 | C65: =IF(B65>B67,1,0) -> 0 | E65: 2 | F65: =IF(E65>E67,1,0) -> 0 | I65: =IF(H65>H67,1,0) -> 0 | J65: =IF(B65="",0,1) -> 1 | K65: =IF(C65+F65=2,3,IF(C65+F65=1,1,0)) -> 0 | L65: =IF(K65=3,3,IF(I65+K65=2,2,IF(K65=1,1,0))) -> 0 | M65: =B65+E65 -> 5 | N65: =C65+F65+I65 -> 0 | P65: =AE49 -> Matthew Micallef / Josette D'Alessandro | Q65: 0 | R65: =IF(Q65>Q67,1,0) -> 0 | T65: 0 | U65: =IF(T65>T67,1,0) -> 0 | X65: =IF(W65>W67,1,0) -> 0 | Y65: =IF(Q65="",0,1) -> 1 | Z65: =IF(R65+U65=2,3,IF(R65+U65=1,1,0)) -> 0 | AA65: =IF(Z65=3,3,IF(X65+Z65=2,2,IF(Z65=1,1,0))) -> 0 | AB65: =Q65+T65 -> 0 | AC65: =R65+U65+X65 -> 0 | AD65: w/o
A66: vs. | P66: vs.
A67: =AE55 -> Dunstan Vella / Heidi Tabone | B67: 6 | C67: =IF(B67>B65,1,0) -> 1 | E67: 6 | F67: =IF(E67>E65,1,0) -> 1 | I67: =IF(H67>H65,1,0) -> 0 | J67: =IF(B67="",0,1) -> 1 | K67: =IF(C67+F67=2,3,IF(C67+F67=1,1,0)) -> 3 | L67: =IF(K67=3,3,IF(I67+K67=2,2,IF(K67=1,1,0))) -> 3 | M67: =B67+E67 -> 12 | N67: =C67+F67+I67 -> 2 | P67: =AE51 -> Karl Azzopardi / Dawn Azzopardi | Q67: 6 | R67: =IF(Q67>Q65,1,0) -> 1 | T67: 6 | U67: =IF(T67>T65,1,0) -> 1 | X67: =IF(W67>W65,1,0) -> 0 | Y67: =IF(Q67="",0,1) -> 1 | Z67: =IF(R67+U67=2,3,IF(R67+U67=1,1,0)) -> 3 | AA67: =IF(Z67=3,3,IF(X67+Z67=2,2,IF(Z67=1,1,0))) -> 3 | AB67: =Q67+T67 -> 12 | AC67: =R67+U67+X67 -> 2
A69: =AE49 -> Matthew Micallef / Josette D'Alessandro | B69: 0 | C69: =IF(B69>B71,1,0) -> 0 | E69: 0 | F69: =IF(E69>E71,1,0) -> 0 | I69: =IF(H69>H71,1,0) -> 0 | J69: =IF(B69="",0,1) -> 1 | K69: =IF(C69+F69=2,3,IF(C69+F69=1,1,0)) -> 0 | L69: =IF(K69=3,3,IF(I69+K69=2,2,IF(K69=1,1,0))) -> 0 | M69: =B69+E69 -> 0 | N69: =C69+F69+I69 -> 0 | O69: w/o | P69: =AE49 -> Matthew Micallef / Josette D'Alessandro | Q69: 2 | R69: =IF(Q69>Q71,1,0) -> 0 | T69: 4 | U69: =IF(T69>T71,1,0) -> 0 | X69: =IF(W69>W71,1,0) -> 0 | Y69: =IF(Q69="",0,1) -> 1 | Z69: =IF(R69+U69=2,3,IF(R69+U69=1,1,0)) -> 0 | AA69: =IF(Z69=3,3,IF(X69+Z69=2,2,IF(Z69=1,1,0))) -> 0 | AB69: =Q69+T69 -> 6 | AC69: =R69+U69+X69 -> 0
A70: vs. | P70: vs.
A71: =AE53 -> Jake Gatt / Nicole Lia | B71: 6 | C71: =IF(B71>B69,1,0) -> 1 | E71: 6 | F71: =IF(E71>E69,1,0) -> 1 | I71: =IF(H71>H69,1,0) -> 0 | J71: =IF(B71="",0,1) -> 1 | K71: =IF(C71+F71=2,3,IF(C71+F71=1,1,0)) -> 3 | L71: =IF(K71=3,3,IF(I71+K71=2,2,IF(K71=1,1,0))) -> 3 | M71: =B71+E71 -> 12 | N71: =C71+F71+I71 -> 2 | P71: =AE55 -> Dunstan Vella / Heidi Tabone | Q71: 6 | R71: =IF(Q71>Q69,1,0) -> 1 | T71: 6 | U71: =IF(T71>T69,1,0) -> 1 | X71: =IF(W71>W69,1,0) -> 0 | Y71: =IF(Q71="",0,1) -> 1 | Z71: =IF(R71+U71=2,3,IF(R71+U71=1,1,0)) -> 3 | AA71: =IF(Z71=3,3,IF(X71+Z71=2,2,IF(Z71=1,1,0))) -> 3 | AB71: =Q71+T71 -> 12 | AC71: =R71+U71+X71 -> 2
A73: =AE51 -> Karl Azzopardi / Dawn Azzopardi | B73: 6 | C73: =IF(B73>B75,1,0) -> 1 | E73: 4 | F73: =IF(E73>E75,1,0) -> 0 | H73: 5 | I73: =IF(H73>H75,1,0) -> 0 | J73: =IF(B73="",0,1) -> 1 | K73: =IF(C73+F73=2,3,IF(C73+F73=1,1,0)) -> 1 | L73: =IF(K73=3,3,IF(I73+K73=2,2,IF(K73=1,1,0))) -> 1 | M73: =B73+E73 -> 10 | N73: =C73+F73+I73 -> 1
A74: vs.
A75: =AE53 -> Jake Gatt / Nicole Lia | B75: 2 | C75: =IF(B75>B73,1,0) -> 0 | E75: 6 | F75: =IF(E75>E73,1,0) -> 1 | H75: 10 | I75: =IF(H75>H73,1,0) -> 1 | J75: =IF(B75="",0,1) -> 1 | K75: =IF(C75+F75=2,3,IF(C75+F75=1,1,0)) -> 1 | L75: =IF(K75=3,3,IF(I75+K75=2,2,IF(K75=1,1,0))) -> 2 | M75: =B75+E75 -> 8 | N75: =C75+F75+I75 -> 2
P77: Final
P79: Players | Q79: Set Scores | W79: Tie
Q80: Score | R80: Set 1 Work | T80: Score | U80: Set 2 Work | W80: Score | X80: Tie Work | Y80: Game Played | Z80: Sets Points Work | AA80: Sets & Tie Points Work | AB80: Games Wins Work | AC80: Sets Wins Work
P81: =AE22 -> Daniel Farrugia/Diane Farrugia | Q81: 6 | R81: =IF(Q81>Q83,1,0) -> 1 | T81: 6 | U81: =IF(T81>T83,1,0) -> 1 | X81: =IF(W81>W83,1,0) -> 0 | Y81: =IF(Q81="",0,1) -> 1 | Z81: =IF(R81+U81=2,3,IF(R81+U81=1,1,0)) -> 3 | AA81: =IF(Z81=3,3,IF(X81+Z81=2,2,IF(Z81=1,1,0))) -> 3 | AB81: =Q81+T81 -> 12 | AC81: =R81+U81+X81 -> 2
P82: vs.
P83: =AE58 -> Ryan Ebejer/Sophia Re | Q83: 0 | R83: =IF(Q83>Q81,1,0) -> 0 | T83: 1 | U83: =IF(T83>T81,1,0) -> 0 | X83: =IF(W83>W81,1,0) -> 0 | Y83: =IF(Q83="",0,1) -> 1 | Z83: =IF(R83+U83=2,3,IF(R83+U83=1,1,0)) -> 0 | AA83: =IF(Z83=3,3,IF(X83+Z83=2,2,IF(Z83=1,1,0))) -> 0 | AB83: =Q83+T83 -> 1 | AC83: =R83+U83+X83 -> 0
P85: Divison Winner
P86: =IF(AA81>AA83,P81,P83) -> Daniel Farrugia/Diane Farrugia
P89: Divison Runner Up
P90: =IF(AA81<AA83,P81,P83) -> Ryan Ebejer/Sophia Re

Sheet Division 6
A1: Elektra Mixed Doubles 2023
A5: Division 6 - Round 1
A7: Players | B7: Set Scores | H7: Tie | P7: Players | Q7: Set Scores | W7: Tie | AE7: Player | AF7: Games | AG7: Points | AH7: Games Won | AI7: Sets Won
B8: Score | C8: Set 1 Work | E8: Score | F8: Set 2 Work | H8: Score | I8: Tie Work | J8: Game Played | K8: Sets Points Work | L8: Sets & Tie Points Work | M8: Games Wins Work | N8: Sets Wins Work | Q8: Score | R8: Set 1 Work | T8: Score | U8: Set 2 Work | W8: Score | X8: Tie Work | Y8: Game Played | Z8: Sets Points Work | AA8: Sets & Tie Points Work | AB8: Games Wins Work | AC8: Sets Wins Work | AJ8: Winner Working | AK8: Runner Up Working | AL8: Total Games Work | AM8: Winner | AN8: Runner Up
A9: =AE9 -> Kevin Sciberras / Giada Sciberras | B9: 6 | C9: =IF(B9>B11,1,0) -> 1 | E9: 6 | F9: =IF(E9>E11,1,0) -> 1 | I9: =IF(H9>H11,1,0) -> 0 | J9: =IF(B9="",0,1) -> 1 | K9: =IF(C9+F9=2,3,IF(C9+F9=1,1,0)) -> 3 | L9: =IF(K9=3,3,IF(I9+K9=2,2,IF(K9=1,1,0))) -> 3 | M9: =B9+E9 -> 12 | N9: =C9+F9+I9 -> 2 | P9: =AE9 -> Kevin Sciberras / Giada Sciberras | Q9: 7 | R9: =IF(Q9>Q11,1,0) -> 1 | T9: 7 | U9: =IF(T9>T11,1,0) -> 1 | X9: =IF(W9>W11,1,0) -> 0 | Y9: =IF(Q9="",0,1) -> 1 | Z9: =IF(R9+U9=2,3,IF(R9+U9=1,1,0)) -> 3 | AA9: =IF(Z9=3,3,IF(X9+Z9=2,2,IF(Z9=1,1,0))) -> 3 | AB9: =Q9+T9 -> 14 | AC9: =R9+U9+X9 -> 2 | AE9: =Players!B44& " / " &Players!C44 -> Kevin Sciberras / Giada Sciberras | AF9: =J9+J13+Y9+J17+J37+J41+Y37 -> 7 | AG9: =L9+L13+AA9+L17+L37+AA37+L41 -> 10 | AH9: =M9+M13+AB9+M17+M37+M41+AB37 -> 69 | AI9: =N9+N13+AC9+N17+N37+N41+AC37 -> 7 | AJ9: =MAX(AG9:AG19) -> 16 | AK9: =LARGE(AG9:AG19, 2) -> 16 | AL9: =SUM(AF9:AF19) -> 34 | AM9: =IF(AG9=$AJ$9,AE9,IF(AG11=$AJ$9,AE11,IF(AG13=$AJ$9,AE13,IF(AG15=$AJ$9,AE15,IF(AG17=$AJ$9,AE17,IF(AG19=$AJ$9,AE19,"")))))) -> Dayle Scicluna / Alida Borg | AN9: =IF(AG9=$AK$9,AE9,IF(AG11=$AK$9,AE11,IF(AG13=$AK$9,AE13,IF(AG15=$AK$9,AE15,IF(AG17=$AK$9,AE17,IF(AG19=$AK$9,AE19,"")))))) -> Dayle Scicluna / Alida Borg
A10: vs. | P10: vs.
A11: =AE11 -> Clayton Saliba Hersey / Frances Saliba Hersey | B11: 0 | C11: =IF(B11>B9,1,0) -> 0 | E11: 0 | F11: =IF(E11>E9,1,0) -> 0 | I11: =IF(H11>H9,1,0) -> 0 | J11: =IF(B11="",0,1) -> 1 | K11: =IF(C11+F11=2,3,IF(C11+F11=1,1,0)) -> 0 | L11: =IF(K11=3,3,IF(I11+K11=2,2,IF(K11=1,1,0))) -> 0 | M11: =B11+E11 -> 0 | N11: =C11+F11+I11 -> 0 | P11: =AE17 -> Sammy Ben Tamer / Martina Murdocco | Q11: 5 | R11: =IF(Q11>Q9,1,0) -> 0 | T11: 5 | U11: =IF(T11>T9,1,0) -> 0 | X11: =IF(W11>W9,1,0) -> 0 | Y11: =IF(Q11="",0,1) -> 1 | Z11: =IF(R11+U11=2,3,IF(R11+U11=1,1,0)) -> 0 | AA11: =IF(Z11=3,3,IF(X11+Z11=2,2,IF(Z11=1,1,0))) -> 0 | AB11: =Q11+T11 -> 10 | AC11: =R11+U11+X11 -> 0 | AE11: =Players!B45& " / " &Players!C45 -> Clayton Saliba Hersey / Frances Saliba Hersey | AF11: =J11+Y25+J25+Y21+J21 -> 5 | AG11: =L11+AA25+L25+AA21+L21 -> 4 | AH11: =M11+AB25+M25+AB21+M21 -> 28 | AI11: =N11+AC25+N25+AC21+N21 -> 4
A13: =AE9 -> Kevin Sciberras / Giada Sciberras | B13: 7 | C13: =IF(B13>B15,1,0) -> 1 | E13: 3 | F13: =IF(E13>E15,1,0) -> 0 | H13: 7 | I13: =IF(H13>H15,1,0) -> 0 | J13: =IF(B13="",0,1) -> 1 | K13: =IF(C13+F13=2,3,IF(C13+F13=1,1,0)) -> 1 | L13: =IF(K13=3,3,IF(I13+K13=2,2,IF(K13=1,1,0))) -> 1 | M13: =B13+E13 -> 10 | N13: =C13+F13+I13 -> 1 | P13: =AE15 -> Dayle Scicluna / Alida Borg | Q13: 6 | R13: =IF(Q13>Q15,1,0) -> 1 | T13: 6 | U13: =IF(T13>T15,1,0) -> 1 | X13: =IF(W13>W15,1,0) -> 0 | Y13: =IF(Q13="",0,1) -> 1 | Z13: =IF(R13+U13=2,3,IF(R13+U13=1,1,0)) -> 3 | AA13: =IF(Z13=3,3,IF(X13+Z13=2,2,IF(Z13=1,1,0))) -> 3 | AB13: =Q13+T13 -> 12 | AC13: =R13+U13+X13 -> 2 | AE13: =Players!B46& " / " &Players!C46 -> Sean Cachia / Daphne Vella | AF13: =J23 -> 1 | AG13: =L23 -> 2 | AH13: =M23 -> 7 | AI13: =N23 -> 2
A14: vs. | P14: vs.
A15: =AE15 -> Dayle Scicluna / Alida Borg | B15: 6 | C15: =IF(B15>B13,1,0) -> 0 | E15: 6 | F15: =IF(E15>E13,1,0) -> 1 | H15: 10 | I15: =IF(H15>H13,1,0) -> 1 | J15: =IF(B15="",0,1) -> 1 | K15: =IF(C15+F15=2,3,IF(C15+F15=1,1,0)) -> 1 | L15: =IF(K15=3,3,IF(I15+K15=2,2,IF(K15=1,1,0))) -> 2 | M15: =B15+E15 -> 12 | N15: =C15+F15+I15 -> 2 | P15: =AE17 -> Sammy Ben Tamer / Martina Murdocco | Q15: 1 | R15: =IF(Q15>Q13,1,0) -> 0 | T15: 1 | U15: =IF(T15>T13,1,0) -> 0 | X15: =IF(W15>W13,1,0) -> 0 | Y15: =IF(Q15="",0,1) -> 1 | Z15: =IF(R15+U15=2,3,IF(R15+U15=1,1,0)) -> 0 | AA15: =IF(Z15=3,3,IF(X15+Z15=2,2,IF(Z15=1,1,0))) -> 0 | AB15: =Q15+T15 -> 2 | AC15: =R15+U15+X15 -> 0 | AE15: =Players!B47& " / " &Players!C47 -> Dayle Scicluna / Alida Borg | AF15: =Y13+J15+Y23+J29+Y39+Y41+J45 -> 7 | AG15: =AA13+L15+AA23+L29+L45+AA39+AA41 -> 16 | AH15: =AB13+M15+AB23+M29+AB39+AB41+M45 -> 76 | AI15: =AC13+N15+AC23+N29+N45+AC41+AC39 -> 13
A17: =AE9 -> Kevin Sciberras / Giada Sciberras | B17: 1 | C17: =IF(B17>B19,1,0) -> 0 | E17: 4 | F17: =IF(E17>E19,1,0) -> 0 | I17: =IF(H17>H19,1,0) -> 0 | J17: =IF(B17="",0,1) -> 1 | K17: =IF(C17+F17=2,3,IF(C17+F17=1,1,0)) -> 0 | L17: =IF(K17=3,3,IF(I17+K17=2,2,IF(K17=1,1,0))) -> 0 | M17: =B17+E17 -> 5 | N17: =C17+F17+I17 -> 0 | P17: =AE17 -> Sammy Ben Tamer / Martina Murdocco | Q17: 1 | R17: =IF(Q17>Q19,1,0) -> 0 | T17: 0 | U17: =IF(T17>T19,1,0) -> 0 | X17: =IF(W17>W19,1,0) -> 0 | Y17: =IF(Q17="",0,1) -> 1 | Z17: =IF(R17+U17=2,3,IF(R17+U17=1,1,0)) -> 0 | AA17: =IF(Z17=3,3,IF(X17+Z17=2,2,IF(Z17=1,1,0))) -> 0 | AB17: =Q17+T17 -> 1 | AC17: =R17+U17+X17 -> 0 | AE17: =Players!B48& " / " &Players!C48 -> Sammy Ben Tamer / Martina Murdocco | AF17: =Y17+Y15+J27+Y11+J39+Y43+Y45 -> 7 | AG17: =AA17+AA15+L27+AA11+L39+AA43+AA45 -> 3 | AH17: =AB17+AB15+M27+AB11+M39+AB43+AB45 -> 34 | AI17: =AC17+AC15+N27+AC11+N39+AC43+AC45 -> 2
A18: vs. | P18: vs.
A19: =AE19 -> Juan Sammut / Jade Sammut | B19: 6 | C19: =IF(B19>B17,1,0) -> 1 | E19: 6 | F19: =IF(E19>E17,1,0) -> 1 | I19: =IF(H19>H17,1,0) -> 0 | J19: =IF(B19="",0,1) -> 1 | K19: =IF(C19+F19=2,3,IF(C19+F19=1,1,0)) -> 3 | L19: =IF(K19=3,3,IF(I19+K19=2,2,IF(K19=1,1,0))) -> 3 | M19: =B19+E19 -> 12 | N19: =C19+F19+I19 -> 2 | P19: =AE19 -> Juan Sammut / Jade Sammut | Q19: 6 | R19: =IF(Q19>Q17,1,0) -> 1 | T19: 6 | U19: =IF(T19>T17,1,0) -> 1 | X19: =IF(W19>W17,1,0) -> 0 | Y19: =IF(Q19="",0,1) -> 1 | Z19: =IF(R19+U19=2,3,IF(R19+U19=1,1,0)) -> 3 | AA19: =IF(Z19=3,3,IF(X19+Z19=2,2,IF(Z19=1,1,0))) -> 3 | AB19: =Q19+T19 -> 12 | AC19: =R19+U19+X19 -> 2 | AE19: =Players!B49& " / " &Players!C49 -> Juan Sammut / Jade Sammut | AF19: =Y19+Y27+J19+J31+J43+J47+Y47 -> 7 | AG19: =AA19+AA27+L19+L31+L43+L47+AA47 -> 16 | AH19: =AB19+AB27+M19+M31+M43+M47+AB47 -> 73 | AI19: =AC19+AC27+N19+N31+N47+AC47+N43 -> 12
A21: =AE11 -> Clayton Saliba Hersey / Frances Saliba Hersey | B21: 6 | C21: =IF(B21>B23,1,0) -> 1 | E21: 3 | F21: =IF(E21>E23,1,0) -> 0 | H21: 8 | I21: =IF(H21>H23,1,0) -> 0 | J21: =IF(B21="",0,1) -> 1 | K21: =IF(C21+F21=2,3,IF(C21+F21=1,1,0)) -> 1 | L21: =IF(K21=3,3,IF(I21+K21=2,2,IF(K21=1,1,0))) -> 1 | M21: =B21+E21 -> 9 | N21: =C21+F21+I21 -> 1 | P21: =AE11 -> Clayton Saliba Hersey / Frances Saliba Hersey | Q21: 3 | R21: =IF(Q21>Q23,1,0) -> 0 | T21: 6 | U21: =IF(T21>T23,1,0) -> 1 | W21: 10 | X21: =IF(W21>W23,1,0) -> 1 | Y21: =IF(Q21="",0,1) -> 1 | Z21: =IF(R21+U21=2,3,IF(R21+U21=1,1,0)) -> 1 | AA21: =IF(Z21=3,3,IF(X21+Z21=2,2,IF(Z21=1,1,0))) -> 2 | AB21: =Q21+T21 -> 9 | AC21: =R21+U21+X21 -> 2 | AE21: Divison Winner
A22: vs. | P22: vs. | AE22: Dayle Scicluna/Alida Borg
A23: =AE13 -> Sean Cachia / Daphne Vella | B23: 1 | C23: =IF(B23>B21,1,0) -> 0 | E23: 6 | F23: =IF(E23>E21,1,0) -> 1 | H23: 10 | I23: =IF(H23>H21,1,0) -> 1 | J23: =IF(B23="",0,1) -> 1 | K23: =IF(C23+F23=2,3,IF(C23+F23=1,1,0)) -> 1 | L23: =IF(K23=3,3,IF(I23+K23=2,2,IF(K23=1,1,0))) -> 2 | M23: =B23+E23 -> 7 | N23: =C23+F23+I23 -> 2 | P23: =AE15 -> Dayle Scicluna / Alida Borg | Q23: 6 | R23: =IF(Q23>Q21,1,0) -> 1 | T23: 2 | U23: =IF(T23>T21,1,0) -> 0 | W23: 7 | X23: =IF(W23>W21,1,0) -> 0 | Y23: =IF(Q23="",0,1) -> 1 | Z23: =IF(R23+U23=2,3,IF(R23+U23=1,1,0)) -> 1 | AA23: =IF(Z23=3,3,IF(X23+Z23=2,2,IF(Z23=1,1,0))) -> 1 | AB23: =Q23+T23 -> 8 | AC23: =R23+U23+X23 -> 1
A25: =AE11 -> Clayton Saliba Hersey / Frances Saliba Hersey | B25: 0 | C25: =IF(B25>B27,1,0) -> 0 | E25: 0 | F25: =IF(E25>E27,1,0) -> 0 | I25: =IF(H25>H27,1,0) -> 0 | J25: =IF(B25="",0,1) -> 1 | K25: =IF(C25+F25=2,3,IF(C25+F25=1,1,0)) -> 0 | L25: =IF(K25=3,3,IF(I25+K25=2,2,IF(K25=1,1,0))) -> 0 | M25: =B25+E25 -> 0 | N25: =C25+F25+I25 -> 0 | P25: =AE11 -> Clayton Saliba Hersey / Frances Saliba Hersey | Q25: 4 | R25: =IF(Q25>Q27,1,0) -> 0 | T25: 6 | U25: =IF(T25>T27,1,0) -> 1 | W25: 9 | X25: =IF(W25>W27,1,0) -> 0 | Y25: =IF(Q25="",0,1) -> 1 | Z25: =IF(R25+U25=2,3,IF(R25+U25=1,1,0)) -> 1 | AA25: =IF(Z25=3,3,IF(X25+Z25=2,2,IF(Z25=1,1,0))) -> 1 | AB25: =Q25+T25 -> 10 | AC25: =R25+U25+X25 -> 1 | AE25: Divison Runner Up
A26: vs. | P26: vs. | AE26: Juan Sammut/Jade Sammut
A27: =AE17 -> Sammy Ben Tamer / Martina Murdocco | B27: 6 | C27: =IF(B27>B25,1,0) -> 1 | E27: 6 | F27: =IF(E27>E25,1,0) -> 1 | I27: =IF(H27>H25,1,0) -> 0 | J27: =IF(B27="",0,1) -> 1 | K27: =IF(C27+F27=2,3,IF(C27+F27=1,1,0)) -> 3 | L27: =IF(K27=3,3,IF(I27+K27=2,2,IF(K27=1,1,0))) -> 3 | M27: =B27+E27 -> 12 | N27: =C27+F27+I27 -> 2 | P27: =AE19 -> Juan Sammut / Jade Sammut | Q27: 6 | R27: =IF(Q27>Q25,1,0) -> 1 | T27: 2 | U27: =IF(T27>T25,1,0) -> 0 | W27: 11 | X27: =IF(W27>W25,1,0) -> 1 | Y27: =IF(Q27="",0,1) -> 1 | Z27: =IF(R27+U27=2,3,IF(R27+U27=1,1,0)) -> 1 | AA27: =IF(Z27=3,3,IF(X27+Z27=2,2,IF(Z27=1,1,0))) -> 2 | AB27: =Q27+T27 -> 8 | AC27: =R27+U27+X27 -> 2
A29: =AE15 -> Dayle Scicluna / Alida Borg | B29: 6 | C29: =IF(B29>B31,1,0) -> 1 | E29: 5 | F29: =IF(E29>E31,1,0) -> 0 | H29: 10 | I29: =IF(H29>H31,1,0) -> 1 | J29: =IF(B29="",0,1) -> 1 | K29: =IF(C29+F29=2,3,IF(C29+F29=1,1,0)) -> 1 | L29: =IF(K29=3,3,IF(I29+K29=2,2,IF(K29=1,1,0))) -> 2 | M29: =B29+E29 -> 11 | N29: =C29+F29+I29 -> 2
A30: vs.
A31: =AE19 -> Juan Sammut / Jade Sammut | B31: 2 | C31: =IF(B31>B29,1,0) -> 0 | E31: 7 | F31: =IF(E31>E29,1,0) -> 1 | H31: 8 | I31: =IF(H31>H29,1,0) -> 0 | J31: =IF(B31="",0,1) -> 1 | K31: =IF(C31+F31=2,3,IF(C31+F31=1,1,0)) -> 1 | L31: =IF(K31=3,3,IF(I31+K31=2,2,IF(K31=1,1,0))) -> 1 | M31: =B31+E31 -> 9 | N31: =C31+F31+I31 -> 1
A33: Division 6 - Round 2
A35: Players | B35: Set Scores | H35: Tie | P35: Players | Q35: Set Scores | W35: Tie
B36: Score | C36: Set 1 Work | E36: Score | F36: Set 2 Work | H36: Score | I36: Tie Work | J36: Game Played | K36: Sets Points Work | L36: Sets & Tie Points Work | M36: Games Wins Work | N36: Sets Wins Work | Q36: Score | R36: Set 1 Work | T36: Score | U36: Set 2 Work | W36: Score | X36: Tie Work | Y36: Game Played | Z36: Sets Points Work | AA36: Sets & Tie Points Work | AB36: Games Wins Work | AC36: Sets Wins Work
A37: =AE9 -> Kevin Sciberras / Giada Sciberras | B37: 6 | C37: =IF(B37>B39,1,0) -> 1 | E37: 6 | F37: =IF(E37>E39,1,0) -> 1 | I37: =IF(H37>H39,1,0) -> 0 | J37: =IF(B37="",0,1) -> 1 | K37: =IF(C37+F37=2,3,IF(C37+F37=1,1,0)) -> 3 | L37: =IF(K37=3,3,IF(I37+K37=2,2,IF(K37=1,1,0))) -> 3 | M37: =B37+E37 -> 12 | N37: =C37+F37+I37 -> 2 | P37: =AE9 -> Kevin Sciberras / Giada Sciberras | Q37: 2 | R37: =IF(Q37>Q39,1,0) -> 0 | T37: 6 | U37: =IF(T37>T39,1,0) -> 0 | X37: =IF(W37>W39,1,0) -> 0 | Y37: =IF(Q37="",0,1) -> 1 | Z37: =IF(R37+U37=2,3,IF(R37+U37=1,1,0)) -> 0 | AA37: =IF(Z37=3,3,IF(X37+Z37=2,2,IF(Z37=1,1,0))) -> 0 | AB37: =Q37+T37 -> 8 | AC37: =R37+U37+X37 -> 0
A38: vs. | P38: vs.
A39: =AE17 -> Sammy Ben Tamer / Martina Murdocco | B39: 0 | C39: =IF(B39>B37,1,0) -> 0 | E39: 4 | F39: =IF(E39>E37,1,0) -> 0 | I39: =IF(H39>H37,1,0) -> 0 | J39: =IF(B39="",0,1) -> 1 | K39: =IF(C39+F39=2,3,IF(C39+F39=1,1,0)) -> 0 | L39: =IF(K39=3,3,IF(I39+K39=2,2,IF(K39=1,1,0))) -> 0 | M39: =B39+E39 -> 4 | N39: =C39+F39+I39 -> 0 | P39: =AE15 -> Dayle Scicluna / Alida Borg | Q39: 6 | R39: =IF(Q39>Q37,1,0) -> 1 | T39: 7 | U39: =IF(T39>T37,1,0) -> 1 | X39: =IF(W39>W37,1,0) -> 0 | Y39: =IF(Q39="",0,1) -> 1 | Z39: =IF(R39+U39=2,3,IF(R39+U39=1,1,0)) -> 3 | AA39: =IF(Z39=3,3,IF(X39+Z39=2,2,IF(Z39=1,1,0))) -> 3 | AB39: =Q39+T39 -> 13 | AC39: =R39+U39+X39 -> 2
A41: =AE9 -> Kevin Sciberras / Giada Sciberras | B41: 2 | C41: =IF(B41>B43,1,0) -> 0 | E41: 6 | F41: =IF(E41>E43,1,0) -> 0 | I41: =IF(H41>H43,1,0) -> 0 | J41: =IF(B41="",0,1) -> 1 | K41: =IF(C41+F41=2,3,IF(C41+F41=1,1,0)) -> 0 | L41: =IF(K41=3,3,IF(I41+K41=2,2,IF(K41=1,1,0))) -> 0 | M41: =B41+E41 -> 8 | N41: =C41+F41+I41 -> 0 | P41: =AE15 -> Dayle Scicluna / Alida Borg | Q41: 6 | R41: =IF(Q41>Q43,1,0) -> 1 | T41: 6 | U41: =IF(T41>T43,1,0) -> 1 | X41: =IF(W41>W43,1,0) -> 0 | Y41: =IF(Q41="",0,1) -> 1 | Z41: =IF(R41+U41=2,3,IF(R41+U41=1,1,0)) -> 3 | AA41: =IF(Z41=3,3,IF(X41+Z41=2,2,IF(Z41=1,1,0))) -> 3 | AB41: =Q41+T41 -> 12 | AC41: =R41+U41+X41 -> 2
A42: vs. | P42: vs.
A43: =AE19 -> Juan Sammut / Jade Sammut | B43: 6 | C43: =IF(B43>B41,1,0) -> 1 | E43: 7 | F43: =IF(E43>E41,1,0) -> 1 | I43: =IF(H43>H41,1,0) -> 0 | J43: =IF(B43="",0,1) -> 1 | K43: =IF(C43+F43=2,3,IF(C43+F43=1,1,0)) -> 3 | L43: =IF(K43=3,3,IF(I43+K43=2,2,IF(K43=1,1,0))) -> 3 | M43: =B43+E43 -> 13 | N43: =C43+F43+I43 -> 2 | P43: =AE17 -> Sammy Ben Tamer / Martina Murdocco | Q43: 2 | R43: =IF(Q43>Q41,1,0) -> 0 | T43: 1 | U43: =IF(T43>T41,1,0) -> 0 | X43: =IF(W43>W41,1,0) -> 0 | Y43: =IF(Q43="",0,1) -> 1 | Z43: =IF(R43+U43=2,3,IF(R43+U43=1,1,0)) -> 0 | AA43: =IF(Z43=3,3,IF(X43+Z43=2,2,IF(Z43=1,1,0))) -> 0 | AB43: =Q43+T43 -> 3 | AC43: =R43+U43+X43 -> 0
A45: =AE15 -> Dayle Scicluna / Alida Borg | B45: 2 | C45: =IF(B45>B47,1,0) -> 0 | E45: 6 | F45: =IF(E45>E47,1,0) -> 1 | H45: 11 | I45: =IF(H45>H47,1,0) -> 1 | J45: =IF(B45="",0,1) -> 1 | K45: =IF(C45+F45=2,3,IF(C45+F45=1,1,0)) -> 1 | L45: =IF(K45=3,3,IF(I45+K45=2,2,IF(K45=1,1,0))) -> 2 | M45: =B45+E45 -> 8 | N45: =C45+F45+I45 -> 2 | P45: =AE17 -> Sammy Ben Tamer / Martina Murdocco | Q45: 0 | R45: =IF(Q45>Q47,1,0) -> 0 | T45: 2 | U45: =IF(T45>T47,1,0) -> 0 | X45: =IF(W45>W47,1,0) -> 0 | Y45: =IF(Q45="",0,1) -> 1 | Z45: =IF(R45+U45=2,3,IF(R45+U45=1,1,0)) -> 0 | AA45: =IF(Z45=3,3,IF(X45+Z45=2,2,IF(Z45=1,1,0))) -> 0 | AB45: =Q45+T45 -> 2 | AC45: =R45+U45+X45 -> 0
A46: vs. | P46: vs.
A47: =AE19 -> Juan Sammut / Jade Sammut | B47: 6 | C47: =IF(B47>B45,1,0) -> 1 | E47: 1 | F47: =IF(E47>E45,1,0) -> 0 | H47: 9 | I47: =IF(H47>H45,1,0) -> 0 | J47: =IF(B47="",0,1) -> 1 | K47: =IF(C47+F47=2,3,IF(C47+F47=1,1,0)) -> 1 | L47: =IF(K47=3,3,IF(I47+K47=2,2,IF(K47=1,1,0))) -> 1 | M47: =B47+E47 -> 7 | N47: =C47+F47+I47 -> 1 | P47: =AE19 -> Juan Sammut / Jade Sammut | Q47: 6 | R47: =IF(Q47>Q45,1,0) -> 1 | T47: 6 | U47: =IF(T47>T45,1,0) -> 1 | X47: =IF(W47>W45,1,0) -> 0 | Y47: =IF(Q47="",0,1) -> 1 | Z47: =IF(R47+U47=2,3,IF(R47+U47=1,1,0)) -> 3 | AA47: =IF(Z47=3,3,IF(X47+Z47=2,2,IF(Z47=1,1,0))) -> 3 | AB47: =Q47+T47 -> 12 | AC47: =R47+U47+X47 -> 2
