Workbook

Sheet Standings
C2: VLTC SAN MICHEL TEAM TOURNAMENT 2023
C8: ROUND 1
D10: Day 1 | F10: Total Day 1 | I10: Day 2 | K10: Total Day 2 | N10: Day 3 | P10: Total Day 3 | S10: Day 4 | U10: Total Day 4 | X10: Day 5 | Z10: Total Day 5 | AC10: Total Round 1
D11: G | E11: S | F11: G | G11: S | I11: G | J11: S | K11: G | L11: S | N11: G | O11: S | P11: G | Q11: S | S11: G | T11: S | U11: G | V11: S | X11: G | Y11: S | Z11: G | AA11: S | AC11: G | AD11: S
B13: TEAM A: Gabriel Pace | C13: Fri | D13: ='Day 1'!J25 -> 43 | E13: ='Day 1'!L25 -> 6 | F13: =D13+D14 -> 79 | G13: =SUM(E13+E14) -> 10 | I13: ='Day 2 '!J60 -> 27 | J13: ='Day 2 '!L60 -> 2 | K13: =I13+I14 -> 58 | L13: =J13+J14 -> 4 | N13: ='Day 3'!J95 -> 42 | O13: ='Day 3'!L95 -> 5 | P13: =N13+N14 -> 75 | Q13: =O13+O14 -> 8 | S13: ='Day 4'!J95 -> 33 | T13: ='Day 4'!L95 -> 3 | U13: =S13+S14 -> 73 | V13: =T13+T14 -> 9 | X13: ='Day 5'!J25 -> 26 | Y13: ='Day 5'!L25 -> 3 | Z13: =X13+X14 -> 70 | AA13: =Y13+Y14 -> 9 | AC13: =D13+D14+I13+I14+N13+N14+S13+S14+X13+X14 -> 355 | AD13: =SUM(G13+G14+L13+L14+Q13+Q14+V13+V14+AA13+AA14) -> 40
C14: Sat | D14: ='Day 1'!J40 -> 36 | E14: ='Day 1'!L40 -> 4 | I14: ='Day 2 '!J75 -> 31 | J14: ='Day 2 '!L75 -> 2 | N14: ='Day 3'!J110 -> 33 | O14: ='Day 3'!L110 -> 3 | S14: ='Day 4'!J110 -> 40 | T14: ='Day 4'!L110 -> 6 | X14: ='Day 5'!J40 -> 44 | Y14: ='Day 5'!L40 -> 6
B16: TEAM B: Frans Ellul | C16: Fri | D16: ='Day 1'!J95 -> 32 | E16: ='Day 1'!L95 -> 4 | F16: =SUM(D16+D17) -> 64 | G16: =SUM(E16:E17) -> 7 | I16: ='Day 2 '!J25 -> 50 | J16: ='Day 2 '!L25 -> 6 | K16: =SUM(I16+I17) -> 87 | L16: =SUM(J16+J17) -> 9 | N16: ='Day 3'!K60 -> 31 | O16: ='Day 3'!M60 -> 3 | P16: =SUM(N16+N17) -> 72 | Q16: =SUM(O16+O17) -> 8 | S16: ='Day 4'!K95 -> 36 | T16: ='Day 4'!M95 -> 5 | U16: =SUM(S16+S17) -> 64 | V16: =T16+T17 -> 7 | X16: ='Day 5'!J60 -> 31 | Y16: ='Day 5'!L60 -> 4 | Z16: =SUM(X16+X17) -> 75 | AA16: =SUM(Y16+Y17) -> 11 | AC16: =D16+D17+I16+I17+N16+N17+S16+S17+X16+X17 -> 362 | AD16: =SUM(G16+G17+L16+L17+Q16+Q17+V16+V17+AA16+AA17) -> 42
C17: Sat | D17: ='Day 1'!J110 -> 32 | E17: ='Day 1'!L110 -> 3 | I17: ='Day 2 '!J40 -> 37 | J17: ='Day 2 '!L40 -> 3 | N17: ='Day 3'!K75 -> 41 | O17: ='Day 3'!M75 -> 5 | S17: ='Day 4'!K110 -> 28 | T17: ='Day 4'!M110 -> 2 | X17: ='Day 5'!J75 -> 44 | Y17: ='Day 5'!L75 -> 7
B19: TEAM C: Lucienne Meli | C19: Fri | D19: ='Day 1'!K25 -> 29 | E19: ='Day 1'!M25 -> 2 | F19: =D19+D20 -> 66 | G19: =E19+E20 -> 6 | I19: ='Day 2 '!J95 -> 41 | J19: ='Day 2 '!L95 -> 6 | K19: =I19+I20 -> 80 | L19: =J19+J20 -> 11 | N19: ='Day 3'!J25 -> 16 | O19: ='Day 3'!L25 -> 0 | P19: =N19+N20 -> 54 | Q19: =O19+O20 -> 3 | S19: ='Day 4'!J60 -> 36 | T19: ='Day 4'!L60 -> 3 | U19: =S19+S20 -> 81 | V19: =T19+T20 -> 8 | X19: ='Day 5'!K60 -> 37 | Y19: ='Day 5'!M60 -> 4 | Z19: =X19+X20 -> 67 | AA19: =SUM(Y19+Y20) -> 5 | AC19: =D19+D20+I19+I20+N19+N20+S19+S20+X19+X20 -> 348 | AD19: =SUM(E19+E20+J19+J20+O19+O20+T19+T20+Y19+Y20) -> 33
C20: Sat | D20: ='Day 1'!K40 -> 37 | E20: ='Day 1'!M40 -> 4 | I20: ='Day 2 '!J110 -> 39 | J20: ='Day 2 '!L110 -> 5 | N20: ='Day 3'!J40 -> 38 | O20: ='Day 3'!L40 -> 3 | S20: ='Day 4'!J75 -> 45 | T20: ='Day 4'!L75 -> 5 | X20: ='Day 5'!K75 -> 30 | Y20: ='Day 5'!M75 -> 1
B22: TEAM D: Roberto Murdocco | C22: Fri | D22: ='Day 1'!J60 -> 46 | E22: ='Day 1'!L60 -> 7 | F22: =D22+D23 -> 87 | G22: =SUM(E22+E23) -> 12 | I22: ='Day 2 '!K95 -> 23 | J22: ='Day 2 '!M95 -> 2 | K22: =I22+I23 -> 63 | L22: =J22+J23 -> 5 | N22: ='Day 3'!J60 -> 38 | O22: ='Day 3'!L60 -> 5 | P22: =N22+N23 -> 71 | Q22: =O22+O23 -> 8 | S22: ='Day 4'!J25 -> 25 | T22: ='Day 4'!L25 -> 1 | U22: =S22+S23 -> 71 | V22: =T22+T23 -> 8 | X22: ='Day 5'!K25 -> 40 | Y22: ='Day 5'!M25 -> 5 | Z22: =X22+X23 -> 70 | AA22: =SUM(Y22+Y23) -> 7 | AC22: =D22+D23+I22+I23+N22+N23+S22+S23+X22+X23 -> 362 | AD22: =SUM(E22+E23+J22+J23+O22+O23+T22+T23+Y22+Y23) -> 40
C23: Sat | D23: ='Day 1'!J75 -> 41 | E23: ='Day 1'!L75 -> 5 | I23: ='Day 2 '!K110 -> 40 | J23: ='Day 2 '!M110 -> 3 | N23: ='Day 3'!J75 -> 33 | O23: ='Day 3'!L75 -> 3 | S23: ='Day 4'!J40 -> 46 | T23: ='Day 4'!L40 -> 7 | X23: ='Day 5'!K40 -> 30 | Y23: ='Day 5'!M40 -> 2
B25: TEAM E: Aaron Micallef Piccione | C25: Fri | D25: ='Day 1'!K60 -> 17 | E25: ='Day 1'!M60 -> 1 | F25: =D25+D26 -> 52 | G25: =E25+E26 -> 4 | I25: ='Day 2 '!K25 -> 39 | J25: ='Day 2 '!M25 -> 2 | K25: =I25+I26 -> 81 | L25: =J25+J26 -> 7 | N25: ='Day 3'!K95 -> 32 | O25: ='Day 3'!M95 -> 3 | P25: =N25+N26 -> 69 | Q25: =O25+O26 -> 8 | S25: ='Day 4'!K60 -> 44 | T25: ='Day 4'!M60 -> 5 | U25: =S25+S26 -> 79 | V25: =T25+T26 -> 8 | X25: ='Day 5'!J95 -> 33 | Y25: ='Day 5'!L95 -> 2 | Z25: =X25+X26 -> 48 | AA25: =Y25+Y26 -> 3 | AC25: =D25+D26+I25+I26+N25+N26+S25+S26+X25+X26 -> 329 | AD25: =E25+E26+J25+J26+O25+O26+T25+T26+Y25+Y26 -> 30
C26: Sat | D26: ='Day 1'!K75 -> 35 | E26: ='Day 1'!M75 -> 3 | I26: ='Day 2 '!K40 -> 42 | J26: ='Day 2 '!M40 -> 5 | N26: ='Day 3'!K110 -> 37 | O26: ='Day 3'!M110 -> 5 | S26: ='Day 4'!K75 -> 35 | T26: ='Day 4'!M75 -> 3 | X26: ='Day 5'!J110 -> 15 | Y26: ='Day 5'!L110 -> 1
B28: TEAM F: Lonia Carabott | C28: Fri | D28: ='Day 1'!K95 -> 34 | E28: ='Day 1'!M95 -> 4 | F28: =D28+D29 -> 73 | G28: =E28+E29 -> 9 | I28: ='Day 2 '!K60 -> 45 | J28: ='Day 2 '!M60 -> 6 | K28: =I28+I29 -> 86 | L28: =J28+J29 -> 12 | N28: ='Day 3'!K25 -> 48 | O28: ='Day 3'!M25 -> 8 | P28: =N28+N29 -> 89 | Q28: =O28+O29 -> 13 | S28: ='Day 4'!K25 -> 45 | T28: ='Day 4'!M25 -> 7 | U28: =S28+S29 -> 70 | V28: =SUM(T28+T29) -> 8 | X28: ='Day 5'!K95 -> 46 | Y28: ='Day 5'!M95 -> 6 | Z28: =X28+X29 -> 91 | AA28: =Y28+Y29 -> 13 | AC28: =D28+D29+I28+I29+N28+N29+S28+S29+X28+X29 -> 409 | AD28: =E28+E29+J28+J29+O28+O29+T28+T29+Y28+Y29 -> 55
C29: Sat | D29: ='Day 1'!K110 -> 39 | E29: ='Day 1'!M110 -> 5 | I29: ='Day 2 '!K75 -> 41 | J29: ='Day 2 '!M75 -> 6 | N29: ='Day 3'!K40 -> 41 | O29: ='Day 3'!M40 -> 5 | S29: ='Day 4'!K40 -> 25 | T29: ='Day 4'!M40 -> 1 | X29: ='Day 5'!K110 -> 45 | Y29: ='Day 5'!M110 -> 7
C32: ROUND 2
D34: Day 6 | F34: Total Day 6 | I34: Day 7 | K34: Total Day 7 | N34: Day 8 | P34: Total Day 8 | S34: Day 9 | U34: Total Day 9 | X34: Day 10 | Z34: Total Day 10 | AC34: Total Rounds 1 & 2
D35: G | E35: S | F35: G | G35: S | I35: G | J35: S | K35: G | L35: S | N35: G | O35: S | P35: G | Q35: S | S35: G | T35: S | U35: G | V35: S | X35: G | Y35: S | Z35: G | AA35: S | AC35: G | AD35: S
B37: TEAM A: Gabriel Pace | C37: Fri | D37: ='Day 6'!J25 -> 31 | E37: ='Day 6'!L25 -> 3 | F37: =SUM(D37+D38) -> 66 | G37: =SUM(E37+E38) -> 7 | I37: ='Day 7'!J60 -> 29 | J37: ='Day 7'!L60 -> 2 | K37: =I37+I38 -> 70 | L37: =J37+J38 -> 5 | N37: ='Day 8'!J95 -> 46 | O37: ='Day 8'!L95 -> 7 | P37: =N37+N38 -> 79 | Q37: =O37+O38 -> 10 | S37: =SUM('Day 9'!J95) -> 38 | T37: =SUM('Day 9'!L95) -> 5 | U37: =S37+S38 -> 84 | V37: =T37+T38 -> 12 | X37: =SUM('Day 10'!J25) -> 46 | Y37: =SUM('Day 10'!L25) -> 6 | Z37: =X37+X38 -> 88 | AA37: =Y37+Y38 -> 12 | AC37: =SUM(AC13+AC14+F37+F38+K37+K38+P37+P38+U37+U38+Z37+Z38) -> 742 | AD37: =SUM(AD13+G37+L37+Q37+V37+AA37) -> 86
C38: Sat | D38: ='Day 6'!J40 -> 35 | E38: ='Day 6'!L40 -> 4 | I38: ='Day 7'!J75 -> 41 | J38: ='Day 7'!L75 -> 3 | N38: ='Day 8'!J110 -> 33 | O38: ='Day 8'!L110 -> 3 | S38: =SUM('Day 9'!J110) -> 46 | T38: =SUM('Day 9'!L110) -> 7 | X38: =SUM('Day 10'!J40) -> 42 | Y38: =SUM('Day 10'!L40) -> 6
B40: TEAM B: Frans Ellul | C40: Fri | D40: ='Day 6'!J95 -> 38 | E40: ='Day 6'!L95 -> 3 | F40: =SUM(D40+D41) -> 62 | G40: =SUM(E40+E41) -> 5 | I40: ='Day 7'!J25 -> 37 | J40: ='Day 7'!L25 -> 3 | K40: =I40+I41 -> 72 | L40: =J40+J41 -> 5 | N40: ='Day 8'!K60 -> 37 | O40: ='Day 8'!M60 -> 3 | P40: =N40+N41 -> 84 | Q40: =O40+O41 -> 8 | S40: =SUM('Day 9'!K95) -> 29 | T40: =SUM('Day 9'!M95) -> 3 | U40: =S40+S41 -> 56 | V40: =T40+T41 -> 4 | X40: =SUM('Day 10'!J60) -> 41 | Y40: =SUM('Day 10'!L60) -> 5 | Z40: =X40+X41 -> 77 | AA40: =Y40+Y41 -> 9 | AC40: =SUM(AC16+AC17+F40+F41+K40+K41+P40+P41+U40+U41+Z40+Z41) -> 713 | AD40: =SUM(AD16+G40+L40+Q40+V40+AA40) -> 73
C41: Sat | D41: ='Day 6'!J110 -> 24 | E41: ='Day 6'!L110 -> 2 | I41: ='Day 7'!J40 -> 35 | J41: ='Day 7'!L40 -> 2 | N41: ='Day 8'!K75 -> 47 | O41: ='Day 8'!M75 -> 5 | S41: =SUM('Day 9'!K110) -> 27 | T41: =SUM('Day 9'!M110) -> 1 | X41: =SUM('Day 10'!J75) -> 36 | Y41: =SUM('Day 10'!L75) -> 4
B43: TEAM C: Lucienne Meli | C43: Fri | D43: ='Day 6'!K25 -> 42 | E43: ='Day 6'!M25 -> 5 | F43: =SUM(D43+D44) -> 82 | G43: =SUM(E43+E44) -> 9 | I43: ='Day 7'!K95 -> 24 | J43: ='Day 7'!M95 -> 0 | K43: =I43+I44 -> 73 | L43: =J43+J44 -> 8 | N43: ='Day 8'!J25 -> 26 | O43: ='Day 8'!L25 -> 2 | P43: =N43+N44 -> 56 | Q43: =O43+O44 -> 6 | S43: =SUM('Day 9'!J60) -> 48 | T43: =SUM('Day 9'!L60) -> 6 | U43: =S43+S44 -> 86 | V43: =T43+T44 -> 10 | X43: =SUM('Day 10'!K60) -> 25 | Y43: =SUM('Day 10'!M60) -> 3 | Z43: =X43+X44 -> 61 | AA43: =Y43+Y44 -> 7 | AC43: =SUM(AC19+AC20+F43+F44+K43+K44+P43+P44+U43+U44+Z43+Z44) -> 706 | AD43: =SUM(AD19+G43+L43+Q43+V43+AA43) -> 73
C44: Sat | D44: ='Day 6'!K40 -> 40 | E44: ='Day 6'!M40 -> 4 | I44: ='Day 7'!K110 -> 49 | J44: ='Day 7'!M110 -> 8 | N44: ='Day 8'!J40 -> 30 | O44: ='Day 8'!L40 -> 4 | S44: =SUM('Day 9'!J75) -> 38 | T44: =SUM('Day 9'!L75) -> 4 | X44: =SUM('Day 10'!K75) -> 36 | Y44: =SUM('Day 10'!M75) -> 4
B46: TEAM D: Roberto Murdocco | C46: Fri | D46: ='Day 6'!J60 -> 32 | E46: ='Day 6'!L60 -> 1 | F46: =SUM(D46+D47) -> 78 | G46: =SUM(E46+E47) -> 8 | I46: ='Day 7'!J95 -> 48 | J46: ='Day 7'!L95 -> 8 | K46: =I46+I47 -> 73 | L46: =J46+J47 -> 8 | N46: ='Day 8'!J60 -> 39 | O46: ='Day 8'!L60 -> 5 | P46: =N46+N47 -> 79 | Q46: =O46+O47 -> 8 | S46: =SUM('Day 9'!J25) -> 5 | T46: =SUM('Day 9'!L25) -> 0 | U46: =S46+S47 -> 40 | V46: =T46+T47 -> 3 | X46: =SUM('Day 10'!K25) -> 27 | Y46: =SUM('Day 10'!M25) -> 2 | Z46: =X46+X47 -> 59 | AA46: =Y46+Y47 -> 4 | AC46: =SUM(AC22+AC23+F46+F47+K46+K47+P46+P47+U46+U47+Z46+Z47) -> 691 | AD46: =SUM(AD22+G46+L46+Q46+V46+AA46) -> 71
C47: Sat | D47: ='Day 6'!J75 -> 46 | E47: ='Day 6'!L75 -> 7 | I47: ='Day 7'!J110 -> 25 | J47: ='Day 7'!L110 -> 0 | N47: ='Day 8'!J75 -> 40 | O47: ='Day 8'!L75 -> 3 | S47: =SUM('Day 9'!J40) -> 35 | T47: =SUM('Day 9'!L40) -> 3 | X47: =SUM('Day 10'!K40) -> 32 | Y47: =SUM('Day 10'!M40) -> 2
B49: TEAM E: Aaron Micallef Piccione | C49: Fri | D49: ='Day 6'!K60 -> 47 | E49: ='Day 6'!M60 -> 7 | F49: =SUM(D49+D50) -> 75 | G49: =SUM(E49+E50) -> 8 | I49: ='Day 7'!K25 -> 44 | J49: ='Day 7'!M25 -> 5 | K49: =I49+I50 -> 92 | L49: =J49+J50 -> 11 | N49: ='Day 8'!K95 -> 29 | O49: ='Day 8'!M95 -> 1 | P49: =N49+N50 -> 69 | Q49: =O49+O50 -> 6 | S49: =SUM('Day 9'!K60) -> 36 | T49: =SUM('Day 9'!M60) -> 2 | U49: =S49+S50 -> 72 | V49: =T49+T50 -> 6 | X49: =SUM('Day 10'!J95) -> 28 | Y49: =SUM('Day 10'!L95) -> 3 | Z49: =X49+X50 -> 56 | AA49: =Y49+Y50 -> 6 | AC49: =SUM(AC25+AC26+F49+F50+K49+K50+P49+P50+U49+U50+Z49+Z50) -> 693 | AD49: =SUM(AD25+G49+L49+Q49+V49+AA49) -> 67
C50: Sat | D50: ='Day 6'!K75 -> 28 | E50: ='Day 6'!M75 -> 1 | I50: ='Day 7'!K40 -> 48 | J50: ='Day 7'!M40 -> 6 | N50: ='Day 8'!K110 -> 40 | O50: ='Day 8'!M110 -> 5 | S50: =SUM('Day 9'!K75) -> 36 | T50: =SUM('Day 9'!M75) -> 4 | X50: =SUM('Day 10'!J110) -> 28 | Y50: =SUM('Day 10'!L110) -> 3
B52: TEAM F: Lonia Carabott | C52: Fri | D52: ='Day 6'!K95 -> 40 | E52: ='Day 6'!M95 -> 5 | F52: =SUM(D52+D53) -> 87 | G52: =SUM(E52+E53) -> 11 | I52: ='Day 7'!K60 -> 44 | J52: ='Day 7'!M60 -> 6 | K52: =I52+I53 -> 86 | L52: =J52+J53 -> 11 | N52: ='Day 8'!K25 -> 38 | O52: ='Day 8'!M25 -> 6 | P52: =N52+N53 -> 79 | Q52: =O52+O53 -> 10 | S52: =SUM('Day 9'!K25) -> 48 | T52: =SUM('Day 9'!M25) -> 8 | U52: =S52+S53 -> 87 | V52: =T52+T53 -> 13 | X52: =SUM('Day 10'!K95) -> 34 | Y52: =SUM('Day 10'!M95) -> 5 | Z52: =X52+X53 -> 75 | AA52: =Y52+Y53 -> 10 | AC52: =SUM(AC28+AC29+F52+F53+K52+K53+P52+P53+U52+U53+Z52+Z53) -> 823 | AD52: =SUM(AD28+G52+L52+Q52+V52+AA52) -> 110
C53: Sat | D53: ='Day 6'!K110 -> 47 | E53: ='Day 6'!M110 -> 6 | I53: ='Day 7'!K75 -> 42 | J53: ='Day 7'!M75 -> 5 | N53: ='Day 8'!K40 -> 41 | O53: ='Day 8'!M40 -> 4 | S53: =SUM('Day 9'!K40) -> 39 | T53: =SUM('Day 9'!M40) -> 5 | X53: =SUM('Day 10'!K110) -> 41 | Y53: =SUM('Day 10'!M110) -> 5
Q56: `

Sheet Team Selection
A1: VITTORIOSA LAWN TENNIS CLUB
A2: SAN MICHEL TEAM TOURNAMENT - 2023
B4: TEAM A | C4: TEAM B | D4: TEAM C | E4: TEAM D | F4: TEAM E | G4: TEAM F
A5: CAPTAIN | B5: Gabriel Pace | C5: Frans Ellul | D5: Lucienne Meli | E5: Roberto Murdocco | F5: Aaron Micallef Piccione | G5: Lonia Carabott
A6: MEN
A7: A1 | B7: Mark Vella Bonnici | C7: Marcelo Villanueva | D7: Matthew Mifsud | E7: Jesmond Pule' | F7: Adrian Chetcuti | G7: Kurt Carabott
A8: A2 | B8: Andrew Pule' | C8: Eric Roca | D8: Trevor Rutter | E8: Duncan D'Alessandro | F8: John Azzopardi | G8: Nikolai Belli
A9: A3 | B9: Keith Micallef | C9: Reuben Borg | D9: Massimo Giovannini | E9: Luigi Porto | F9: Marco Mercieca | G9: Melchior Farrugia
A11: B1 | B11: Earvin Grech Meli | C11: James Farrugia | D11: Richard Curmi | E11: Fotios Evangelov | F11: George Grech | G11: David Schembri
A12: B2 | B12: Gene Zammit | C12: Clint Agius | D12: Richard Byrne | E12: Kevin Formosa | F12: Ivan Cachia | G12: Ryan Mizzi
A13: B3 | B13: Gabriel Pace | C13: Julian Bilocca | D13: Jonathan Vella | E13: Roberto Murdocco | F13: Stefan Holmin | G13: Willem Steenkamer
A14: B4 | B14: Charles Sacco | C14: George Meekers | D14: Stephen Belli | E14: Manuel Gatt | F14: Manuel Mifsud | G14: Jonathan Martinelli
A16: C1 | B16: Maurice Borg | C16: Juan Debono | D16: Joe Carabott | E16: Sebastian Attard | F16: Matthew Schembri | G16: Max Anastasi
A17: C2 | B17: Jean Paul Vella | C17: Alain Frendo | D17: Victor Rutter | E17: Kristen Cachia | F17: Ivan Saliba | G17: Artiom Kiricenko
A18: C3 | B18: Darrell Pace | C18: Max Anastasi Jr. | D18: Ray Ciantar | E18: Ryan Ebejer | F18: Aaron Micallef Piccione | G18: Julian Esposito
A20: D1 | B20: Twanny Pule' | C20: Denis Caruana | D20: Charles Grech | E20: Simone Re | F20: Joseph Randich | G20: Kenneth Caruana
A21: D2 | B21: Charles Micallef | C21: Kenneth Farrugia | D21: Ahmed Eln Akroud | E21: David Camilleri | F21: Adrian Duca | G21: Charles Borg Grech
A22: D3 | B22: Sean Cachia | C22: Adam Green | D22: Eman Meli | E22: Donald Deguzman | F22: Cory Greenland | G22: Mario Abdilla
A24: LADIES
A25: A1 | B25: Sharon Mizzi | C25: Christine Schembri | D25: Annmarie Mangion | E25: Nicole Fava | F25: Alexia Spiteri Willets | G25: Martina Cuschieri
A26: A2 | B26: Olivia Belli | C26: Celeste Zammit Marquette | D26: Lucienne Meli | E26: Pierina Holmin | F26: Natalya Abela | G26: Elaine Grech
A27: A3 | B27: Kirsty Mercieca | C27: Yasmine Hefny | D27: Anabelle Abela | E27: Romina Gauci | F27: Alison Muscat | G27: Anthea Gauci
A28: A4 | B28: Silvana Portelli | C28: Brenda Baldacchino | D28: Mariska Steenkamer | E28: Alexia Gouder | F28: Julia Barbara | G28: Dorianne Buhagiar
A30: B1 | B30: Deborah Farrugia | C30: Francesca Sciortino | D30: Anabel Borg | E30: Anna Buhagiar | F30: Marthese Camoin | G30: Kristina Briffa
A31: B2 | B31: Nancy Wong | C31: Ann-Marie Attard | D31: Carmen Difesa | E31: Sarah Axiaq | F31: Ruth Micallef | G31: Diane Fenech
A32: B3 | B32: Kelsey Gauci | C32: Diane Debono | D32: Jennifer Roca | E32: Ceridwen Scerri | F32: Jin Attard | G32: Lonia Carabott
A34: C1 | B34: Jodie Stivala | C34: Stefania Camilleri | D34: Mary Borg | E34: Anna Casingena | F34: Christine Seychell | G34: Julie Spiteri
A35: C2 | B35: Elisa Sacco | C35: Anna Ancilleri | D35: Josette Cassar | E35: Anna Napier | F35: Christabelle Chetcuti | G35: Christine Scerri
A36: C3 | B36: Stephanie Hercegovac | C36: Rose Falzon | D36: Jean Frendo | E36: Claire Genovese | F36: Lillian Baldacchino | G36: Anna Fenech

Sheet Encounters Played
C2: VLTC SAN MICHEL TEAM TOURNAMENT 2023
A5: Gabriel Pace | C5: Day 1 | D5: Day 2 | E5: Day 3 | F5: Day 4 | G5: Day 5 | H5: Day 6 | I5: Day 7 | J5: Day 8 | K5: Day 9 | L5: Day 10 | M5: TOTAL
A6: A1 | B6: Mark Vella Bonnici | D6: 1 | E6: 1 | G6: 1 | H6: 1 | I6: 1 | J6: 1 | K6: 1 | L6: 1 | M6: =SUM(C6:L6) -> 8
A7: A2 | B7: Andrew Pule' | C7: 1 | E7: 1 | F7: 1 | G7: 1 | I7: 1 | K7: 1 | M7: =SUM(C7:L7) -> 6
A8: A3 | B8: Keith Micallef | C8: 1 | D8: 1 | F8: 1 | H8: 1 | J8: 1 | L8: 1 | M8: =SUM(C8:L8) -> 6
A9: B1 | B9: Earvin Grech Meli | C9: 1 | E9: 1 | F9: 1 | G9: 1 | H9: 1 | I9: 1 | J9: 1 | L9: 1 | M9: =SUM(C9:L9) -> 8
A10: B2 | B10: Gene Zammit | C10: 1 | D10: 1 | F10: 1 | G10: 1 | H10: 1 | J10: 1 | K10: 1 | L10: 1 | M10: =SUM(C10:L10) -> 8
A11: B3 | B11: Gabriel Pace | C11: 1 | D11: 1 | E11: 1 | G11: 1 | I11: 1 | J11: 1 | K11: 1 | L11: 1 | M11: =SUM(C11:L11) -> 8
A12: B4 | B12: Charles Sacco | D12: 1 | E12: 1 | F12: 1 | H12: 1 | I12: 1 | K12: 1 | M12: =SUM(C12:L12) -> 6
A13: C1 | B13: Maurice Borg | C13: 1 | G13: 1 | H13: 1 | J13: 1 | K13: 1 | L13: 1 | M13: =SUM(C13:L13) -> 6
A14: C2 | B14: Jean Paul Vella | D14: 1 | E14: 1 | F14: 1 | G14: 1 | I14: 1 | K14: 1 | L14: 1 | M14: =SUM(C14:L14) -> 7
A15: C3 | B15: Darrell Pace | C15: 1 | D15: 1 | E15: 1 | F15: 1 | H15: 1 | I15: 1 | J15: 1 | M15: =SUM(C15:L15) -> 7
A16: D1 | B16: Twanny Pule' | C16: 1 | E16: 1 | F16: 1 | G16: 1 | H16: 1 | I16: 1 | J16: 1 | L16: 1 | M16: =SUM(C16:L16) -> 8
A17: D2 | B17: Charles Micallef | D17: 1 | E17: 1 | F17: 1 | H17: 1 | J17: 1 | K17: 1 | M17: =SUM(C17:L17) -> 6
A18: D3 | B18: Sean Cachia | C18: 1 | D18: 1 | G18: 1 | I18: 1 | K18: 1 | L18: 1 | M18: =SUM(C18:L18) -> 6
A19: A1 | B19: Sharon Mizzi | C19: 1 | D19: 1 | F19: 1 | G19: 1 | H19: 1 | I19: 1 | K19: 1 | L19: 1 | M19: =SUM(C19:L19) -> 8
A20: A2 | B20: Olivia Belli | C20: 1 | D20: 1 | E20: 1 | G20: 1 | H20: 1 | I20: 1 | J20: 1 | L20: 1 | M20: =SUM(C20:L20) -> 8
A21: A3 | B21: Kirsty Mercieca | D21: 1 | E21: 1 | F21: 1 | G21: 1 | I21: 1 | J21: 1 | K21: 1 | L21: 1 | M21: =SUM(C21:L21) -> 8
A22: A4 | B22: Silvana Portelli | C22: 1 | E22: 1 | F22: 1 | H22: 1 | J22: 1 | K22: 1 | M22: =SUM(C22:L22) -> 6
A23: B1 | B23: Deborah Farrugia | C23: 1 | E23: 1 | F23: 1 | G23: 1 | J23: 1 | K23: 1 | L23: 1 | M23: =SUM(C23:L23) -> 7
A24: B2 | B24: Nancy Wong | C24: 1 | D24: 1 | F24: 1 | H24: 1 | I24: 1 | J24: 1 | M24: =SUM(C24:L24) -> 6
A25: B3 | B25: Kelsey Gauci | D25: 1 | E25: 1 | G25: 1 | H25: 1 | I25: 1 | K25: 1 | L25: 1 | M25: =SUM(C25:L25) -> 7
A26: C1 | B26: Jodie Stivala | C26: 1 | D26: 1 | F26: 1 | G26: 1 | H26: 1 | I26: 1 | K26: 1 | M26: =SUM(C26:L26) -> 7
A27: C2 | B27: Elisa Sacco | D27: 1 | E27: 1 | F27: 1 | H27: 1 | J27: 1 | K27: 1 | L27: 1 | M27: =SUM(C27:L27) -> 7
A28: C3 | B28: Stephanie Hercegovac | C28: 1 | E28: 1 | G28: 1 | I28: 1 | J28: 1 | L28: 1 | M28: =SUM(C28:L28) -> 6
A30: Frans Ellul | C30: Day 1 | D30: Day 2 | E30: Day 3 | F30: Day 4 | G30: Day 5 | H30: Day 6 | I30: Day 7 | J30: Day 8 | K30: Day 9 | L30: Day 10 | M30: TOTAL
A31: A1 | B31: Marcelo Villanueva | C31: 1 | D31: 1 | F31: 1 | G31: 1 | I31: 1 | J31: 1 | L31: 1 | M31: =SUM(C31:L31) -> 7
A32: A2 | B32: Eric Roca | C32: 1 | E32: 1 | F32: 1 | G32: 1 | H32: 1 | K32: 1 | L32: 1 | M32: =SUM(C32:L32) -> 7
A33: A3 | B33: Reuben Borg | D33: 1 | E33: 1 | H33: 1 | I33: 1 | J33: 1 | K33: 1 | M33: =SUM(C33:L33) -> 6
A34: B1 | B34: James Farrugia | C34: 1 | D34: 1 | E34: 1 | F34: 1 | G34: 1 | H34: 1 | K34: 1 | L34: 1 | M34: =SUM(C34:L34) -> 8
A35: B2 | B35: Clint Agius | C35: 1 | D35: 1 | F35: 1 | G35: 1 | I35: 1 | J35: 1 | K35: 1 | L35: 1 | M35: =SUM(C35:L35) -> 8
A36: B3 | B36: Julian Bilocca | D36: 1 | E36: 1 | G36: 1 | H36: 1 | I36: 1 | J36: 1 | L36: 1 | M36: =SUM(C36:L36) -> 7
A37: B4 | B37: George Meekers | C37: 1 | E37: 1 | F37: 1 | H37: 1 | I37: 1 | J37: 1 | K37: 1 | M37: =SUM(C37:L37) -> 7
A38: C1 | B38: Juan Debono | C38: 1 | D38: 1 | E38: 1 | F38: 1 | K38: 1 | L38: 1 | M38: =SUM(C38:L38) -> 6
A39: C2 | B39: Alain Frendo | C39: 1 | D39: 1 | F39: 1 | G39: 1 | H39: 1 | I39: 1 | J39: 1 | L39: 1 | M39: =SUM(C39:L39) -> 8
A40: C3 | B40: Max Anastasi Jr. | E40: 1 | G40: 1 | H40: 1 | I40: 1 | J40: 1 | K40: 1 | M40: =SUM(C40:L40) -> 6
A41: D1 | B41: Denis Caruana | C41: 1 | D41: 1 | E41: 1 | G41: 1 | H41: 1 | I41: 1 | K41: 1 | L41: 1 | M41: =SUM(C41:L41) -> 8
A42: D2 | B42: Kenneth Farrugia | C42: 1 | F42: 1 | H42: 1 | I42: 1 | J42: 1 | K42: 1 | M42: =SUM(C42:L42) -> 6
A43: D3 | B43: Adam Green | D43: 1 | E43: 1 | F43: 1 | G43: 1 | J43: 1 | L43: 1 | M43: =SUM(C43:L43) -> 6
A44: A1 | B44: Christine Schembri | D44: 1 | E44: 1 | H44: 1 | I44: 1 | J44: 1 | K44: 1 | L44: 1 | M44: =SUM(C44:L44) -> 7
A45: A2 | B45: Celeste Zammit Marquette | C45: 1 | D45: 1 | F45: 1 | G45: 1 | H45: 2 | J45: 1 | L45: 1 | M45: =SUM(C45:L45) -> 8
A46: A3 | B46: Yasmine Hefny | C46: 1 | E46: 1 | F46: 1 | G46: 1 | I46: 1 | K46: 1 | L46: 1 | M46: =SUM(C46:L46) -> 7
A47: A4 | B47: Brenda Baldacchino | C47: 1 | D47: 1 | E47: 1 | F47: 1 | G47: 1 | I47: 1 | J47: 1 | K47: 1 | M47: =SUM(C47:L47) -> 8
A48: B1 | B48: Francesca Sciortino | C48: 1 | D48: 1 | E48: 1 | G48: 1 | H48: 1 | I48: 1 | J48: 1 | K48: 1 | M48: =SUM(C48:L48) -> 8
A49: B2 | B49: Ann-Marie Attard | D49: 1 | E49: 1 | F49: 1 | G49: 1 | J49: 1 | L49: 1 | M49: =SUM(C49:L49) -> 6
A50: B3 | B50: Diane Debono | C50: 1 | F50: 1 | H50: 1 | I50: 1 | K50: 1 | L50: 1 | M50: =SUM(C50:L50) -> 6
A51: C1 | B51: Stefania Camilleri | C51: 1 | D51: 1 | F51: 1 | G51: 1 | H51: 1 | I51: 1 | J51: 1 | L51: 1 | M51: =SUM(C51:L51) -> 8
A52: C2 | B52: Anna Ancilleri | D52: 1 | E52: 1 | G52: 1 | I52: 1 | K52: 1 | L52: 1 | M52: =SUM(C52:L52) -> 6
A53: C3 | B53: Rose Falzon | C53: 1 | E53: 1 | F53: 1 | H53: 1 | J53: 1 | K53: 1 | M53: =SUM(C53:L53) -> 6
A55: Lucienne Meli | C55: Day 1 | D55: Day 2 | E55: Day 3 | F55: Day 4 | G55: Day 5 | H55: Day 6 | I55: Day 7 | J55: Day 8 | K55: Day 9 | L55: Day 10 | M55: TOTAL
A56: A1 | B56: Matthew Mifsud | C56: 1 | D56: 1 | E56: 1 | F56: 1 | H56: 1 | I56: 1 | J56: 1 | L56: 1 | M56: =SUM(C56:L56) -> 8
A57: A2 | B57: Trevor Rutter | C57: 1 | F57: 1 | G57: 1 | I57: 1 | J57: 1 | K57: 1 | M57: =SUM(C57:L57) -> 6
A58: A3 | B58: Massimo Giovannini | D58: 1 | E58: 1 | G58: 1 | H58: 1 | K58: 1 | L58: 1 | M58: =SUM(C58:L58) -> 6
A59: B1 | B59: Richard Curmi | D59: 1 | E59: 1 | F59: 1 | G59: 1 | H59: 1 | I59: 1 | J59: 1 | K59: 1 | M59: =SUM(C59:L59) -> 8
A60: B2 | B60: Richard Byrne | C60: 1 | F60: 1 | G60: 1 | H60: 1 | I60: 1 | J60: 1 | K60: 1 | L60: 1 | M60: =SUM(C60:L60) -> 8
A61: B3 | B61: Jonathan Vella | C61: 1 | D61: 1 | E61: 1 | F61: 1 | H61: 1 | J61: 1 | K61: 1 | L61: 1 | M61: =SUM(C61:L61) -> 8
A62: B4 | B62: Stephen Belli | C62: 1 | D62: 1 | E62: 1 | G62: 1 | I62: 1 | L62: 1 | M62: =SUM(C62:L62) -> 6
A63: C1 | B63: Joe Carabott | C63: 1 | D63: 1 | F63: 1 | H63: 1 | J63: 1 | K63: 1 | L63: 1 | M63: =SUM(C63:L63) -> 7
A64: C2 | B64: Victor Rutter | D64: 1 | E64: 1 | F64: 1 | G64: 1 | I64: 1 | K64: 1 | L64: 1 | M64: =SUM(C64:L64) -> 7
A65: C3 | B65: Ray Ciantar | C65: 1 | E65: 1 | G65: 1 | H65: 1 | I65: 1 | J65: 1 | M65: =SUM(C65:L65) -> 6
A66: D1 | B66: Charles Grech | C66: 1 | D66: 1 | G66: 1 | H66: 1 | I66: 1 | J66: 1 | K66: 1 | L66: 1 | M66: =SUM(C66:L66) -> 8
A67: D2 | B67: Ahmed Eln Akroud | C67: 1 | D67: 1 | E67: 1 | F67: 1 | I67: 1 | L67: 1 | M67: =SUM(C67:L67) -> 6
A68: D3 | B68: Eman Meli | E68: 1 | F68: 1 | G68: 1 | H68: 1 | J68: 1 | K68: 1 | M68: =SUM(C68:L68) -> 6
A69: A1 | B69: Annmarie Mangion | C69: 1 | D69: 1 | E69: 1 | F69: 1 | G69: 1 | H69: 1 | I69: 1 | K69: 1 | M69: =SUM(C69:L69) -> 8
A70: A2 | B70: Lucienne Meli | C70: 1 | D70: 1 | F70: 1 | G70: 1 | H70: 1 | I70: 1 | J70: 1 | L70: 1 | M70: =SUM(C70:L70) -> 8
A71: A3 | B71: Anabelle Abela | C71: 1 | E71: 1 | F71: 1 | H71: 1 | J71: 1 | K71: 1 | L71: 1 | M71: =SUM(C71:L71) -> 7
A72: A4 | B72: Mariska Steenkamer | D72: 1 | E72: 1 | G72: 1 | I72: 1 | J72: 1 | K72: 1 | L72: 1 | M72: =SUM(C72:L72) -> 7
A73: B1 | B73: Anabel Borg | C73: 1 | D73: 1 | E73: 1 | F73: 1 | H73: 1 | I73: 1 | K73: 1 | L73: 1 | M73: =SUM(C73:L73) -> 8
A74: B2 | B74: Carmen Difesa | D74: 1 | F74: 1 | G74: 1 | H74: 1 | J74: 1 | L74: 1 | M74: =SUM(C74:L74) -> 6
A75: B3 | B75: Jennifer Roca | C75: 1 | E75: 1 | G75: 1 | I75: 1 | J75: 1 | K75: 1 | M75: =SUM(C75:L75) -> 6
A76: C1 | B76: Mary Borg | D76: 1 | E76: 1 | F76: 1 | H76: 1 | I76: 1 | J76: 1 | K76: 1 | L76: 1 | M76: =SUM(C76:L76) -> 8
A77: C2 | B77: Josette Cassar | C77: 1 | E77: 1 | G77: 1 | H77: 1 | I77: 1 | K77: 1 | M77: =SUM(C77:L77) -> 6
A78: C3 | B78: Jean Frendo | C78: 1 | D78: 1 | F78: 1 | G78: 1 | J78: 1 | L78: 1 | M78: =SUM(C78:L78) -> 6
A80: Roberto Murdocco | C80: Day 1 | D80: Day 2 | E80: Day 3 | F80: Day 4 | G80: Day 5 | H80: Day 6 | I80: Day 7 | J80: Day 8 | K80: Day 9 | L80: Day 10 | M80: TOTAL
A81: A1 | B81: Jesmond Pule' | C81: 1 | D81: 1 | E81: 1 | G81: 1 | I81: 1 | J81: 1 | L81: 1 | M81: =SUM(C81:L81) -> 7
A82: A2 | B82: Duncan D'Alessandro | C82: 1 | D82: 1 | E82: 1 | F82: 1 | H82: 1 | J82: 1 | K82: 1 | M82: =SUM(C82:L82) -> 7
A83: A3 | B83: Luigi Porto | F83: 1 | G83: 1 | H83: 1 | I83: 1 | K83: 1 | L83: 1 | M83: =SUM(C83:L83) -> 6
A84: B1 | B84: Fotios Evangelov | C84: 1 | D84: 1 | E84: 1 | G84: 1 | H84: 1 | I84: 1 | K84: 1 | L84: 1 | M84: =SUM(C84:L84) -> 8
A85: B2 | B85: Kevin Formosa | C85: 1 | E85: 1 | F85: 1 | G85: 1 | H85: 1 | I85: 1 | J85: 1 | M85: =SUM(C85:L85) -> 7
A86: B3 | B86: Roberto Murdocco | C86: 1 | D86: 1 | F86: 1 | G86: 1 | H86: 1 | J86: 1 | K86: 1 | M86: =SUM(C86:L86) -> 7
A87: B4 | B87: Manuel Gatt | D87: 1 | E87: 1 | F87: 1 | I87: 1 | J87: 1 | K87: 1 | L87: 1 | M87: =SUM(C87:L87) -> 7
A88: C1 | B88: Sebastian Attard | D88: 1 | E88: 1 | F88: 1 | H88: 1 | J88: 1 | K88: 1 | M88: =SUM(C88:L88) -> 6
A89: C2 | B89: Kristen Cachia | C89: 1 | E89: 1 | G89: 1 | H89: 1 | I89: 1 | K89: 1 | M89: =SUM(C89:L89) -> 6
A90: C3 | B90: Ryan Ebejer | C90: 1 | D90: 1 | F90: 1 | G90: 1 | I90: 1 | J90: 1 | M90: =SUM(C90:L90) -> 6
A91: D1 | B91: Simone Re | C91: 1 | D91: 1 | E91: 1 | F91: 1 | H91: 1 | J91: 1 | K91: 1 | L91: 1 | M91: =SUM(C91:L91) -> 8
A92: D2 | B92: David Camilleri | C92: 1 | F92: 1 | G92: 1 | I92: 1 | K92: 1 | L92: 1 | M92: =SUM(C92:L92) -> 6
A93: D3 | B93: Donald Deguzman | D93: 1 | E93: 1 | G93: 1 | H93: 1 | I93: 1 | J93: 1 | M93: =SUM(C93:L93) -> 6
A94: A1 | B94: Nicole Fava | C94: 1 | D94: 1 | E94: 1 | G94: 1 | I94: 1 | J94: 1 | L94: 1 | M94: =SUM(C94:L94) -> 7
A95: A2 | B95: Pierina Holmin | C95: 1 | D95: 1 | E95: 1 | F95: 1 | H95: 1 | I95: 1 | J95: 1 | K95: 1 | M95: =SUM(C95:L95) -> 8
A96: A3 | B96: Romina Gauci | D96: 1 | F96: 1 | G96: 1 | H96: 1 | I96: 1 | J96: 1 | K96: 1 | L96: 1 | M96: =SUM(C96:L96) -> 8
A97: A4 | B97: Alexia Gouder | C97: 1 | E97: 1 | F97: 1 | G97: 1 | H97: 1 | K97: 1 | L97: 1 | M97: =SUM(C97:L97) -> 7
A98: B1 | B98: Anna Buhagiar | C98: 1 | D98: 1 | E98: 1 | G98: 1 | H98: 1 | J98: 1 | K98: 1 | M98: =SUM(C98:L98) -> 7
A99: B2 | B99: Sarah Axiaq | C99: 1 | F99: 1 | G99: 1 | H99: 1 | I99: 1 | K99: 1 | L99: 1 | M99: =SUM(C99:L99) -> 7
A100: B3 | B100: Ceridwen Scerri | D100: 1 | E100: 1 | F100: 1 | I100: 1 | J100: 1 | L100: 1 | M100: =SUM(C100:L100) -> 6
A101: C1 | B101: Anna Casingena | C101: 1 | D101: 1 | F101: 1 | G101: 1 | H101: 1 | I101: 1 | K101: 1 | L101: 1 | M101: =SUM(C101:L101) -> 8
A102: C2 | B102: Anna Napier | E102: 1 | F102: 1 | G102: 1 | I102: 1 | J102: 1 | L102: 1 | M102: =SUM(C102:L102) -> 6
A103: C3 | B103: Claire Genovese | C103: 1 | D103: 1 | E103: 1 | H103: 1 | J103: 1 | K103: 1 | M103: =SUM(C103:L103) -> 6
A105: Aaron Micallef Piccione | C105: Day 1 | D105: Day 2 | E105: Day 3 | F105: Day 4 | G105: Day 5 | H105: Day 6 | I105: Day 7 | J105: Day 8 | K105: Day 9 | L105: Day 10 | M105: TOTAL
A106: A1 | B106: Adrian Chetcuti | C106: 1 | D106: 1 | F106: 1 | G106: 1 | H106: 1 | I106: 1 | K106: 1 | L106: 1 | M106: =SUM(C106:L106) -> 8
A107: A2 | B107: John Azzopardi | C107: 1 | E107: 1 | G107: 1 | I107: 1 | J107: 1 | K107: 1 | M107: =SUM(C107:L107) -> 6
...

Sheet Team Schedule
B2: VLTC SAN MICHEL TEAM TOURNAMENT 2023
D5: COURT 1 | F5: COURT 2 | H5: COURT 4
B7: D A Y 1 | C7: D A T E
B8: Friday | C8: 44581 | D8: A - C | F8: D - E | H8: B - F
B9: Saturday | C9: 44582
B11: D A Y 2
B12: Friday | C12: 44595 | D12: B - E | F12: A - F | H12: C - D
B13: Saturday | C13: 44596
B15: D A Y 3
B16: Mon | C16: 44598 | D16: C - F | F16: D - B | H16: A - E
B17: Wednesday | C17: 44600
B18: Saturday | C18: 44603
B20: D A Y 4
B21: Friday | C21: 44609 | D21: D - F | F21: C - E | H21: A - B
B22: Saturday | C22: 44610
B24: D A Y 5
B25: Friday | C25: 44623 | D25: A - D | F25: B - C | H25: E - F
B26: Saturday | C26: 44624
B28: D A Y 6
B29: Friday | C29: 44630 | D29: A - C | F29: D - E | H29: B - F
B30: Saturday | C30: 44631
B32: D A Y 7
B33: Friday | C33: 44637 | D33: B - E | F33: A - F | H33: C - D
B34: Saturday | C34: 44638
B36: D A Y 8
B37: Friday | C37: 44644 | D37: C - F | F37: D - B | H37: A - E
B38: Saturday | C38: 44645
B40: D A Y 9
B41: Monday | C41: 45012 | D41: D - F | F41: C - E | H41: A - B
B42: Saturday | C42: 45017
B44: D A Y 10
B45: Friday | C45: 45030 | D45: A - D | F45: B - C | H45: E - F
B46: Saturday | C46: 45031

Sheet Day 1
C1: VLTC SAN MICHEL TEAM TOURNAMENT 2023
C6: DAY 1 - 21/01/2023 & 01/02/2023
C9: Court 1
C11: Time | D11: Rubber | E11: TEAM A: Gabriel Pace | G11: vs | H11: TEAM C: Lucienne Meli | J11: Games | L11: Sets
C13: 6.30 pm | D13: Men A | E13: Keith Micallef | F13: Andrew Pule' | G13: vs | H13: Matthew Mifsud | I13: Trevor Rutter | J13: 6 | K13: 4 | L13: =IF(AND(J13>K13,J14>K14),2,IF(J13>K13,1,IF(J14>K14,1,0))) -> 1 | M13: =IF(AND(K13>J13,K14>J14),2,IF(K13>J13,1,IF(K14>J14,1,0))) -> 1
J14: 3 | K14: 6
C16: 6.30 pm | D16: Men C | E16: Maurice Borg | F16: Darrell Pace | G16: vs | H16: Ray Ciantar | I16: Joe Carabott | J16: 6 | K16: 3 | L16: =IF(AND(J16>K16,J17>K17),2,IF(J16>K16,1,IF(J17>K17,1,0))) -> 2 | M16: =IF(AND(K16>J16,K17>J17),2,IF(K16>J16,1,IF(K17>J17,1,0))) -> 0
J17: 6 | K17: 4
C19: 9.00 pm | D19: Lad A | E19: Olivia Belli | F19: Sharon Mizzi | G19: vs | H19: Lucienne Meli | I19: Annabelle Abela | J19: 6 | K19: 2 | L19: =IF(AND(J19>K19,J20>K20),2,IF(J19>K19,1,IF(J20>K20,1,0))) -> 2 | M19: =IF(AND(K19>J19,K20>J20),2,IF(K19>J19,1,IF(K20>J20,1,0))) -> 0
J20: 6 | K20: 4
C22: 6.30 pm | D22: Lad B | E22: Deborah Farrugia | F22: Nancy Wong | G22: vs | H22: Anabel Borg | I22: Jennifer Roca | J22: 4 | K22: 6 | L22: =IF(AND(J22>K22,J23>K23),2,IF(J22>K22,1,IF(J23>K23,1,0))) -> 1 | M22: =IF(AND(K22>J22,K23>J23),2,IF(K22>J22,1,IF(K23>J23,1,0))) -> 1
J23: 6 | K23: 0
C25: Total Day 1 A | J25: =SUM(J13:J23) -> 43 | K25: =SUM(K13:K23) -> 29 | L25: =SUM(L13:L23) -> 6 | M25: =SUM(M13:M23) -> 2
C28: 3.30 pm | D28: Mxd BA | E28: Gene Zammit | F28: Silvana Portelli | G28: vs | H28: Stephen Belli | I28: Ann Marie Mangion | J28: 2 | K28: 6 | L28: =IF(AND(J28>K28,J29>K29),2,IF(J28>K28,1,IF(J29>K29,1,0))) -> 1 | M28: =IF(AND(K28>J28,K29>J29),2,IF(K28>J28,1,IF(K29>J29,1,0))) -> 1
J29: 6 | K29: 4
C31: 4.45 pm | D31: Men B | E31: Earvin Grech Meli | F31: Gabriel Pace | G31: vs | H31: Richard Byrne | I31: Jonathan Vella | J31: 1 | K31: 6 | L31: =IF(AND(J31>K31,J32>K32),2,IF(J31>K31,1,IF(J32>K32,1,0))) -> 1 | M31: =IF(AND(K31>J31,K32>J32),2,IF(K31>J31,1,IF(K32>J32,1,0))) -> 1
J32: 6 | K32: 1
C34: 6.00 pm | D34: Lad C | E34: Jodie Stivala | F34: Stephanie Hercegovac | G34: vs | H34: Josette Cassar | I34: Jean Frendo | J34: 3 | K34: 6 | L34: =IF(AND(J34>K34,J35>K35),2,IF(J34>K34,1,IF(J35>K35,1,0))) -> 1 | M34: =IF(AND(K34>J34,K35>J35),2,IF(K34>J34,1,IF(K35>J35,1,0))) -> 1
J35: 6 | K35: 4
C37: 3.30 pm | D37: Men D | E37: Twanny Pule' | F37: Sean Cachia | G37: vs | H37: Charles Grech | I37: Ahmed Eln Akroud | J37: 6 | K37: 7 | L37: =IF(AND(J37>K37,J38>K38),2,IF(J37>K37,1,IF(J38>K38,1,0))) -> 1 | M37: =IF(AND(K37>J37,K38>J38),2,IF(K37>J37,1,IF(K38>J38,1,0))) -> 1
J38: 6 | K38: 3
C40: Total Day 1B | J40: =SUM(J28:J38) -> 36 | K40: =SUM(K28:K38) -> 37 | L40: =SUM(L28:L38) -> 4 | M40: =SUM(M28:M38) -> 4
C42: Total Day 1 | J42: =J40+J25 -> 79 | K42: =K40+K25 -> 66 | L42: =L40+L25 -> 10 | M42: =M40+M25 -> 6
C44: Court 2
C46: Time | D46: Rubber | E46: TEAM D: Roberto Murdocco | G46: vs | H46: TEAM E: Aaron Micallef Piccione | J46: Games | L46: Sets
C48: 6.30 pm | D48: Lad C | E48: Anna Casingena | F48: Claire Genovese | G48: vs | H48: Christabelle Chetcuti | I48: Lilian Baldacchino | J48: 6 | K48: 0 | L48: =IF(AND(J48>K48,J49>K49),2,IF(J48>K48,1,IF(J49>K49,1,0))) -> 2 | M48: =IF(AND(K48>J48,K49>J49),2,IF(K48>J48,1,IF(K49>J49,1,0))) -> 0
J49: 6 | K49: 0
C51: 7.45 pm | D51: Men A | E51: Jesmond Pule' | F51: Duncan D'alessandro | G51: vs | H51: Clyde Grech | I51: John Azzopardi | J51: 6 | K51: 1 | L51: =IF(AND(J51>K51,J52>K52),2,IF(J51>K51,1,IF(J52>K52,1,0))) -> 2 | M51: =IF(AND(K51>J51,K52>J52),2,IF(K51>J51,1,IF(K52>J52,1,0))) -> 0
J52: 6 | K52: 3
C54: 9.00 pm | D54: Men B | E54: Fotios Evangelou | F54: Kevin Formosa | G54: vs | H54: George Grech | I54: Ivan Cachia | J54: 4 | K54: 6 | L54: =IF(AND(J54>K54,J55>K55),2,IF(J54>K54,1,IF(J55>K55,1,0))) -> 1 | M54: =IF(AND(K54>J54,K55>J55),2,IF(K54>J54,1,IF(K55>J55,1,0))) -> 1
J55: 6 | K55: 1
C57: 7.45 pm | D57: Lad A | E57: Nicole Fava | F57: Pierina Holmin | G57: vs | H57: Alexia Spiteri Willets | I57: Natalya Abela | J57: 6 | K57: 3 | L57: =IF(AND(J57>K57,J58>K58),2,IF(J57>K57,1,IF(J58>K58,1,0))) -> 2 | M57: =IF(AND(K57>J57,K58>J58),2,IF(K57>J57,1,IF(K58>J58,1,0))) -> 0
J58: 6 | K58: 3
C60: Total Day 1 A | J60: =SUM(J48:J58) -> 46 | K60: =SUM(K48:K58) -> 17 | L60: =SUM(L48:L58) -> 7 | M60: =SUM(M48:M58) -> 1
C63: 3.30 pm | D63: Lad B | E63: Anna Buhagiar | F63: Sarah Axiaq | G63: vs | H63: Marthese Camoin | I63: Ruth Micallef | J63: 1 | K63: 6 | L63: =IF(AND(J63>K63,J64>K64),2,IF(J63>K63,1,IF(J64>K64,1,0))) -> 1 | M63: =IF(AND(K63>J63,K64>J64),2,IF(K63>J63,1,IF(K64>J64,1,0))) -> 1
J64: 7 | K64: 5
C66: 4.45 pm | D66: Mxd BA | E66: Roberto Murdocco | F66: Alexia Gouder | G66: vs | H66: Manuel Mifsud | I66: Alison Muscat | J66: 3 | K66: 6 | L66: =IF(AND(J66>K66,J67>K67),2,IF(J66>K66,1,IF(J67>K67,1,0))) -> 1 | M66: =IF(AND(K66>J66,K67>J67),2,IF(K66>J66,1,IF(K67>J67,1,0))) -> 1
J67: 6 | K67: 4
C69: 4.45 pm | D69: Men C | E69: Kristen Cachia | F69: Ryan Ebejer | G69: vs | H69: Matthew Schembri | I69: Aaron Micallef Piccione | J69: 7 | K69: 5 | L69: =IF(AND(J69>K69,J70>K70),2,IF(J69>K69,1,IF(J70>K70,1,0))) -> 2 | M69: =IF(AND(K69>J69,K70>J70),2,IF(K69>J69,1,IF(K70>J70,1,0))) -> 0
J70: 6 | K70: 1
C72: 6.00 pm | D72: Men D | E72: Simone Re | F72: David Camilleri | G72: vs | H72: Joseph Randich | I72: Adrian Duca | J72: 6 | K72: 1 | L72: =IF(AND(J72>K72,J73>K73),2,IF(J72>K72,1,IF(J73>K73,1,0))) -> 1 | M72: =IF(AND(K72>J72,K73>J73),2,IF(K72>J72,1,IF(K73>J73,1,0))) -> 1
J73: 5 | K73: 7
C75: Total Day 1B | J75: =SUM(J63:J73) -> 41 | K75: =SUM(K63:K73) -> 35 | L75: =SUM(L63:L73) -> 5 | M75: =SUM(M63:M73) -> 3
C77: Total Day 1 | J77: =J75+J60 -> 87 | K77: =K75+K60 -> 52 | L77: =L75+L60 -> 12 | M77: =M75+M60 -> 4
C79: Court 4
C81: Time | D81: Rubber | E81: TEAM B: Frans Ellul | G81: vs | H81: TEAM F: Lonia Carabott
C83: 6.30 pm | D83: Lad B | E83: Francesca Sciortino | F83: Diane Debono | G83: vs | H83: Kristina Briffa | I83: Lonia Carabott | J83: 6 | K83: 2 | L83: =IF(AND(J83>K83,J84>K84),2,IF(J83>K83,1,IF(J84>K84,1,0))) -> 2 | M83: =IF(AND(K83>J83,K84>J84),2,IF(K83>J83,1,IF(K84>J84,1,0))) -> 0
J84: 6 | K84: 2
C86: 7.45 pm | D86: MXD | E86: Clint Agius | F86: Brenda Baldacchino | G86: vs | H86: Ryan Mizzi | I86: Anthea Gauci | J86: 2 | K86: 6 | L86: =IF(AND(J86>K86,J87>K87),2,IF(J86>K86,1,IF(J87>K87,1,0))) -> 0 | M86: =IF(AND(K86>J86,K87>J87),2,IF(K86>J86,1,IF(K87>J87,1,0))) -> 2
J87: 2 | K87: 6
C89: 9.00 pm | D89: Men C | E89: Juan Debono | F89: Alain Frendo | G89: vs | H89: Julian Esposito | I89: Artium Kiricenko | J89: 4 | K89: 6 | L89: =IF(AND(J89>K89,J90>K90),2,IF(J89>K89,1,IF(J90>K90,1,0))) -> 0 | M89: =IF(AND(K89>J89,K90>J90),2,IF(K89>J89,1,IF(K90>J90,1,0))) -> 2
J90: 0 | K90: 6
C92: 9.00 pm | D92: Men A | E92: Marcelo Villanueva | F92: Eric Roca | G92: vs | H92: Kurt Carabott | I92: Melchior Farrugia | J92: 6 | K92: 3 | L92: =IF(AND(J92>K92,J93>K93),2,IF(J92>K92,1,IF(J93>K93,1,0))) -> 2 | M92: =IF(AND(K92>J92,K93>J93),2,IF(K92>J92,1,IF(K93>J93,1,0))) -> 0
J93: 6 | K93: 3
C95: Total Day 1 A | J95: =SUM(J83:J93) -> 32 | K95: =SUM(K83:K93) -> 34 | L95: =SUM(L83:L93) -> 4 | M95: =SUM(M83:M93) -> 4
C98: 3.30 pm | D98: Men D | E98: Denis Caruana | F98: Kenneth Farrugia | G98: vs | H98: Kenneth Caruana | I98: Mario Abdilla | J98: 6 | K98: 4 | L98: =IF(AND(J98>K98,J99>K99),2,IF(J98>K98,1,IF(J99>K99,1,0))) -> 1 | M98: =IF(AND(K98>J98,K99>J99),2,IF(K98>J98,1,IF(K99>J99,1,0))) -> 1
J99: 3 | K99: 6
C101: 4.45 pm | D101: Men B | E101: James Farrugia | F101: Georges Meekers | G101: vs | H101: David Schembri | I101: Willem Steenkamer | J101: 1 | K101: 6 | L101: =IF(AND(J101>K101,J102>K102),2,IF(J101>K101,1,IF(J102>K102,1,0))) -> 0 | M101: =IF(AND(K101>J101,K102>J102),2,IF(K101>J101,1,IF(K102>J102,1,0))) -> 2
J102: 5 | K102: 7
C103: g
C104: 6.00 pm | D104: Lad A | E104: Yasmine Hefney | F104: Celeste Zammit Marquette | G104: vs | H104: Martina Cuschieri | I104: Dorianne Buhagiar | J104: 2 | K104: 6 | L104: =IF(AND(J104>K104,J105>K105),2,IF(J104>K104,1,IF(J105>K105,1,0))) -> 1 | M104: =IF(AND(K104>J104,K105>J105),2,IF(K104>J104,1,IF(K105>J105,1,0))) -> 1
J105: 6 | K105: 1
C107: 5.30 pm | D107: Lad C | E107: Stefania Camilleri | F107: Rose Falzon | G107: vs | H107: Julie Spiteri | I107: Christine Scerri | J107: 6 | K107: 3 | L107: =IF(AND(J107>K107,J108>K108),2,IF(J107>K107,1,IF(J108>K108,1,0))) -> 1 | M107: =IF(AND(K107>J107,K108>J108),2,IF(K107>J107,1,IF(K108>J108,1,0))) -> 1
J108: 3 | K108: 6
C110: Total Day 1B | J110: =SUM(J98:J108) -> 32 | K110: =SUM(K98:K108) -> 39 | L110: =SUM(L98:L108) -> 3 | M110: =SUM(M98:M108) -> 5
C112: Total Day 1 | J112: =J110+J95 -> 64 | K112: =K110+K95 -> 73 | L112: =L110+L95 -> 7 | M112: =M110+M95 -> 9

Sheet Day 2 
C1: SAN MICHEL TEAM TOURNAMENT 2023
C6: DAY 2 - 03/02/23 & 04/02/23
C9: Court 1
C11: Time | D11: Rubber | E11: Team B: Frans Ellul | G11: vs | H11: Team E: Aaron Micallef Piccione | J11: Games | L11: Sets
C13: 6.30 pm | D13: Lad B | E13: Francesca Sciortino | F13: Ann Marie Attard | G13: vs | H13: Marthese Camoin | I13: Jin Attard | J13: 7 | K13: 5 | L13: =IF(AND(J13>K13,J14>K14),2,IF(J13>K13,1,IF(J14>K14,1,0))) -> 1 | M13: =IF(AND(K13>J13,K14>J14),2,IF(K13>J13,1,IF(K14>J14,1,0))) -> 1
J14: 6 | K14: 7
C16: 7.45 pm | D16: Lad A | E16: Christine Schembri | F16: Celeste Zammit Marquette | G16: vs | H16: Alexia Spiteri Willets | I16: Alison Muscat | J16: 5 | K16: 7 | L16: =IF(AND(J16>K16,J17>K17),2,IF(J16>K16,1,IF(J17>K17,1,0))) -> 1 | M16: =IF(AND(K16>J16,K17>J17),2,IF(K16>J16,1,IF(K17>J17,1,0))) -> 1
J17: 7 | K17: 5
C19: 9.00 pm | D19: Men A | E19: Marcelo Villanueva | F19: Reuben Borg | G19: vs | H19: Clyde Grech | I19: Marco Mercieca | J19: 6 | K19: 3 | L19: =IF(AND(J19>K19,J20>K20),2,IF(J19>K19,1,IF(J20>K20,1,0))) -> 2 | M19: =IF(AND(K19>J19,K20>J20),2,IF(K19>J19,1,IF(K20>J20,1,0))) -> 0
J20: 6 | K20: 4
C22: 6.30 pm | D22: Men C | E22: Juan Debono | F22: Alain Frendo | G22: vs | H22: Matthew Schembri | I22: Ivan Saliba | J22: 6 | K22: 3 | L22: =IF(AND(J22>K22,J23>K23),2,IF(J22>K22,1,IF(J23>K23,1,0))) -> 2 | M22: =IF(AND(K22>J22,K23>J23),2,IF(K22>J22,1,IF(K23>J23,1,0))) -> 0
J23: 7 | K23: 5
C25: Total Day 2 A | J25: =SUM(J13:J23) -> 50 | K25: =SUM(K13:K23) -> 39 | L25: =SUM(L13:L23) -> 6 | M25: =SUM(M13:M23) -> 2
C28: 3.30 pm | D28: Lad C | E28: Stefania Camilleri | F28: Anna Ancilleri | G28: vs | H28: Christine Seychell | I28: Lillian Baldacchino | J28: 4 | K28: 6 | L28: =IF(AND(J28>K28,J29>K29),2,IF(J28>K28,1,IF(J29>K29,1,0))) -> 0 | M28: =IF(AND(K28>J28,K29>J29),2,IF(K28>J28,1,IF(K29>J29,1,0))) -> 2
J29: 3 | K29: 6
C31: 4.45pm | D31: MXD | E31: Julian Bilocca | F31: Brenda Baldacchino | G31: vs | H31: Manuel Mifsud | I31: Natlaya Abela | J31: 2 | K31: 6 | L31: =IF(AND(J31>K31,J32>K32),2,IF(J31>K31,1,IF(J32>K32,1,0))) -> 0 | M31: =IF(AND(K31>J31,K32>J32),2,IF(K31>J31,1,IF(K32>J32,1,0))) -> 2
J32: 4 | K32: 6
C34: 6.00pm | D34: Men B | E34: James Camilleri | F34: Clint Agius | G34: vs | H34: Ivan Cachia | I34: Stefan Holmin | J34: 4 | K34: 6 | L34: =IF(AND(J34>K34,J35>K35),2,IF(J34>K34,1,IF(J35>K35,1,0))) -> 1 | M34: =IF(AND(K34>J34,K35>J35),2,IF(K34>J34,1,IF(K35>J35,1,0))) -> 1
J35: 7 | K35: 5
C37: 3.30 pm | D37: Men D | E37: Adam Green | F37: Denis Caruana | G37: vs | H37: Joseph Randich | I37: Cory Greenland | J37: 6 | K37: 2 | L37: =IF(AND(J37>K37,J38>K38),2,IF(J37>K37,1,IF(J38>K38,1,0))) -> 2 | M37: =IF(AND(K37>J37,K38>J38),2,IF(K37>J37,1,IF(K38>J38,1,0))) -> 0
J38: 7 | K38: 5
C40: Total Day 2B | J40: =SUM(J28:J38) -> 37 | K40: =SUM(K28:K38) -> 42 | L40: =SUM(L28:L38) -> 3 | M40: =SUM(M28:M38) -> 5
C42: Total Day 2 | J42: =J40+J25 -> 87 | K42: =K40+K25 -> 81 | L42: =L40+L25 -> 9 | M42: =M40+M25 -> 7
C44: Court 2
C46: Time | D46: Rubber | E46: Team A: Gabriel Pace | G46: vs | H46: Team F: Lonia Carabott | J46: Games | L46: Sets
C48: 6.30 pm | D48: MXD | E48: Gabriel Pace | F48: Sharon Mizzi | G48: vs | H48: David Schembri | I48: Elaine Grech | J48: 6 | K48: 4 | L48: =IF(AND(J48>K48,J49>K49),2,IF(J48>K48,1,IF(J49>K49,1,0))) -> 1 | M48: =IF(AND(K48>J48,K49>J49),2,IF(K48>J48,1,IF(K49>J49,1,0))) -> 1
J49: 4 | K49: 6
C51: 7.45 pm | D51: Men B | E51: Gene Zammit | F51: Charles Sacco | G51: vs | H51: Ryan Mizzi | I51: Willem Steenkamer | J51: 5 | K51: 7 | L51: =IF(AND(J51>K51,J52>K52),2,IF(J51>K51,1,IF(J52>K52,1,0))) -> 0 | M51: =IF(AND(K51>J51,K52>J52),2,IF(K51>J51,1,IF(K52>J52,1,0))) -> 2
J52: 4 | K52: 6
C54: 9.00 pm | D54: Men A | E54: Marc Vella Bonnici | F54: Keith Micallef | G54: vs | H54: Kurt Carabott | I54: Nikolai Belli | J54: 1 | K54: 6 | L54: =IF(AND(J54>K54,J55>K55),2,IF(J54>K54,1,IF(J55>K55,1,0))) -> 1 | M54: =IF(AND(K54>J54,K55>J55),2,IF(K54>J54,1,IF(K55>J55,1,0))) -> 1
J55: 6 | K55: 4
C57: 7.45 pm | D57: Lad B | E57: Nancy Wong | F57: Kelsey Gauci | G57: vs | H57: Kristina Briffa | I57: Diane Fenech | J57: 0 | K57: 6 | L57: =IF(AND(J57>K57,J58>K58),2,IF(J57>K57,1,IF(J58>K58,1,0))) -> 0 | M57: =IF(AND(K57>J57,K58>J58),2,IF(K57>J57,1,IF(K58>J58,1,0))) -> 2
J58: 1 | K58: 6
C60: Total Day 2 A | J60: =SUM(J48:J58) -> 27 | K60: =SUM(K48:K58) -> 45 | L60: =SUM(L48:L58) -> 2 | M60: =SUM(M48:M58) -> 6
C63: 3.30 pm | D63: Men D | E63: Charles Micallef | F63: Sean Cachia | G63: vs | H63: Kenneth Caruana | I63: Charles Borg Grech | J63: 3 | K63: 6 | L63: =IF(AND(J63>K63,J64>K64),2,IF(J63>K63,1,IF(J64>K64,1,0))) -> 0 | M63: =IF(AND(K63>J63,K64>J64),2,IF(K63>J63,1,IF(K64>J64,1,0))) -> 2
J64: 3 | K64: 6
C66: 4.45 pm | D66: Men C | E66: Jean Paul Vella | F66: Darrell Pace | G66: vs | H66: Artiom Kiricenko | I66: Julian Esposito | J66: 1 | K66: 6 | L66: =IF(AND(J66>K66,J67>K67),2,IF(J66>K66,1,IF(J67>K67,1,0))) -> 0 | M66: =IF(AND(K66>J66,K67>J67),2,IF(K66>J66,1,IF(K67>J67,1,0))) -> 2
J67: 4 | K67: 6
C69: 6.00 pm | D69: Lad A | E69: Olivia Belli | F69: Kirsty Mercieca | G69: vs | H69: Anthea Gauci | I69: Dorianne Buhagiar | J69: 6 | K69: 7 | L69: =IF(AND(J69>K69,J70>K70),2,IF(J69>K69,1,IF(J70>K70,1,0))) -> 1 | M69: =IF(AND(K69>J69,K70>J70),2,IF(K69>J69,1,IF(K70>J70,1,0))) -> 1
J70: 6 | K70: 3
C72: 5.15 pm | D72: Lad C | E72: Jodie Stivala | F72: Elisa Sacco | G72: vs | H72: Julie Spiteri | I72: Anna Fenech | J72: 2 | K72: 6 | L72: =IF(AND(J72>K72,J73>K73),2,IF(J72>K72,1,IF(J73>K73,1,0))) -> 1 | M72: =IF(AND(K72>J72,K73>J73),2,IF(K72>J72,1,IF(K73>J73,1,0))) -> 1
J73: 6 | K73: 1
C75: Total Day 2B | J75: =SUM(J63:J73) -> 31 | K75: =SUM(K63:K73) -> 41 | L75: =SUM(L63:L73) -> 2 | M75: =SUM(M63:M73) -> 6
C77: Total Day 2 | J77: =J75+J60 -> 58 | K77: =K75+K60 -> 86 | L77: =L75+L60 -> 4 | M77: =M75+M60 -> 12
C79: Court 4
C81: Time | D81: Rubber | E81: Team C: Lucienne Meli | G81: vs | H81: Team D: Roberto Murdocco | J81: Games | L81: Sets
C83: 6.30 pm | D83: MXD | E83: Jonathan Vella | F83: Lucienne Meli Bellizzi | G83: vs | H83: Manuel Gatt | I83: Nicole Fava | J83: 6 | K83: 4 | L83: =IF(AND(J83>K83,J84>K84),2,IF(J83>K83,1,IF(J84>K84,1,0))) -> 2 | M83: =IF(AND(K83>J83,K84>J84),2,IF(K83>J83,1,IF(K84>J84,1,0))) -> 0
J84: 6 | K84: 1
C86: 7.45 pm | D86: Lad B | E86: Carmen Difesa | F86: Anabel Borg | G86: vs | H86: Anna Buhagiar | I86: Ceridwen Scerri | J86: 6 | K86: 1 | L86: =IF(AND(J86>K86,J87>K87),2,IF(J86>K86,1,IF(J87>K87,1,0))) -> 2 | M86: =IF(AND(K86>J86,K87>J87),2,IF(K86>J86,1,IF(K87>J87,1,0))) -> 0
J87: 6 | K87: 0
C89: 9.00 pm | D89: Men C | E89: Joe Carabott | F89: Victor Rutter | G89: vs | H89: Sebastian Attard | I89: Ryan Ebejer | J89: 2 | K89: 6 | L89: =IF(AND(J89>K89,J90>K90),2,IF(J89>K89,1,IF(J90>K90,1,0))) -> 0 | M89: =IF(AND(K89>J89,K90>J90),2,IF(K89>J89,1,IF(K90>J90,1,0))) -> 2
J90: 3 | K90: 6
C92: 9.00 pm | D92: Men D | E92: Charles Grech | F92: Ahmed Elnakroud | G92: vs | H92: Simone Re | I92: Donald Deguzman | J92: 6 | K92: 3 | L92: =IF(AND(J92>K92,J93>K93),2,IF(J92>K92,1,IF(J93>K93,1,0))) -> 2 | M92: =IF(AND(K92>J92,K93>J93),2,IF(K92>J92,1,IF(K93>J93,1,0))) -> 0
J93: 6 | K93: 2
C95: Total Day 2 A | J95: =SUM(J83:J93) -> 41 | K95: =SUM(K83:K93) -> 23 | L95: =SUM(L83:L93) -> 6 | M95: =SUM(M83:M93) -> 2
C98: 3.30 pm | D98: Lad C | E98: Mary Borg | F98: Jean Frendo | G98: vs | H98: Anna Casingena | I98: Claire Genovese | J98: 3 | K98: 6 | L98: =IF(AND(J98>K98,J99>K99),2,IF(J98>K98,1,IF(J99>K99,1,0))) -> 1 | M98: =IF(AND(K98>J98,K99>J99),2,IF(K98>J98,1,IF(K99>J99,1,0))) -> 1
J99: 6 | K99: 4
C101: 4.45 pm | D101: Lad A | E101: Ann Marie Mangion | F101: Mariska Steenkamer | G101: vs | H101: Romina Gauci | I101: Pierina Holmin | J101: 7 | K101: 5 | L101: =IF(AND(J101>K101,J102>K102),2,IF(J101>K101,1,IF(J102>K102,1,0))) -> 2 | M101: =IF(AND(K101>J101,K102>J102),2,IF(K101>J101,1,IF(K102>J102,1,0))) -> 0
J102: 6 | K102: 4
C104: 6.00 pm | D104: Men B | E104: Jonathan Vella (Pro Roderick Spiteri) | F104: Stephen Belli | G104: vs | H104: Roberto Murdocco | I104: Fotios Evangelou | J104: 6 | K104: 4 | L104: =IF(AND(J104>K104,J105>K105),2,IF(J104>K104,1,IF(J105>K105,1,0))) -> 1 | M104: =IF(AND(K104>J104,K105>J105),2,IF(K104>J104,1,IF(K105>J105,1,0))) -> 1
J105: 3 | K105: 6
C107: 3.00pm | D107: Men A | E107: Matthew Mifsud | F107: Massimo Giovannini | G107: vs | H107: Jesmond Pule' | I107: Duncan D'alessandro | J107: 7 | K107: 5 | L107: =IF(AND(J107>K107,J108>K108),2,IF(J107>K107,1,IF(J108>K108,1,0))) -> 1 | M107: =IF(AND(K107>J107,K108>J108),2,IF(K107>J107,1,IF(K108>J108,1,0))) -> 1
J108: 1 | K108: 6
C110: Total Day 2B | J110: =SUM(J98:J108) -> 39 | K110: =SUM(K98:K108) -> 40 | L110: =SUM(L98:L108) -> 5 | M110: =SUM(M98:M108) -> 3
C112: Total Day 2 | J112: =J110+J95 -> 80 | K112: =K110+K95 -> 63 | L112: =L110+L95 -> 11 | M112: =M110+M95 -> 5

Sheet Day 3
B1: z | C1: SAN MICHEL TEAM TOURNAMENT 2023
C6: DAY 3 - 06/02/2023, 08/02/2023 & 11/02/2023
C9: Court 1
C11: Time | D11: Rubber | E11: TEAM C: Lucienne Meli | G11: vs | H11: TEAM F: Lonia Carabott | J11: Games | L11: Sets
C13: 6.30 pm | D13: MXD | E13: Jonathan Vella | F13: Mariska Steenkamer | G13: vs | H13: David Schembri | I13: Dorianne Buhagiar | J13: 2 | K13: 6 | L13: =IF(AND(J13>K13,J14>K14),2,IF(J13>K13,1,IF(J14>K14,1,0))) -> 0 | M13: =IF(AND(K13>J13,K14>J14),2,IF(K13>J13,1,IF(K14>J14,1,0))) -> 2
J14: 3 | K14: 6
C16: 7.45 pm | D16: Men D | E16: Ahmed Elnakroud | F16: Eman Meli | G16: vs | H16: Kenneth Caruana | I16: Charles Borg Grech | J16: 2 | K16: 6 | L16: =IF(AND(J16>K16,J17>K17),2,IF(J16>K16,1,IF(J17>K17,1,0))) -> 0 | M16: =IF(AND(K16>J16,K17>J17),2,IF(K16>J16,1,IF(K17>J17,1,0))) -> 2
J17: 1 | K17: 6
C19: 9.00 pm | D19: Men A | E19: Matthew Mifsud | F19: Massimo Giovannini | G19: vs | H19: Melchior Farrugia | I19: Nikolai Belli | J19: 3 | K19: 6 | L19: =IF(AND(J19>K19,J20>K20),2,IF(J19>K19,1,IF(J20>K20,1,0))) -> 0 | M19: =IF(AND(K19>J19,K20>J20),2,IF(K19>J19,1,IF(K20>J20,1,0))) -> 2
J20: 1 | K20: 6
C22: 9.00 pm | D22: Lad A | E22: Ann Marie Mangion | F22: Annabelle Abela | G22: vs | H22: Martina Cuschieri | I22: Elaine Grech | J22: 2 | K22: 6 | L22: =IF(AND(J22>K22,J23>K23),2,IF(J22>K22,1,IF(J23>K23,1,0))) -> 0 | M22: =IF(AND(K22>J22,K23>J23),2,IF(K22>J22,1,IF(K23>J23,1,0))) -> 2
J23: 2 | K23: 6
C25: Total Day 3 A | J25: =SUM(J13:J23) -> 16 | K25: =SUM(K13:K23) -> 48 | L25: =SUM(L13:L23) -> 0 | M25: =SUM(M13:M23) -> 8
C28: 3.30 pm | D28: Men C | E28: Victor Rutter | F28: Ray Ciantar | G28: vs | H28: Artium Kiricenko | I28: Julian Esposito | J28: 5 | K28: 7 | L28: =IF(AND(J28>K28,J29>K29),2,IF(J28>K28,1,IF(J29>K29,1,0))) -> 0 | M28: =IF(AND(K28>J28,K29>J29),2,IF(K28>J28,1,IF(K29>J29,1,0))) -> 2
J29: 2 | K29: 6
C31: 4.45 pm | D31: Lad C | E31: Mary Borg | F31: Josette Cassar | G31: vs | H31: Julie Spiteri | I31: Christine Scerri | J31: 6 | K31: 2 | L31: =IF(AND(J31>K31,J32>K32),2,IF(J31>K31,1,IF(J32>K32,1,0))) -> 1 | M31: =IF(AND(K31>J31,K32>J32),2,IF(K31>J31,1,IF(K32>J32,1,0))) -> 1
J32: 4 | K32: 6
C34: 6.00 pm | D34: Lad B | E34: Jennifer Roca | F34: Anabel Borg | G34: vs | H34: Lonia Carabott | I34: Diane Fenech | J34: 7 | K34: 5 | L34: =IF(AND(J34>K34,J35>K35),2,IF(J34>K34,1,IF(J35>K35,1,0))) -> 1 | M34: =IF(AND(K34>J34,K35>J35),2,IF(K34>J34,1,IF(K35>J35,1,0))) -> 1
J35: 4 | K35: 6
C37: 3.00 pm | D37: Men B | E37: Richard Curmi | F37: Stephen Belli | G37: vs | H37: Willem Steenkamer | I37: Jonathan Martinelli | J37: 4 | K37: 6 | L37: =IF(AND(J37>K37,J38>K38),2,IF(J37>K37,1,IF(J38>K38,1,0))) -> 1 | M37: =IF(AND(K37>J37,K38>J38),2,IF(K37>J37,1,IF(K38>J38,1,0))) -> 1
J38: 6 | K38: 3
C40: Total Day 3B | J40: =SUM(J28:J38) -> 38 | K40: =SUM(K28:K38) -> 41 | L40: =SUM(L28:L38) -> 3 | M40: =SUM(M28:M38) -> 5
C42: Total Day 3 | J42: =J40+J25 -> 54 | K42: =K40+K25 -> 89 | L42: =L40+L25 -> 3 | M42: =M40+M25 -> 13
C44: Court 2
C46: Time | D46: Rubber | E46: TEAM D: Roberto Murdocco | G46: vs | H46: TEAM B: Frans Ellul | J46: Games | L46: Sets
C48: 6.30 pm | D48: Lad C | E48: Anna Napier | F48: Claire Genovese | G48: vs | H48: Anna Ancilleri | I48: Rose Falzon | J48: 6 | K48: 0 | L48: =IF(AND(J48>K48,J49>K49),2,IF(J48>K48,1,IF(J49>K49,1,0))) -> 2 | M48: =IF(AND(K48>J48,K49>J49),2,IF(K48>J48,1,IF(K49>J49,1,0))) -> 0
J49: 6 | K49: 2
C51: 7.45 pm | D51: Men C | E51: Sebastian Attard | F51: Kristen Cachia | G51: vs | H51: Juan Debono | I51: Max Anastasi Jr | J51: 7 | K51: 5 | L51: =IF(AND(J51>K51,J52>K52),2,IF(J51>K51,1,IF(J52>K52,1,0))) -> 1 | M51: =IF(AND(K51>J51,K52>J52),2,IF(K51>J51,1,IF(K52>J52,1,0))) -> 1
J52: 3 | K52: 6
C54: 9.00 pm | D54: MXD | E54: Kevin Formosa | F54: Pierina Holmin | G54: vs | H54: James Farrugia | I54: Brenda Baldacchino | J54: 7 | K54: 5 | L54: =IF(AND(J54>K54,J55>K55),2,IF(J54>K54,1,IF(J55>K55,1,0))) -> 2 | M54: =IF(AND(K54>J54,K55>J55),2,IF(K54>J54,1,IF(K55>J55,1,0))) -> 0
J55: 6 | K55: 1
D57: Men D | E57: Simone Re | F57: Donald Deguzman | G57: vs | H57: Adam Green | I57: Denis Caruana | J57: 3 | K57: 6 | L57: =IF(AND(J57>K57,J58>K58),2,IF(J57>K57,1,IF(J58>K58,1,0))) -> 0 | M57: =IF(AND(K57>J57,K58>J58),2,IF(K57>J57,1,IF(K58>J58,1,0))) -> 2
J58: 0 | K58: 6
C60: Total Day 3 A | J60: =SUM(J48:J58) -> 38 | K60: =SUM(K48:K58) -> 31 | L60: =SUM(L48:L58) -> 5 | M60: =SUM(M48:M58) -> 3
C63: 3.30 pm | D63: Men B | E63: Fotios Evangelou | F63: Manuel Gatt | G63: vs | H63: Georges Meekers | I63: Julian Bilocca | J63: 7 | K63: 5 | L63: =IF(AND(J63>K63,J64>K64),2,IF(J63>K63,1,IF(J64>K64,1,0))) -> 2 | M63: =IF(AND(K63>J63,K64>J64),2,IF(K63>J63,1,IF(K64>J64,1,0))) -> 0
J64: 6 | K64: 1
C66: 4.45 pm | D66: Lad B | E66: Anna Buhagiar | F66: Ceridwen Scerri | G66: vs | H66: Ann-Marie Attard | I66: Francesca Sciortino | J66: 2 | K66: 6 | L66: =IF(AND(J66>K66,J67>K67),2,IF(J66>K66,1,IF(J67>K67,1,0))) -> 0 | M66: =IF(AND(K66>J66,K67>J67),2,IF(K66>J66,1,IF(K67>J67,1,0))) -> 2
J67: 1 | K67: 6
C69: 6.00 pm | D69: Lad A | E69: Nicole Meli | F69: Alexia Gouder | G69: vs | H69: Christine Schembri | I69: Yasmine Hefny | J69: 4 | K69: 6 | L69: =IF(AND(J69>K69,J70>K70),2,IF(J69>K69,1,IF(J70>K70,1,0))) -> 0 | M69: =IF(AND(K69>J69,K70>J70),2,IF(K69>J69,1,IF(K70>J70,1,0))) -> 2
J70: 2 | K70: 6
C72: 4.45 pm | D72: Men A | E72: Jesmond Pule' | F72: Duncan D'Alessandro | G72: vs | H72: Eric Roca | I72: Reuben Borg | J72: 4 | K72: 6 | L72: =IF(AND(J72>K72,J73>K73),2,IF(J72>K72,1,IF(J73>K73,1,0))) -> 1 | M72: =IF(AND(K72>J72,K73>J73),2,IF(K72>J72,1,IF(K73>J73,1,0))) -> 1
J73: 7 | K73: 5
C75: Total Day 3B | J75: =SUM(J63:J73) -> 33 | K75: =SUM(K63:K73) -> 41 | L75: =SUM(L63:L73) -> 3 | M75: =SUM(M63:M73) -> 5
C77: Total Day 3 | J77: =J75+J60 -> 71 | K77: =K75+K60 -> 72 | L77: =L75+L60 -> 8 | M77: =M75+M60 -> 8
C79: Court 4
C81: Time | D81: Rubber | E81: TEAM A: Gabriel Pace | G81: vs | H81: TEAM E: Aaron Micallef Piccione
C83: 6.30 pm | D83: Lad B | E83: Deborah Farrugia | F83: Kelsey Gauci | G83: vs | H83: Ruth Micallef | I83: Jin Attard | J83: 6 | K83: 4 | L83: =IF(AND(J83>K83,J84>K84),2,IF(J83>K83,1,IF(J84>K84,1,0))) -> 1 | M83: =IF(AND(K83>J83,K84>J84),2,IF(K83>J83,1,IF(K84>J84,1,0))) -> 1
J84: 5 | K84: 7
C86: 7.45 pm | D86: Men D | E86: Twanny Pule' | F86: Charles Micallef | G86: vs | H86: Adrian Duca | I86: Cory Greenland | J86: 6 | K86: 0 | L86: =IF(AND(J86>K86,J87>K87),2,IF(J86>K86,1,IF(J87>K87,1,0))) -> 2 | M86: =IF(AND(K86>J86,K87>J87),2,IF(K86>J86,1,IF(K87>J87,1,0))) -> 0
J87: 6 | K87: 2
C89: 9.00 pm | D89: Lad A | E89: Olivia Belli | F89: Kirsty Mercieca | G89: vs | H89: Natalya Abela | I89: Alison Muscat (pro) Alexia Spiteri Willets | J89: 3 | K89: 6 | L89: =IF(AND(J89>K89,J90>K90),2,IF(J89>K89,1,IF(J90>K90,1,0))) -> 1 | M89: =IF(AND(K89>J89,K90>J90),2,IF(K89>J89,1,IF(K90>J90,1,0))) -> 1
J90: 6 | K90: 4
D92: Men B | E92: Gabriel Pace | F92: Earvin Grech Meli | G92: vs | H92: George Grech | I92: Stefan Holmin | J92: 4 | K92: 6 | L92: =IF(AND(J92>K92,J93>K93),2,IF(J92>K92,1,IF(J93>K93,1,0))) -> 1 | M92: =IF(AND(K92>J92,K93>J93),2,IF(K92>J92,1,IF(K93>J93,1,0))) -> 1
J93: 6 | K93: 3
C95: Total Day 3 A | J95: =SUM(J83:J93) -> 42 | K95: =SUM(K83:K93) -> 32 | L95: =SUM(L83:L93) -> 5 | M95: =SUM(M83:M93) -> 3
C98: 3.30 pm | D98: Men A | E98: Marc Vella Bonnici | F98: Andrew Pule' | G98: vs | H98: John Azzopardi | I98: Marco Mercieca | J98: 6 | K98: 3 | L98: =IF(AND(J98>K98,J99>K99),2,IF(J98>K98,1,IF(J99>K99,1,0))) -> 1 | M98: =IF(AND(K98>J98,K99>J99),2,IF(K98>J98,1,IF(K99>J99,1,0))) -> 1
J99: 5 | K99: 7
C101: 4.45 pm | D101: Men C | E101: Jean Paul Vella | F101: Darrell Pace | G101: vs | H101: Ivan Saliba | I101: Aaron Micallef Piccione | J101: 6 | K101: 3 | L101: =IF(AND(J101>K101,J102>K102),2,IF(J101>K101,1,IF(J102>K102,1,0))) -> 2 | M101: =IF(AND(K101>J101,K102>J102),2,IF(K101>J101,1,IF(K102>J102,1,0))) -> 0
J102: 6 | K102: 0
C104: 6.00 pm | D104: Lad C | E104: Elisa Sacco | F104: Stephanie Hercegovac | G104: vs | H104: Christine Seychell | I104: Christabelle Chetcuti | J104: 4 | K104: 6 | L104: =IF(AND(J104>K104,J105>K105),2,IF(J104>K104,1,IF(J105>K105,1,0))) -> 0 | M104: =IF(AND(K104>J104,K105>J105),2,IF(K104>J104,1,IF(K105>J105,1,0))) -> 2
J105: 4 | K105: 6
C107: 3.30 pm | D107: Mxd BA | E107: Charles Sacco | F107: Silvana Portelli | G107: vs | H107: Manuel Mifsud | I107: Alison Muscat | J107: 2 | K107: 6 | L107: =IF(AND(J107>K107,J108>K108),2,IF(J107>K107,1,IF(J108>K108,1,0))) -> 0 | M107: =IF(AND(K107>J107,K108>J108),2,IF(K107>J107,1,IF(K108>J108,1,0))) -> 2
J108: 0 | K108: 6
C110: Total Day 3B | J110: =SUM(J98:J108) -> 33 | K110: =SUM(K98:K108) -> 37 | L110: =SUM(L98:L108) -> 3 | M110: =SUM(M98:M108) -> 5
C112: Total Day 3 | J112: =J110+J95 -> 75 | K112: =K110+K95 -> 69 | L112: =L110+L95 -> 8 | M112: =M110+M95 -> 8

Sheet Day 4
C1: SAN MICHEL TEAM TOURNAMENT 2023
C6: DAY 4 - 17/02/2023 & 18/02/2023
C9: Court 1
C11: Time | D11: Rubber | E11: Team D: Roberto Murdocco | H11: Team F: Lonia Carabott | J11: Games | L11: Sets
C13: 6.30 pm | D13: Men B | E13: Kevin Formosa | F13: Roberto Murdocco | G13: vs | H13: David Schembri | I13: Ryan Mizzi | J13: 3 | K13: 6 | L13: =IF(AND(J13>K13,J14>K14),2,IF(J13>K13,1,IF(J14>K14,1,0))) -> 0 | M13: =IF(AND(K13>J13,K14>J14),2,IF(K13>J13,1,IF(K14>J14,1,0))) -> 2
J14: 5 | K14: 7
C16: 7.45 pm | D16: Lad A | E16: Pierina Holmin | F16: Aleixa Gouder | G16: vs | H16: Martina Cuschieri | I16: Elaine Grech | J16: 3 | K16: 6 | L16: =IF(AND(J16>K16,J17>K17),2,IF(J16>K16,1,IF(J17>K17,1,0))) -> 0 | M16: =IF(AND(K16>J16,K17>J17),2,IF(K16>J16,1,IF(K17>J17,1,0))) -> 2
J17: 1 | K17: 6
C19: 9.00 pm | D19: Men A | E19: Duncan D'Allessandro | F19: Luigi Porto | G19: vs | H19: Kurt Carabott | I19: Melchior Farrugia | J19: 1 | K19: 6 | L19: =IF(AND(J19>K19,J20>K20),2,IF(J19>K19,1,IF(J20>K20,1,0))) -> 0 | M19: =IF(AND(K19>J19,K20>J20),2,IF(K19>J19,1,IF(K20>J20,1,0))) -> 2
J20: 2 | K20: 6
C22: 7.45 pm | D22: Lad B | E22: Sarah Axiaq | F22: Ceridwen Scerri | G22: vs | H22: Kristina Briffa | I22: Julie Spiteri (PRO Lonia Carabott) | J22: 6 | K22: 2 | L22: =IF(AND(J22>K22,J23>K23),2,IF(J22>K22,1,IF(J23>K23,1,0))) -> 1 | M22: =IF(AND(K22>J22,K23>J23),2,IF(K22>J22,1,IF(K23>J23,1,0))) -> 1
J23: 4 | K23: 6
C25: Total Day 4 A | J25: =SUM(J13:J23) -> 25 | K25: =SUM(K13:K23) -> 45 | L25: =SUM(L13:L23) -> 1 | M25: =SUM(M13:M23) -> 7
C28: 3.30 pm | D28: Lad C | E28: Anna Casingena | F28: Anna Napier | G28: vs | H28: Christine Scerri | I28: Anna Fenech | J28: 6 | K28: 1 | L28: =IF(AND(J28>K28,J29>K29),2,IF(J28>K28,1,IF(J29>K29,1,0))) -> 2 | M28: =IF(AND(K28>J28,K29>J29),2,IF(K28>J28,1,IF(K29>J29,1,0))) -> 0
J29: 6 | K29: 2
C31: 4.45 pm | D31: MXD BA | E31: Manuel Gatt | F31: Romina Gauci | G31: vs | H31: Willem Steenkamer | I31: Dorianne Buhagiar | J31: 6 | K31: 3 | L31: =IF(AND(J31>K31,J32>K32),2,IF(J31>K31,1,IF(J32>K32,1,0))) -> 2 | M31: =IF(AND(K31>J31,K32>J32),2,IF(K31>J31,1,IF(K32>J32,1,0))) -> 0
J32: 6 | K32: 3
C34: 6.00 pm | D34: Men C | E34: Sebastian Attard | F34: Ryan Ebejer | G34: vs | H34: Julian Esposito | I34: Charles Borg Grech (Pro Max Anastasi) | J34: 6 | K34: 3 | L34: =IF(AND(J34>K34,J35>K35),2,IF(J34>K34,1,IF(J35>K35,1,0))) -> 1 | M34: =IF(AND(K34>J34,K35>J35),2,IF(K34>J34,1,IF(K35>J35,1,0))) -> 1
J35: 3 | K35: 6
C37: 3.00 pm | D37: Men D | E37: Simone Re | F37: David Camilleri | G37: vs | H37: Kenneth Caruana | I37: Charles Borg Grech | J37: 7 | K37: 5 | L37: =IF(AND(J37>K37,J38>K38),2,IF(J37>K37,1,IF(J38>K38,1,0))) -> 2 | M37: =IF(AND(K37>J37,K38>J38),2,IF(K37>J37,1,IF(K38>J38,1,0))) -> 0
J38: 6 | K38: 2
C40: Total Day 4B | J40: =SUM(J28:J38) -> 46 | K40: =SUM(K28:K38) -> 25 | L40: =SUM(L28:L38) -> 7 | M40: =SUM(M28:M38) -> 1
C42: Total Day 4 | J42: =J40+J25 -> 71 | K42: =K40+K25 -> 70 | L42: =L40+L25 -> 8 | M42: =M40+M25 -> 8
C44: Court 2
C46: Time | D46: Rubber | E46: TEAM C: Lucienne Meli | H46: TEAM E: Aaron Micallef Piccione | J46: Games | L46: Sets
C48: 6.30 pm | D48: MXD BA | E48: Jonathan Vella | F48: Lucienne Meli | G48: vs | H48: George Grech | I48: Alison Muscat | J48: 5 | K48: 7 | L48: =IF(AND(J48>K48,J49>K49),2,IF(J48>K48,1,IF(J49>K49,1,0))) -> 1 | M48: =IF(AND(K48>J48,K49>J49),2,IF(K48>J48,1,IF(K49>J49,1,0))) -> 1
J49: 7 | K49: 6
C50: 6
C51: 7.45 pm | D51: Lad C | E51: Mary Borg | F51: Jean Frendo | G51: vs | H51: Christine Seychell | I51: Christabelle Chetcuti | J51: 6 | K51: 7 | L51: =IF(AND(J51>K51,J52>K52),2,IF(J51>K51,1,IF(J52>K52,1,0))) -> 0 | M51: =IF(AND(K51>J51,K52>J52),2,IF(K51>J51,1,IF(K52>J52,1,0))) -> 2
J52: 4 | K52: 6
C54: 9.00 pm | D54: Men C | E54: Victor Rutter | F54: Joe Carabott | G54: vs | H54: Matthew Schembri | I54: Ivan Saliba | J54: 6 | K54: 3 | L54: =IF(AND(J54>K54,J55>K55),2,IF(J54>K54,1,IF(J55>K55,1,0))) -> 2 | M54: =IF(AND(K54>J54,K55>J55),2,IF(K54>J54,1,IF(K55>J55,1,0))) -> 0
J55: 6 | K55: 3
C57: 6.30 pm | D57: Men D | E57: Ahmed El Nakraud | F57: Eman Meli | G57: vs | H57: Joseph Randich | I57: Cory Greenland | J57: 2 | K57: 6 | L57: =IF(AND(J57>K57,J58>K58),2,IF(J57>K57,1,IF(J58>K58,1,0))) -> 0 | M57: =IF(AND(K57>J57,K58>J58),2,IF(K57>J57,1,IF(K58>J58,1,0))) -> 2
J58: 0 | K58: 6
C60: Total Day 4 A | J60: =SUM(J48:J58) -> 36 | K60: =SUM(K48:K58) -> 44 | L60: =SUM(L48:L58) -> 3 | M60: =SUM(M48:M58) -> 5
C63: 3.30 pm | D63: Men B | E63: Richard Byrne | F63: Jonathan Vella (Richard Curmi) | G63: vs | H63: Ivan Cachia | I63: Stefan Holmin | J63: 6 | K63: 7 | L63: =IF(AND(J63>K63,J64>K64),2,IF(J63>K63,1,IF(J64>K64,1,0))) -> 0 | M63: =IF(AND(K63>J63,K64>J64),2,IF(K63>J63,1,IF(K64>J64,1,0))) -> 2
J64: 6 | K64: 7
C66: 4.45 pm | D66: Men A | E66: Matthew Mifsud | F66: Trevor Rutter | G66: vs | H66: Clyde Grech | I66: Marco Mercieca | J66: 6 | K66: 0 | L66: =IF(AND(J66>K66,J67>K67),2,IF(J66>K66,1,IF(J67>K67,1,0))) -> 2 | M66: =IF(AND(K66>J66,K67>J67),2,IF(K66>J66,1,IF(K67>J67,1,0))) -> 0
J67: 6 | K67: 3
C69: 6.00 pm | D69: Lad B | E69: Anabel Borg | F69: Carmen Difesa | G69: vs | H69: Marthese Camoin | I69: Ruth Micallef | J69: 7 | K69: 5 | L69: =IF(AND(J69>K69,J70>K70),2,IF(J69>K69,1,IF(J70>K70,1,0))) -> 1 | M69: =IF(AND(K69>J69,K70>J70),2,IF(K69>J69,1,IF(K70>J70,1,0))) -> 1
J70: 1 | K70: 6
C72: 4.45 pm | D72: Lad A | E72: Annmarie Mangion | F72: Annabelle Abela | G72: vs | H72: Natalya Abela | I72: Julia Barbara | J72: 7 | K72: 5 | L72: =IF(AND(J72>K72,J73>K73),2,IF(J72>K72,1,IF(J73>K73,1,0))) -> 2 | M72: =IF(AND(K72>J72,K73>J73),2,IF(K72>J72,1,IF(K73>J73,1,0))) -> 0
J73: 6 | K73: 2
C75: Total Day 4B | J75: =SUM(J63:J73) -> 45 | K75: =SUM(K63:K73) -> 35 | L75: =SUM(L63:L73) -> 5 | M75: =SUM(M63:M73) -> 3
C77: Total Day 4 | J77: =J75+J60 -> 81 | K77: =K75+K60 -> 79 | L77: =L75+L60 -> 8 | M77: =M75+M60 -> 8
C79: Court 4
C81: Time | D81: Rubber | E81: TEAM A: Gabriel Pace | H81: TEAM B: Frans Ellul
C83: 6.30 pm | D83: Men C | E83: Jean Paul Vella | F83: Darrell Pace | G83: vs | H83: Juan Debono | I83: Alain Frendo | J83: 7 | K83: 6 | L83: =IF(AND(J83>K83,J84>K84),2,IF(J83>K83,1,IF(J84>K84,1,0))) -> 1 | M83: =IF(AND(K83>J83,K84>J84),2,IF(K83>J83,1,IF(K84>J84,1,0))) -> 1
J84: 4 | K84: 6
C86: 7.45 pm | D86: Men A | E86: Keith Micallef | F86: Earvin Grech Meli (Pro Andrew Pule') | G86: vs | H86: Marcelo Villanueva | I86: Eric Roca | J86: 2 | K86: 6 | L86: =IF(AND(J86>K86,J87>K87),2,IF(J86>K86,1,IF(J87>K87,1,0))) -> 0 | M86: =IF(AND(K86>J86,K87>J87),2,IF(K86>J86,1,IF(K87>J87,1,0))) -> 2
J87: 1 | K87: 6
C89: 9.00 pm | D89: MXD BA | E89: Charles Sacco | F89: Kirsty Mercieca | G89: vs | H89: Georges Meekers | I89: Brenda Baldacchino | J89: 4 | K89: 6 | L89: =IF(AND(J89>K89,J90>K90),2,IF(J89>K89,1,IF(J90>K90,1,0))) -> 1 | M89: =IF(AND(K89>J89,K90>J90),2,IF(K89>J89,1,IF(K90>J90,1,0))) -> 1
J90: 6 | K90: 0
C92: 9.00 pm | D92: Lad B | E92: Deborah Farrugia | F92: Nancy Wong | G92: vs | H92: Diane Debono | I92: Ann Marie Attard | J92: 3 | K92: 6 | L92: =IF(AND(J92>K92,J93>K93),2,IF(J92>K92,1,IF(J93>K93,1,0))) -> 1 | M92: =IF(AND(K92>J92,K93>J93),2,IF(K92>J92,1,IF(K93>J93,1,0))) -> 1
J93: 6 | K93: 0
C95: Total Day 4 A | J95: =SUM(J83:J93) -> 33 | K95: =SUM(K83:K93) -> 36 | L95: =SUM(L83:L93) -> 3 | M95: =SUM(M83:M93) -> 5
C98: 3.30 pm | D98: Men B | E98: Earvin Grech Meli | F98: Gene Zammit | G98: vs | H98: Clint Agius | I98: James Farrugia | J98: 0 | K98: 6 | L98: =IF(AND(J98>K98,J99>K99),2,IF(J98>K98,1,IF(J99>K99,1,0))) -> 0 | M98: =IF(AND(K98>J98,K99>J99),2,IF(K98>J98,1,IF(K99>J99,1,0))) -> 2
J99: 2 | K99: 6
C101: 4.45 pm | D101: Men D | E101: Twanny Pule' | F101: Charles Micallef | G101: vs | H101: Kenneth Farrugia | I101: Adam Green | J101: 6 | K101: 0 | L101: =IF(AND(J101>K101,J102>K102),2,IF(J101>K101,1,IF(J102>K102,1,0))) -> 2 | M101: =IF(AND(K101>J101,K102>J102),2,IF(K101>J101,1,IF(K102>J102,1,0))) -> 0
J102: 7 | K102: 5
C104: 6.00pm | D104: Lad A | E104: Sharon Mizzi | F104: Silvana Portelli | G104: vs | H104: Celeste Zammit Marquette | I104: Yasmin Hefny | J104: 6 | K104: 4 | L104: =IF(AND(J104>K104,J105>K105),2,IF(J104>K104,1,IF(J105>K105,1,0))) -> 2 | M104: =IF(AND(K104>J104,K105>J105),2,IF(K104>J104,1,IF(K105>J105,1,0))) -> 0
J105: 7 | K105: 5
D107: Lad C | E107: Jodie Stivala | F107: Elisa Sacco | G107: vs | H107: Stefania Camilleri | I107: Rose Falzon | J107: 6 | K107: 0 | L107: =IF(AND(J107>K107,J108>K108),2,IF(J107>K107,1,IF(J108>K108,1,0))) -> 2 | M107: =IF(AND(K107>J107,K108>J108),2,IF(K107>J107,1,IF(K108>J108,1,0))) -> 0
J108: 6 | K108: 2
C110: Total Day 4B | J110: =SUM(J98:J108) -> 40 | K110: =SUM(K98:K108) -> 28 | L110: =SUM(L98:L108) -> 6 | M110: =SUM(M98:M108) -> 2
C112: Total Day 4 | J112: =J110+J95 -> 73 | K112: =K110+K95 -> 64 | L112: =L110+L95 -> 9 | M112: =M110+M95 -> 7

Sheet Day 5
C1: SAN MICHEL TEAM TOURNAMENT 2023
C6: DAY 5 - 03/03/2023 & 04/03/2023
C9: Court 1
C11: Time | D11: Rubber | E11: TEAM A: Gabriel Pace | H11: TEAM D: Roberto Murdocco | J11: Games | L11: Sets
C13: 6.30pm | D13: Lad C | E13: Jodie Stivala | F13: Stephanie Hercegovac | G13: vs | H13: Anna Casingena | I13: Anna Napier | J13: 0 | K13: 6 | L13: =IF(AND(J13>K13,J14>K14),2,IF(J13>K13,1,IF(J14>K14,1,0))) -> 0 | M13: =IF(AND(K13>J13,K14>J14),2,IF(K13>J13,1,IF(K14>J14,1,0))) -> 2
J14: 1 | K14: 6
C16: 7.45pm | D16: MXD BA | E16: Gene Zammit | F16: Sharon Mizzi | G16: vs | H16: Roberto Murdocco | I16: Alexia Gouder | J16: 6 | K16: 3 | L16: =IF(AND(J16>K16,J17>K17),2,IF(J16>K16,1,IF(J17>K17,1,0))) -> 2 | M16: =IF(AND(K16>J16,K17>J17),2,IF(K16>J16,1,IF(K17>J17,1,0))) -> 0
J17: 6 | K17: 1
C19: 9.00pm | D19: Men B | E19: Earvin Grech Meli | F19: Gabriel Pace | G19: vs | H19: Fotios Evangelou | I19: Kevin Formosa | J19: 1 | K19: 6 | L19: =IF(AND(J19>K19,J20>K20),2,IF(J19>K19,1,IF(J20>K20,1,0))) -> 0 | M19: =IF(AND(K19>J19,K20>J20),2,IF(K19>J19,1,IF(K20>J20,1,0))) -> 2
J20: 1 | K20: 6
D22: Men D | E22: Twanny Pule' | F22: Sean Cachia | G22: vs | H22: David Camilleri | I22: Donald Deguzman | J22: 7 | K22: 6 | L22: =IF(AND(J22>K22,J23>K23),2,IF(J22>K22,1,IF(J23>K23,1,0))) -> 1 | M22: =IF(AND(K22>J22,K23>J23),2,IF(K22>J22,1,IF(K23>J23,1,0))) -> 1
J23: 4 | K23: 6
C25: Total Day 5 A | J25: =SUM(J13:J23) -> 26 | K25: =SUM(K13:K23) -> 40 | L25: =SUM(L13:L23) -> 3 | M25: =SUM(M13:M23) -> 5
C28: 3.30pm | D28: Men A | E28: Marc Vella Bonnici | F28: Andrew Pule' | G28: vs | H28: Jesmond Pule' | I28: Luigi Porto | J28: 6 | K28: 4 | L28: =IF(AND(J28>K28,J29>K29),2,IF(J28>K28,1,IF(J29>K29,1,0))) -> 2 | M28: =IF(AND(K28>J28,K29>J29),2,IF(K28>J28,1,IF(K29>J29,1,0))) -> 0
J29: 6 | K29: 4
C31: 4.45pm | D31: Men C | E31: Maurice Borg | F31: Jean Paul Vella | G31: vs | H31: Ryan Ebejer | I31: Kristen Cachia | J31: 2 | K31: 6 | L31: =IF(AND(J31>K31,J32>K32),2,IF(J31>K31,1,IF(J32>K32,1,0))) -> 0 | M31: =IF(AND(K31>J31,K32>J32),2,IF(K31>J31,1,IF(K32>J32,1,0))) -> 2
J32: 6 | K32: 7
C34: 7.00pm | D34: Lad A | E34: Olivia Belli | F34: Kirsty Mercieca | G34: vs | H34: Nicole Fava | I34: Romina Gauci | J34: 6 | K34: 1 | L34: =IF(AND(J34>K34,J35>K35),2,IF(J34>K34,1,IF(J35>K35,1,0))) -> 2 | M34: =IF(AND(K34>J34,K35>J35),2,IF(K34>J34,1,IF(K35>J35,1,0))) -> 0
J35: 6 | K35: 3
C37: 3.30pm | D37: Lad B | E37: Kelsey Gauci | F37: Deborah Farrugia | G37: vs | H37: Anna Buhagiar | I37: Sarah Axiaq | J37: 6 | K37: 3 | L37: =IF(AND(J37>K37,J38>K38),2,IF(J37>K37,1,IF(J38>K38,1,0))) -> 2 | M37: =IF(AND(K37>J37,K38>J38),2,IF(K37>J37,1,IF(K38>J38,1,0))) -> 0
J38: 6 | K38: 2
C40: Total Day 5B | J40: =SUM(J28:J38) -> 44 | K40: =SUM(K28:K38) -> 30 | L40: =SUM(L28:L38) -> 6 | M40: =SUM(M28:M38) -> 2
C42: Total Day 5 | J42: =J40+J25 -> 70 | K42: =K40+K25 -> 70 | L42: =L40+L25 -> 9 | M42: =M40+M25 -> 7
C44: Court 2
C46: Time | D46: Rubber | E46: TEAM B: Frans Ellul | H46: TEAM C: Lucienne Meli | J46: Games | L46: Sets
C48: 6.30 pm | D48: Men C | E48: Alain Frendo | F48: Max Anastasi Jr | G48: vs | H48: Ray Ciantar | I48: Victor Rutter | J48: 0 | K48: 6 | L48: =IF(AND(J48>K48,J49>K49),2,IF(J48>K48,1,IF(J49>K49,1,0))) -> 0 | M48: =IF(AND(K48>J48,K49>J49),2,IF(K48>J48,1,IF(K49>J49,1,0))) -> 2
J49: 0 | K49: 6 | N49: w/o
C51: 7.45 pm | D51: Men B | E51: Clint Agius | F51: James Farrugia | G51: vs | H51: Richard Byrne | I51: Stephen Belli | J51: 6 | K51: 2 | L51: =IF(AND(J51>K51,J52>K52),2,IF(J51>K51,1,IF(J52>K52,1,0))) -> 2 | M51: =IF(AND(K51>J51,K52>J52),2,IF(K51>J51,1,IF(K52>J52,1,0))) -> 0
J52: 6 | K52: 4
C54: 9.00 pm | D54: Lad A | E54: Celeste Zammit Marquette | F54: Yasmine Hefny | G54: vs | H54: Ann Marie Mangion | I54: Lucienne Meli | J54: 2 | K54: 6 | L54: =IF(AND(J54>K54,J55>K55),2,IF(J54>K54,1,IF(J55>K55,1,0))) -> 0 | M54: =IF(AND(K54>J54,K55>J55),2,IF(K54>J54,1,IF(K55>J55,1,0))) -> 2
J55: 5 | K55: 7
C57: 7.45 pm | D57: Lad B | E57: Francesca Sciortino | F57: Ann-Marie Attard | G57: vs | H57: Jennifer Roca | I57: Carmen Difesa | J57: 6 | K57: 3 | L57: =IF(AND(J57>K57,J58>K58),2,IF(J57>K57,1,IF(J58>K58,1,0))) -> 2 | M57: =IF(AND(K57>J57,K58>J58),2,IF(K57>J57,1,IF(K58>J58,1,0))) -> 0
J58: 6 | K58: 3
C60: Total Day 5 A | J60: =SUM(J48:J58) -> 31 | K60: =SUM(K48:K58) -> 37 | L60: =SUM(L48:L58) -> 4 | M60: =SUM(M48:M58) -> 4
C63: 3.30 pm | D63: Lad C | E63: Stefania Camilleri | F63: Anna Ancilleri | G63: vs | H63: Josette Cassar | I63: Jean Frendo | J63: 6 | K63: 4 | L63: =IF(AND(J63>K63,J64>K64),2,IF(J63>K63,1,IF(J64>K64,1,0))) -> 2 | M63: =IF(AND(K63>J63,K64>J64),2,IF(K63>J63,1,IF(K64>J64,1,0))) -> 0
J64: 7 | K64: 6
C66: 4.45pm | D66: MXD | E66: Brenda Baldacchino | F66: Julian Bilocca | G66: vs | H66: Richard Curmi | I66: Mariska Steenkamer | J66: 1 | K66: 6 | L66: =IF(AND(J66>K66,J67>K67),2,IF(J66>K66,1,IF(J67>K67,1,0))) -> 1 | M66: =IF(AND(K66>J66,K67>J67),2,IF(K66>J66,1,IF(K67>J67,1,0))) -> 1
J67: 6 | K67: 4
C69: 6.00pm | D69: Men A | E69: Marcelo Villanueva | F69: Eric Roca | G69: vs | H69: Trevor Rutter | I69: Massimo Giovanni | J69: 6 | K69: 2 | L69: =IF(AND(J69>K69,J70>K70),2,IF(J69>K69,1,IF(J70>K70,1,0))) -> 2 | M69: =IF(AND(K69>J69,K70>J70),2,IF(K69>J69,1,IF(K70>J70,1,0))) -> 0
J70: 6 | K70: 3
D72: Men D | E72: Denis Caruana | F72: Adam Green | G72: vs | H72: Charles Grech | I72: Eman Meli | J72: 6 | K72: 2 | L72: =IF(AND(J72>K72,J73>K73),2,IF(J72>K72,1,IF(J73>K73,1,0))) -> 2 | M72: =IF(AND(K72>J72,K73>J73),2,IF(K72>J72,1,IF(K73>J73,1,0))) -> 0
J73: 6 | K73: 3
C75: Total Day 5B | J75: =SUM(J63:J73) -> 44 | K75: =SUM(K63:K73) -> 30 | L75: =SUM(L63:L73) -> 7 | M75: =SUM(M63:M73) -> 1
C77: Total Day 5 | J77: =J75+J60 -> 75 | K77: =K75+K60 -> 67 | L77: =L75+L60 -> 11 | M77: =M75+M60 -> 5
C79: Court 4
C81: Time | D81: Rubber | E81: TEAM E: Aaron Micallef Piccione | H81: TEAM F: Lonia Carabott | J81: Games | L81: Sets
C83: 6.30pm | D83: Men C | E83: Matthew Schembri | F83: Aaron Micallef Piccione | G83: vs | H83: Max Anastasi | I83: Artiom Kiricenko | J83: 3 | K83: 6 | L83: =IF(AND(J83>K83,J84>K84),2,IF(J83>K83,1,IF(J84>K84,1,0))) -> 0 | M83: =IF(AND(K83>J83,K84>J84),2,IF(K83>J83,1,IF(K84>J84,1,0))) -> 2
J84: 2 | K84: 6
C86: 7.45pm | D86: MXD BA | E86: Manuel Mifsud(Pro Ivan Cachia) | F86: Alexia Spiteri Willets | G86: vs | H86: Jonathan Martinelli (Pro Ryan Mizzi) | I86: Elaine Grech | J86: 3 | K86: 6 | L86: =IF(AND(J86>K86,J87>K87),2,IF(J86>K86,1,IF(J87>K87,1,0))) -> 1 | M86: =IF(AND(K86>J86,K87>J87),2,IF(K86>J86,1,IF(K87>J87,1,0))) -> 1
J87: 6 | K87: 4
C89: 9.00pm | D89: Men A | E89: Adrian Chetcuti | F89: John Azzopardi | G89: vs | H89: Kurt Carabott | I89: Nikolai Bellli | J89: 6 | K89: 7 | L89: =IF(AND(J89>K89,J90>K90),2,IF(J89>K89,1,IF(J90>K90,1,0))) -> 0 | M89: =IF(AND(K89>J89,K90>J90),2,IF(K89>J89,1,IF(K90>J90,1,0))) -> 2
J90: 3 | K90: 6
C92: 7.45pm | D92: Lad C | E92: Christine Seychell | F92: Lilian Baldacchino | G92: vs | H92: Julie Spiteri | I92: Anna Fenech | J92: 7 | K92: 5 | L92: =IF(AND(J92>K92,J93>K93),2,IF(J92>K92,1,IF(J93>K93,1,0))) -> 1 | M92: =IF(AND(K92>J92,K93>J93),2,IF(K92>J92,1,IF(K93>J93,1,0))) -> 1
J93: 3 | K93: 6
C95: Total Day 5 A | J95: =SUM(J83:J93) -> 33 | K95: =SUM(K83:K93) -> 46 | L95: =SUM(L83:L93) -> 2 | M95: =SUM(M83:M93) -> 6
C98: 3.30 pm | D98: Lad A | E98: Natalya Abela | F98: Julia Barbara | G98: vs | H98: Martina Cuschieri | I98: Anthea Gauci | J98: 2 | K98: 6 | L98: =IF(AND(J98>K98,J99>K99),2,IF(J98>K98,1,IF(J99>K99,1,0))) -> 0 | M98: =IF(AND(K98>J98,K99>J99),2,IF(K98>J98,1,IF(K99>J99,1,0))) -> 2
J99: 1 | K99: 6
C101: 4.45 pm | D101: Lad B | E101: Marthese Camoin | F101: Jin Attard | G101: vs | H101: Kristina Briffa | I101: Diane Fenech | J101: 3 | K101: 6 | L101: =IF(AND(J101>K101,J102>K102),2,IF(J101>K101,1,IF(J102>K102,1,0))) -> 0 | M101: =IF(AND(K101>J101,K102>J102),2,IF(K101>J101,1,IF(K102>J102,1,0))) -> 2
J102: 0 | K102: 6
C104: 6.00 pm | D104: Men B | E104: George Grech | F104: Stefan Holmin | G104: vs | H104: David Schembri | I104: Jonathan Martinelli | J104: 6 | K104: 3 | L104: =IF(AND(J104>K104,J105>K105),2,IF(J104>K104,1,IF(J105>K105,1,0))) -> 1 | M104: =IF(AND(K104>J104,K105>J105),2,IF(K104>J104,1,IF(K105>J105,1,0))) -> 1
J105: 1 | K105: 6
C107: 4.45 pm | D107: Men D | E107: Joseph Randich | F107: Adrian Duca | G107: vs | H107: Kenneth Caruana | I107: Mario Abdilla | J107: 1 | K107: 6 | L107: =IF(AND(J107>K107,J108>K108),2,IF(J107>K107,1,IF(J108>K108,1,0))) -> 0 | M107: =IF(AND(K107>J107,K108>J108),2,IF(K107>J107,1,IF(K108>J108,1,0))) -> 2
J108: 1 | K108: 6
C110: Total Day 5B | J110: =SUM(J98:J108) -> 15 | K110: =SUM(K98:K108) -> 45 | L110: =SUM(L98:L108) -> 1 | M110: =SUM(M98:M108) -> 7
C112: Total Day 5 | J112: =J110+J95 -> 48 | K112: =K110+K95 -> 91 | L112: =L110+L95 -> 3 | M112: =M110+M95 -> 13

Sheet Day 6
C1: SAN MICHEL TEAM TOURNAMENT 2023
C6: DAY 6 - 10/03/2023 & 24/03/2023
C9: Court 1
C11: Time | D11: Rubber | E11: TEAM A: Gabriel Pace | H11: TEAM C: Lucienne Meli | J11: Games | L11: Sets
C13: 6.30 pm | D13: Lad B | E13: Nancy Wong | F13: Kelsey Gauci | G13: vs | H13: Anabel Borg | I13: Carmen Difesa | J13: 7 | K13: 6 | L13: =IF(AND(J13>K13,J14>K14),2,IF(J13>K13,1,IF(J14>K14,1,0))) -> 1 | M13: =IF(AND(K13>J13,K14>J14),2,IF(K13>J13,1,IF(K14>J14,1,0))) -> 1
J14: 3 | K14: 6
C16: 7.45 pm | D16: Men C | E16: Maurice Borg | F16: Darrell Pace | G16: vs | H16: Joe Carabott | I16: Ray Ciantar | J16: 2 | K16: 6 | L16: =IF(AND(J16>K16,J17>K17),2,IF(J16>K16,1,IF(J17>K17,1,0))) -> 0 | M16: =IF(AND(K16>J16,K17>J17),2,IF(K16>J16,1,IF(K17>J17,1,0))) -> 2
J17: 3 | K17: 6
C19: 9.00 pm | D19: Mxd BA | E19: Earvin Grech Meli | F19: Silvana Portelli | G19: vs | H19: Jonathan Vella | I19: Annabelle Abela | J19: 4 | K19: 6 | L19: =IF(AND(J19>K19,J20>K20),2,IF(J19>K19,1,IF(J20>K20,1,0))) -> 0 | M19: =IF(AND(K19>J19,K20>J20),2,IF(K19>J19,1,IF(K20>J20,1,0))) -> 2
J20: 0 | K20: 6
C22: 6.30 pm | D22: Men D | E22: Twanny Pule' | F22: Charles Micallef | G22: vs | H22: Charles Grech | I22: Eman Meli | J22: 6 | K22: 4 | L22: =IF(AND(J22>K22,J23>K23),2,IF(J22>K22,1,IF(J23>K23,1,0))) -> 2 | M22: =IF(AND(K22>J22,K23>J23),2,IF(K22>J22,1,IF(K23>J23,1,0))) -> 0
J23: 6 | K23: 2
C25: Total Day 6 A | J25: =SUM(J13:J23) -> 31 | K25: =SUM(K13:K23) -> 42 | L25: =SUM(L13:L23) -> 3 | M25: =SUM(M13:M23) -> 5
C28: 3.00 pm | D28: Men A | E28: Marc Vella Bonnici | F28: Keith Micallef | G28: vs | H28: Matthew Mifsud | I28: Massimo Giovannini | J28: 6 | K28: 4 | L28: =IF(AND(J28>K28,J29>K29),2,IF(J28>K28,1,IF(J29>K29,1,0))) -> 2 | M28: =IF(AND(K28>J28,K29>J29),2,IF(K28>J28,1,IF(K29>J29,1,0))) -> 0
J29: 6 | K29: 4
C31: 4.15 pm | D31: Lad A | E31: Sharon Mizzi | F31: Olivia Belli | G31: vs | H31: Ann Marie Mangion | I31: Lucienne Meli Bellizzi | J31: 7 | K31: 6 | L31: =IF(AND(J31>K31,J32>K32),2,IF(J31>K31,1,IF(J32>K32,1,0))) -> 1 | M31: =IF(AND(K31>J31,K32>J32),2,IF(K31>J31,1,IF(K32>J32,1,0))) -> 1
J32: 4 | K32: 6
C34: 5.30 pm | D34: Men B | E34: Gene Zammit | F34: Charles Sacco | G34: vs | H34: Richard Curmi | I34: Richard Byrne | J34: 2 | K34: 6 | L34: =IF(AND(J34>K34,J35>K35),2,IF(J34>K34,1,IF(J35>K35,1,0))) -> 0 | M34: =IF(AND(K34>J34,K35>J35),2,IF(K34>J34,1,IF(K35>J35,1,0))) -> 2
J35: 1 | K35: 6
C37: 3.00 pm | D37: Lad C | E37: Eilsa Sacco | F37: Jodie Stivala | G37: vs | H37: Mary Borg | I37: Josette Cassar | J37: 3 | K37: 6 | L37: =IF(AND(J37>K37,J38>K38),2,IF(J37>K37,1,IF(J38>K38,1,0))) -> 1 | M37: =IF(AND(K37>J37,K38>J38),2,IF(K37>J37,1,IF(K38>J38,1,0))) -> 1
J38: 6 | K38: 2
C40: Total Day 6B | J40: =SUM(J28:J38) -> 35 | K40: =SUM(K28:K38) -> 40 | L40: =SUM(L28:L38) -> 4 | M40: =SUM(M28:M38) -> 4
C42: Total Day 6 | J42: =J40+J25 -> 66 | K42: =K40+K25 -> 82 | L42: =L40+L25 -> 7 | M42: =M40+M25 -> 9
C44: Court 2
C46: Time | D46: Rubber | E46: TEAM D: Roberto Murdocco | H46: TEAM E: Aaron Micallef Piccione | J46: Games | L46: Sets
C48: 6.30 pm | D48: Lad C | E48: Anna Casingena | F48: Claire Genovese | G48: vs | H48: Christine Seychell | I48: Christabelle Chetcuti | J48: 4 | K48: 6 | L48: =IF(AND(J48>K48,J49>K49),2,IF(J48>K48,1,IF(J49>K49,1,0))) -> 0 | M48: =IF(AND(K48>J48,K49>J49),2,IF(K48>J48,1,IF(K49>J49,1,0))) -> 2
J49: 4 | K49: 6
C51: 7.45 pm | D51: Men B | E51: Fotios Evangelou | F51: Roberto Murdocco | G51: vs | H51: George Grech | I51: Stefan Holmin | J51: 6 | K51: 4 | L51: =IF(AND(J51>K51,J52>K52),2,IF(J51>K51,1,IF(J52>K52,1,0))) -> 1 | M51: =IF(AND(K51>J51,K52>J52),2,IF(K51>J51,1,IF(K52>J52,1,0))) -> 1
J52: 5 | K52: 7
C54: 8.00 pm | D54: Men A | E54: Duncan D'Alessandro | F54: Luigi Porto | G54: vs | H54: Adrian Chetcuti | I54: Marco Mercieca | J54: 4 | K54: 6 | L54: =IF(AND(J54>K54,J55>K55),2,IF(J54>K54,1,IF(J55>K55,1,0))) -> 0 | M54: =IF(AND(K54>J54,K55>J55),2,IF(K54>J54,1,IF(K55>J55,1,0))) -> 2
J55: 2 | K55: 6
C57: 7.45 pm | D57: Lad A | E57: Romina Gauci | F57: Alexia Gouder | G57: vs | H57: Alexia Spiteri Willets | I57: Alison Muscat | J57: 4 | K57: 6 | L57: =IF(AND(J57>K57,J58>K58),2,IF(J57>K57,1,IF(J58>K58,1,0))) -> 0 | M57: =IF(AND(K57>J57,K58>J58),2,IF(K57>J57,1,IF(K58>J58,1,0))) -> 2
J58: 3 | K58: 6
C60: Total Day 6 A | J60: =SUM(J48:J58) -> 32 | K60: =SUM(K48:K58) -> 47 | L60: =SUM(L48:L58) -> 1 | M60: =SUM(M48:M58) -> 7
C63: 3.00 pm | D63: Mxd BA | E63: Kevin Formosa | F63: Pierina Holmin | G63: vs | H63: Manuel Mifsud | I63: Natalya Abela | J63: 6 | K63: 3 | L63: 2 | M63: =IF(AND(K63>J63,K64>J64),2,IF(K63>J63,1,IF(K64>J64,1,0))) -> 0
J64: 6 | K64: 4
C66: 4.15 pm | D66: Lad B | E66: Anne Buhagiar | F66: Sarah Axiaq | G66: vs | H66: Ruth Micallef | I66: Jin Attard | J66: 6 | K66: 3 | L66: =IF(AND(J66>K66,J67>K67),2,IF(J66>K66,1,IF(J67>K67,1,0))) -> 1 | M66: =IF(AND(K66>J66,K67>J67),2,IF(K66>J66,1,IF(K67>J67,1,0))) -> 1
J67: 4 | K67: 6
C69: 5.30 pm | D69: Men D | E69: Donald Deguzman | F69: Simone Re | G69: vs | H69: Joseph Randich | I69: Cory Greenland | J69: 6 | K69: 3 | L69: =IF(AND(J69>K69,J70>K70),2,IF(J69>K69,1,IF(J70>K70,1,0))) -> 2 | M69: =IF(AND(K69>J69,K70>J70),2,IF(K69>J69,1,IF(K70>J70,1,0))) -> 0
J70: 6 | K70: 3
C72: 4.15 pm | D72: Men C | E72: Sebastian Attard | F72: Kristen Cachia | G72: vs | H72: Matthew Schembri | I72: Ivan Saliba | J72: 6 | K72: 3 | L72: =IF(AND(J72>K72,J73>K73),2,IF(J72>K72,1,IF(J73>K73,1,0))) -> 2 | M72: =IF(AND(K72>J72,K73>J73),2,IF(K72>J72,1,IF(K73>J73,1,0))) -> 0
J73: 6 | K73: 3
C75: Total Day 6B | J75: =SUM(J63:J73) -> 46 | K75: =SUM(K63:K73) -> 28 | L75: =SUM(L63:L73) -> 7 | M75: =SUM(M63:M73) -> 1
C77: Total Day 6 | J77: =J75+J60 -> 78 | K77: =K75+K60 -> 75 | L77: =L75+L60 -> 8 | M77: =M75+M60 -> 8
C79: Court 4
C81: Time | D81: Rubber | E81: TEAM B: Frans Ellul | H81: TEAM F: Lonia Carabott
C83: 6.30 pm | D83: Lad B | E83: Francesca Sciortino | F83: Diane Debono | G83: vs | H83: Kristina Briffa | I83: Lonia Carabott | J83: 4 | K83: 6 | L83: =IF(AND(J83>K83,J84>K84),2,IF(J83>K83,1,IF(J84>K84,1,0))) -> 0 | M83: =IF(AND(K83>J83,K84>J84),2,IF(K83>J83,1,IF(K84>J84,1,0))) -> 2
J84: 6 | K84: 7
C86: 7.45 pm | D86: Men D | E86: Denis Caruana | F86: Kenneth Farrugia | G86: vs | H86: Charles Borg Grech | I86: Mario Abdilla | J86: 7 | K86: 6 | L86: =IF(AND(J86>K86,J87>K87),2,IF(J86>K86,1,IF(J87>K87,1,0))) -> 2 | M86: =IF(AND(K86>J86,K87>J87),2,IF(K86>J86,1,IF(K87>J87,1,0))) -> 0
J87: 6 | K87: 1
C89: 9.00 pm | D89: Mxd BA | E89: James Farrugia | F89: Celeste Zammit Marquette | G89: vs | H89: Jonathan Martinelli | I89: Dorianne Buhagiar | J89: 6 | K89: 1 | L89: =IF(AND(J89>K89,J90>K90),2,IF(J89>K89,1,IF(J90>K90,1,0))) -> 1 | M89: =IF(AND(K89>J89,K90>J90),2,IF(K89>J89,1,IF(K90>J90,1,0))) -> 1
J90: 5 | K90: 7
C92: 9.00 pm | D92: Men C | E92: Max Anastasi Jr | F92: Alain Frendo | G92: vs | H92: Max Anastasi | I92: Julian Esposito | J92: 0 | K92: 6 | L92: =IF(AND(J92>K92,J93>K93),2,IF(J92>K92,1,IF(J93>K93,1,0))) -> 0 | M92: =IF(AND(K92>J92,K93>J93),2,IF(K92>J92,1,IF(K93>J93,1,0))) -> 2
J93: 4 | K93: 6
C95: Total Day 6 A | J95: =SUM(J83:J93) -> 38 | K95: =SUM(K83:K93) -> 40 | L95: =SUM(L83:L93) -> 3 | M95: =SUM(M83:M93) -> 5
C98: 3.30 pm | D98: Men B | E98: Georges Meekers | F98: Julian Bilocca | G98: vs | H98: Ryan Mizzi | I98: Willem Steenkamer | J98: 0 | K98: 6 | L98: =IF(AND(J98>K98,J99>K99),2,IF(J98>K98,1,IF(J99>K99,1,0))) -> 0 | M98: =IF(AND(K98>J98,K99>J99),2,IF(K98>J98,1,IF(K99>J99,1,0))) -> 2
J99: 3 | K99: 6
C101: 4.45 pm | D101: Men A | E101: Eric Roca | F101: Reuben Borg | G101: vs | H101: Kurt Carabott | I101: Nikolai Belli | J101: 6 | K101: 4 | L101: =IF(AND(J101>K101,J102>K102),2,IF(J101>K101,1,IF(J102>K102,1,0))) -> 1 | M101: =IF(AND(K101>J101,K102>J102),2,IF(K101>J101,1,IF(K102>J102,1,0))) -> 1
J102: 5 | K102: 7
C104: 6.30 pm | D104: Lad A | E104: Christine Schembri | F104: Celeste Zammit Marquette | G104: vs | H104: Martina Cuschieri | I104: Anthea Gauci | J104: 0 | K104: 6 | L104: =IF(AND(J104>K104,J105>K105),2,IF(J104>K104,1,IF(J105>K105,1,0))) -> 0 | M104: =IF(AND(K104>J104,K105>J105),2,IF(K104>J104,1,IF(K105>J105,1,0))) -> 2
J105: 0 | K105: 6
D107: Lad C | E107: Stefania Camilleri | F107: Rose Falzon | G107: vs | H107: Julie Spiteri | I107: Anna Fenech | J107: 3 | K107: 6 | L107: =IF(AND(J107>K107,J108>K108),2,IF(J107>K107,1,IF(J108>K108,1,0))) -> 1 | M107: =IF(AND(K107>J107,K108>J108),2,IF(K107>J107,1,IF(K108>J108,1,0))) -> 1
J108: 7 | K108: 6
C110: Total Day 6B | J110: =SUM(J98:J108) -> 24 | K110: =SUM(K98:K108) -> 47 | L110: =SUM(L98:L108) -> 2 | M110: =SUM(M98:M108) -> 6
C112: Total Day 6 | J112: =J110+J95 -> 62 | K112: =K110+K95 -> 87 | L112: =L110+L95 -> 5 | M112: =M110+M95 -> 11

Sheet Day 7
C1: SAN MICHEL TEAM TOURNAMENT 2023
C6: DAY 7 - 17/03/2023 & 18/03/2023
C9: Court 1
C11: Time | D11: Rubber | E11: TEAM B: Frans Ellul | H11: TEAM E: Aaron Micallef Piccione | J11: Games | L11: Sets
C13: 6.30 pm | D13: Men B | E13: Clint Agius | F13: Julian Bilocca | G13: vs | H13: George Grech | I13: Manuel Mifsud | J13: 6 | K13: 4 | L13: =IF(AND(J13>K13,J14>K14),2,IF(J13>K13,1,IF(J14>K14,1,0))) -> 1 | M13: =IF(AND(K13>J13,K14>J14),2,IF(K13>J13,1,IF(K14>J14,1,0))) -> 1
J14: 4 | K14: 6
C16: 7.45 pm | D16: Men C | E16: Alain Frendo | F16: Max Anastasi Jr | G16: vs | H16: Ivan Saliba | I16: Aaron Micallef Piccione | J16: 3 | K16: 6 | L16: =IF(AND(J16>K16,J17>K17),2,IF(J16>K16,1,IF(J17>K17,1,0))) -> 0 | M16: =IF(AND(K16>J16,K17>J17),2,IF(K16>J16,1,IF(K17>J17,1,0))) -> 2
J17: 6 | K17: 7
C19: 9.00 pm | D19: Men D | E19: Denis Caruana | F19: Kenneth Farrugia | G19: vs | H19: Joseph Randich | I19: Adrian Duca | J19: 6 | K19: 4 | L19: =IF(AND(J19>K19,J20>K20),2,IF(J19>K19,1,IF(J20>K20,1,0))) -> 2 | M19: =IF(AND(K19>J19,K20>J20),2,IF(K19>J19,1,IF(K20>J20,1,0))) -> 0
J20: 6 | K20: 4
C22: 6.30 pm | D22: Lad B | E22: Francesca Sciortino | F22: Diane Debono | G22: vs | H22: Marthese Camoin | I22: Ruth Micallef | J22: 6 | K22: 7 | L22: =IF(AND(J22>K22,J23>K23),2,IF(J22>K22,1,IF(J23>K23,1,0))) -> 0 | M22: =IF(AND(K22>J22,K23>J23),2,IF(K22>J22,1,IF(K23>J23,1,0))) -> 2
J23: 0 | K23: 6
C25: Total Day 7 A | J25: =SUM(J13:J23) -> 37 | K25: =SUM(K13:K23) -> 44 | L25: =SUM(L13:L23) -> 3 | M25: =SUM(M13:M23) -> 5
C28: 3.30 pm | D28: Men A | E28: Marcelo Villanueva | F28: Reuben Borg | G28: vs | H28: Adrian Chetcuti | I28: John Azzopardi | J28: 4 | K28: 6 | L28: =IF(AND(J28>K28,J29>K29),2,IF(J28>K28,1,IF(J29>K29,1,0))) -> 1 | M28: =IF(AND(K28>J28,K29>J29),2,IF(K28>J28,1,IF(K29>J29,1,0))) -> 1
J29: 7 | K29: 5
C31: 4.45 pm | D31: MXD BA | E31: Georges Meekers | F31: Brenda Baldacchino | G31: vs | H31: Ivan Cachia | I31: Julia Barbara | J31: 4 | K31: 6 | L31: =IF(AND(J31>K31,J32>K32),2,IF(J31>K31,1,IF(J32>K32,1,0))) -> 0 | M31: =IF(AND(K31>J31,K32>J32),2,IF(K31>J31,1,IF(K32>J32,1,0))) -> 2
J32: 3 | K32: 6
C34: 6.00 pm | D34: Lad C | E34: Stefania Camilleri | F34: Anna Ancilleri | G34: vs | H34: Christine Seychell | I34: Christabelle Chetcuti | J34: 4 | K34: 6 | L34: =IF(AND(J34>K34,J35>K35),2,IF(J34>K34,1,IF(J35>K35,1,0))) -> 1 | M34: =IF(AND(K34>J34,K35>J35),2,IF(K34>J34,1,IF(K35>J35,1,0))) -> 1
J35: 7 | K35: 6
C37: 3.30 pm | D37: Lad A | E37: Yasmine Hefny | F37: Celeste Zammit Marquette (Pro Christine Schembri) | G37: vs | H37: Alexia Spiteri Willets | I37: Natalya Abela | J37: 5 | K37: 7 | L37: =IF(AND(J37>K37,J38>K38),2,IF(J37>K37,1,IF(J38>K38,1,0))) -> 0 | M37: =IF(AND(K37>J37,K38>J38),2,IF(K37>J37,1,IF(K38>J38,1,0))) -> 2
J38: 1 | K38: 6
C40: Total Day 7B | J40: =SUM(J28:J38) -> 35 | K40: =SUM(K28:K38) -> 48 | L40: =SUM(L28:L38) -> 2 | M40: =SUM(M28:M38) -> 6
C42: Total Day 7 | J42: =J40+J25 -> 72 | K42: =K40+K25 -> 92 | L42: =L40+L25 -> 5 | M42: =M40+M25 -> 11
C44: Court 2
C46: Time | D46: Rubber | E46: TEAM A: Gabriel Pace | H46: TEAM F: Lonia Carabott | J46: Games | L46: Sets
C48: 6.30 pm | D48: Men C | E48: Jean Paul Vella | F48: Darrell Pace | G48: vs | H48: Max Anastasi | I48: Julian Esposito | J48: 4 | K48: 6 | L48: =IF(AND(J48>K48,J49>K49),2,IF(J48>K48,1,IF(J49>K49,1,0))) -> 0 | M48: =IF(AND(K48>J48,K49>J49),2,IF(K48>J48,1,IF(K49>J49,1,0))) -> 2
J49: 0 | K49: 6
C51: 7.45 pm | D51: Lad A | E51: Olivia Belli | F51: Kirsty Mercieca | G51: vs | H51: Martina Cuschieri | I51: Anthea Gauci | J51: 6 | K51: 4 | L51: =IF(AND(J51>K51,J52>K52),2,IF(J51>K51,1,IF(J52>K52,1,0))) -> 1 | M51: =IF(AND(K51>J51,K52>J52),2,IF(K51>J51,1,IF(K52>J52,1,0))) -> 1
J52: 2 | K52: 6
C54: 9.00 pm | D54: Men B | E54: Earvin Grech Meli | F54: Charles Sacco | G54: vs | H54: Jonathan Martinelli | I54: Willem Steenkamer | J54: 2 | K54: 6 | L54: =IF(AND(J54>K54,J55>K55),2,IF(J54>K54,1,IF(J55>K55,1,0))) -> 0 | M54: =IF(AND(K54>J54,K55>J55),2,IF(K54>J54,1,IF(K55>J55,1,0))) -> 2
J55: 4 | K55: 6
C57: 7.45 pm | D57: Lad C | E57: Jodie Stivala | F57: Stephanie Hercegovac | G57: vs | H57: Christine Scerri | I57: Anna Fenech | J57: 5 | K57: 7 | L57: =IF(AND(J57>K57,J58>K58),2,IF(J57>K57,1,IF(J58>K58,1,0))) -> 1 | M57: =IF(AND(K57>J57,K58>J58),2,IF(K57>J57,1,IF(K58>J58,1,0))) -> 1
J58: 6 | K58: 3
C60: Total Day 7 A | J60: =SUM(J48:J58) -> 29 | K60: =SUM(K48:K58) -> 44 | L60: =SUM(L48:L58) -> 2 | M60: =SUM(M48:M58) -> 6
C63: 3.30 pm | D63: Lad B | E63: Kelsye Gauci | F63: Nancy Wong | G63: vs | H63: Diane Fenech | I63: Lonia Carabott | J63: 3 | K63: 6 | L63: =IF(AND(J63>K63,J64>K64),2,IF(J63>K63,1,IF(J64>K64,1,0))) -> 0 | M63: =IF(AND(K63>J63,K64>J64),2,IF(K63>J63,1,IF(K64>J64,1,0))) -> 2
J64: 3 | K64: 6
C66: 4.45 pm | D66: MXD BA | E66: Gabriel Pace | F66: Sharon Mizzi | G66: vs | H66: Ryan Mizzi | I66: Elaine Grech | J66: 6 | K66: 7 | L66: =IF(AND(J66>K66,J67>K67),2,IF(J66>K66,1,IF(J67>K67,1,0))) -> 0 | M66: =IF(AND(K66>J66,K67>J67),2,IF(K66>J66,1,IF(K67>J67,1,0))) -> 2
J67: 6 | K67: 7
C69: 6.00 pm | D69: Men A | E69: Marc Vella Bonnici | F69: Andrew Pule' | G69: vs | H69: Nikolai Belli | I69: Melchior Farrugia | J69: 6 | K69: 3 | L69: =IF(AND(J69>K69,J70>K70),2,IF(J69>K69,1,IF(J70>K70,1,0))) -> 2 | M69: =IF(AND(K69>J69,K70>J70),2,IF(K69>J69,1,IF(K70>J70,1,0))) -> 0
J70: 7 | K70: 5
C72: 4.45 pm | D72: Men D | E72: Twanny Pule' | F72: Sean Cachia | G72: vs | H72: Charles Borg Grech | I72: Kenneth Caruana | J72: 6 | K72: 2 | L72: =IF(AND(J72>K72,J73>K73),2,IF(J72>K72,1,IF(J73>K73,1,0))) -> 1 | M72: =IF(AND(K72>J72,K73>J73),2,IF(K72>J72,1,IF(K73>J73,1,0))) -> 1
J73: 4 | K73: 6
C75: Total Day 7B | J75: =SUM(J63:J73) -> 41 | K75: =SUM(K63:K73) -> 42 | L75: =SUM(L63:L73) -> 3 | M75: =SUM(M63:M73) -> 5
C77: Total Day 7 | J77: =J75+J60 -> 70 | K77: =K75+K60 -> 86 | L77: =L75+L60 -> 5 | M77: =M75+M60 -> 11
C79: Court 4
C81: Time | D81: Rubber | E81: TEAM C: Roberto Murdocco | H81: TEAM D: Lucienne Meli
C83: 6.30 pm | D83: Lad A | E83: Nicole Fava | F83: Pierina Holmin | G83: vs | H83: Ann Marie Mangion | I83: Mariska Steenkamer | J83: 6 | K83: 4 | L83: =IF(AND(J83>K83,J84>K84),2,IF(J83>K83,1,IF(J84>K84,1,0))) -> 2 | M83: =IF(AND(K83>J83,K84>J84),2,IF(K83>J83,1,IF(K84>J84,1,0))) -> 0
J84: 6 | K84: 3
C86: 7.45 pm | D86: Lad C | E86: Anna Casingena | F86: Anna Napier | G86: vs | H86: Josette Cassar | I86: Mary Borg | J86: 6 | K86: 3 | L86: =IF(AND(J86>K86,J87>K87),2,IF(J86>K86,1,IF(J87>K87,1,0))) -> 2 | M86: =IF(AND(K86>J86,K87>J87),2,IF(K86>J86,1,IF(K87>J87,1,0))) -> 0
J87: 6 | K87: 3
C89: 9.00 pm | D89: Men B | E89: Fotis Evangelov | F89: Manuel Gatt | G89: vs | H89: Richard Curmi | I89: Joe Carabott (Pro Richard Byrne) | J89: 6 | K89: 2 | L89: =IF(AND(J89>K89,J90>K90),2,IF(J89>K89,1,IF(J90>K90,1,0))) -> 2 | M89: =IF(AND(K89>J89,K90>J90),2,IF(K89>J89,1,IF(K90>J90,1,0))) -> 0
J90: 6 | K90: 2
C92: 9.00 pm | D92: Men C | E92: Kristen Cachia | F92: Ran Ebejer | G92: vs | H92: Victor Rutter | I92: Ray Ciantar | J92: 6 | K92: 4 | L92: =IF(AND(J92>K92,J93>K93),2,IF(J92>K92,1,IF(J93>K93,1,0))) -> 2 | M92: =IF(AND(K92>J92,K93>J93),2,IF(K92>J92,1,IF(K93>J93,1,0))) -> 0
J93: 6 | K93: 3
C95: Total Day 7 A | J95: =SUM(J83:J93) -> 48 | K95: =SUM(K83:K93) -> 24 | L95: =SUM(L83:L93) -> 8 | M95: =SUM(M83:M93) -> 0
C98: 3.30 pm | D98: Men A | E98: Jesmond Pule' | F98: Luigi Porto | G98: vs | H98: Matthew Mifsud | I98: Trevor Rutter | J98: 2 | K98: 6 | L98: =IF(AND(J98>K98,J99>K99),2,IF(J98>K98,1,IF(J99>K99,1,0))) -> 0 | M98: =IF(AND(K98>J98,K99>J99),2,IF(K98>J98,1,IF(K99>J99,1,0))) -> 2
J99: 4 | K99: 6
C101: 4.45 pm | D101: MXD BA | E101: Kevin Formosa | F101: Romina Gauci | G101: vs | H101: Stephen Belli | I101: Lucienne Meli | J101: 2 | K101: 6 | L101: =IF(AND(J101>K101,J102>K102),2,IF(J101>K101,1,IF(J102>K102,1,0))) -> 0 | M101: =IF(AND(K101>J101,K102>J102),2,IF(K101>J101,1,IF(K102>J102,1,0))) -> 2
J102: 4 | K102: 6
C104: 6.00 pm | D104: Lad B | E104: Sarah Axiaq | F104: Ceridwen Scerri | G104: vs | H104: Anabel Borg | I104: Jennifer Roca | J104: 1 | K104: 6 | L104: =IF(AND(J104>K104,J105>K105),2,IF(J104>K104,1,IF(J105>K105,1,0))) -> 0 | M104: =IF(AND(K104>J104,K105>J105),2,IF(K104>J104,1,IF(K105>J105,1,0))) -> 2
J105: 4 | K105: 6
C107: 6.00 pm | D107: Men D | E107: David Camilleri | F107: Donald Deguzman | G107: vs | H107: Charles Grech | I107: Ahmed Elnakroud | J107: 2 | K107: 6 | L107: =IF(AND(J107>K107,J108>K108),2,IF(J107>K107,1,IF(J108>K108,1,0))) -> 0 | M107: =IF(AND(K107>J107,K108>J108),2,IF(K107>J107,1,IF(K108>J108,1,0))) -> 2
J108: 6 | K108: 7
C110: Total Day 7B | J110: =SUM(J98:J108) -> 25 | K110: =SUM(K98:K108) -> 49 | L110: =SUM(L98:L108) -> 0 | M110: =SUM(M98:M108) -> 8
C112: Total Day 7 | J112: =J110+J95 -> 73 | K112: =K110+K95 -> 73 | L112: =L110+L95 -> 8 | M112: =M110+M95 -> 8

Sheet Day 8
C1: SAN MICHEL TEAM TOURNAMENT 2023
C6: DAY 8 - 14/04/2023 & 15/04/2023
C9: Court 1
C11: Time | D11: Rubber | E11: TEAM C: Lucienne Meli | H11: TEAM F: Lonia Carabott | J11: Games | L11: Sets
C13: 6.30 pm | D13: Lad B | E13: Carmen Difesa | F13: Jennifer Roca | G13: vs | H13: Kristina Briffa | I13: Diane Fenech | J13: 4 | K13: 6 | L13: =IF(AND(J13>K13,J14>K14),2,IF(J13>K13,1,IF(J14>K14,1,0))) -> 0 | M13: =IF(AND(K13>J13,K14>J14),2,IF(K13>J13,1,IF(K14>J14,1,0))) -> 2
J14: 1 | K14: 6
C16: 7.45 pm | D16: Men C | E16: Joe Carabott | F16: Ray Ciantar | G16: vs | H16: Max Anastasi | I16: Artiom Kiricenko | J16: 2 | K16: 6 | L16: =IF(AND(J16>K16,J17>K17),2,IF(J16>K16,1,IF(J17>K17,1,0))) -> 0 | M16: =IF(AND(K16>J16,K17>J17),2,IF(K16>J16,1,IF(K17>J17,1,0))) -> 2
J17: 1 | K17: 6
C19: 9.00 pm | D19: Men A | E19: Matthew Mifsud | F19: Trevor Rutter | G19: vs | H19: Nikolai Belli | I19: Melchior Farrugia | J19: 6 | K19: 2 | L19: =IF(AND(J19>K19,J20>K20),2,IF(J19>K19,1,IF(J20>K20,1,0))) -> 2 | M19: =IF(AND(K19>J19,K20>J20),2,IF(K19>J19,1,IF(K20>J20,1,0))) -> 0
J20: 6 | K20: 0
C22: 6.30 pm | D22: Men B | E22: Richard Byrne | F22: Richard Curmi | G22: vs | H22: David Schembri | I22: Ryan Mizzi | J22: 2 | K22: 6 | L22: =IF(AND(J22>K22,J23>K23),2,IF(J22>K22,1,IF(J23>K23,1,0))) -> 0 | M22: =IF(AND(K22>J22,K23>J23),2,IF(K22>J22,1,IF(K23>J23,1,0))) -> 2
J23: 4 | K23: 6
C25: Total Day 8 A | J25: =SUM(J13:J23) -> 26 | K25: =SUM(K13:K23) -> 38 | L25: =SUM(L13:L23) -> 2 | M25: =SUM(M13:M23) -> 6
C28: 3.30 pm | D28: Men D | E28: Charles Grech | F28: Eman Meli | G28: vs | H28: Charles Borg Grech | I28: Mario Abdilla | J28: 0 | K28: 6 | L28: =IF(AND(J28>K28,J29>K29),2,IF(J28>K28,1,IF(J29>K29,1,0))) -> 0 | M28: =IF(AND(K28>J28,K29>J29),2,IF(K28>J28,1,IF(K29>J29,1,0))) -> 2
J29: 3 | K29: 6
C31: 4.45 pm | D31: Lad A | E31: Mariska Steenkamer | F31: Annabelle Abela | G31: vs | H31: Martina Cuschieri | I31: Elaine Grech | J31: 1 | K31: 6 | L31: =IF(AND(J31>K31,J32>K32),2,IF(J31>K31,1,IF(J32>K32,1,0))) -> 0 | M31: =IF(AND(K31>J31,K32>J32),2,IF(K31>J31,1,IF(K32>J32,1,0))) -> 2
J32: 0 | K32: 6
C34: 6.00 pm | D34: MXD BA | E34: Jonathan Vella | F34: Lucienne Meli | G34: vs | H34: Jonathan Martinelli | I34: Anthea Gauci | J34: 6 | K34: 2 | L34: =IF(AND(J34>K34,J35>K35),2,IF(J34>K34,1,IF(J35>K35,1,0))) -> 2 | M34: =IF(AND(K34>J34,K35>J35),2,IF(K34>J34,1,IF(K35>J35,1,0))) -> 0
J35: 7 | K35: 5
C37: 3.30 pm | D37: Lad C | E37: Mary Borg | F37: Josette Cassar (Jean Frendo) | G37: vs | H37: Christine Scerri | I37: Anna Fenech | J37: 6 | K37: 4 | L37: =IF(AND(J37>K37,J38>K38),2,IF(J37>K37,1,IF(J38>K38,1,0))) -> 2 | M37: =IF(AND(K37>J37,K38>J38),2,IF(K37>J37,1,IF(K38>J38,1,0))) -> 0 | N37: Handicap rule applies instead of Jean Frendo
J38: 7 | K38: 6
C40: Total Day 8 B | J40: =SUM(J28:J38) -> 30 | K40: =SUM(K28:K38) -> 41 | L40: =SUM(L28:L38) -> 4 | M40: =SUM(M28:M38) -> 4
C42: Total Day 8 | J42: =J40+J25 -> 56 | K42: =K40+K25 -> 79 | L42: =L40+L25 -> 6 | M42: =M40+M25 -> 10
C44: Court 2
C46: Time | D46: Rubber | E46: TEAM D: Roberto Murdocco | H46: TEAM B: Frans Ellul | J46: Games | L46: Sets
C48: 6.45 pm | D48: Men C | E48: Sebastian Attard | F48: Ryan Ebejer | G48: vs | H48: Alain Frendo | I48: Max Anastasi Jr | J48: 6 | K48: 4 | L48: =IF(AND(J48>K48,J49>K49),2,IF(J48>K48,1,IF(J49>K49,1,0))) -> 2 | M48: =IF(AND(K48>J48,K49>J49),2,IF(K48>J48,1,IF(K49>J49,1,0))) -> 0
J49: 7 | K49: 6
C51: 7.45 pm | D51: Men A | E51: Jesmond Pule' | F51: Duncan D'Alessandro | G51: vs | H51: Marcelo Villanueva | I51: Reuben Borg | J51: 6 | K51: 4 | L51: =IF(AND(J51>K51,J52>K52),2,IF(J51>K51,1,IF(J52>K52,1,0))) -> 1 | M51: =IF(AND(K51>J51,K52>J52),2,IF(K51>J51,1,IF(K52>J52,1,0))) -> 1
J52: 6 | K52: 7
C54: 9.00 pm | D54: MXD | E54: Roberto Murdocco | F54: Sarah Axiaq (Pro Nicole Fava) | G54: vs | H54: Clint Agius | I54: Christine Schembri | J54: 0 | K54: 6 | L54: =IF(AND(J54>K54,J55>K55),2,IF(J54>K54,1,IF(J55>K55,1,0))) -> 0 | M54: =IF(AND(K54>J54,K55>J55),2,IF(K54>J54,1,IF(K55>J55,1,0))) -> 2
J55: 2 | K55: 6
C57: 7.45 pm | D57: Lad C | E57: Anna Napier | F57: Claire Genovese | G57: vs | H57: Rose Falzon | I57: Stefania Camilleri | J57: 6 | K57: 0 | L57: =IF(AND(J57>K57,J58>K58),2,IF(J57>K57,1,IF(J58>K58,1,0))) -> 2 | M57: =IF(AND(K57>J57,K58>J58),2,IF(K57>J57,1,IF(K58>J58,1,0))) -> 0 | N57: w/o
J58: 6 | K58: 4
C60: Total Day 8 A | J60: =SUM(J48:J58) -> 39 | K60: =SUM(K48:K58) -> 37 | L60: =SUM(L48:L58) -> 5 | M60: =SUM(M48:M58) -> 3
C63: 3.30 pm | D63: Lad B | E63: Anna Buhagiar | F63: Ceridwen Scerri | G63: vs | H63: Francesca Sciortino | I63: Ann Marie Attard | J63: 1 | K63: 6 | L63: =IF(AND(J63>K63,J64>K64),2,IF(J63>K63,1,IF(J64>K64,1,0))) -> 0 | M63: =IF(AND(K63>J63,K64>J64),2,IF(K63>J63,1,IF(K64>J64,1,0))) -> 2
J64: 6 | K64: 7
C66: 4.45 pm | D66: Lad A | E66: Romina Gauci | F66: Pierina Holmin | G66: vs | H66: Celeste Zammit Marquette | I66: Brenda Baldacchino | J66: 7 | K66: 6 | L66: =IF(AND(J66>K66,J67>K67),2,IF(J66>K66,1,IF(J67>K67,1,0))) -> 1 | M66: =IF(AND(K66>J66,K67>J67),2,IF(K66>J66,1,IF(K67>J67,1,0))) -> 1
J67: 6 | K67: 7
C69: 6.00 pm | D69: Men D | E69: Simone Re | F69: Donald Deguzman | G69: vs | H69: Kenneth Farrugia | I69: Adam Green | J69: 6 | K69: 7 | L69: =IF(AND(J69>K69,J70>K70),2,IF(J69>K69,1,IF(J70>K70,1,0))) -> 1 | M69: =IF(AND(K69>J69,K70>J70),2,IF(K69>J69,1,IF(K70>J70,1,0))) -> 1
J70: 6 | K70: 4
C72: 4.45 pm | D72: Men B | E72: Kevin Formosa | F72: Manuel Gatt | G72: vs | H72: Georges Meekers | I72: Julian Bilocca | J72: 6 | K72: 4 | L72: =IF(AND(J72>K72,J73>K73),2,IF(J72>K72,1,IF(J73>K73,1,0))) -> 1 | M72: =IF(AND(K72>J72,K73>J73),2,IF(K72>J72,1,IF(K73>J73,1,0))) -> 1
J73: 2 | K73: 6
C75: Total Day 8 B | J75: =SUM(J63:J73) -> 40 | K75: =SUM(K63:K73) -> 47 | L75: =SUM(L63:L73) -> 3 | M75: =SUM(M63:M73) -> 5
C77: Total Day 8 | J77: =J75+J60 -> 79 | K77: =K75+K60 -> 84 | L77: =L75+L60 -> 8 | M77: =M75+M60 -> 8
C79: Court 4
C81: Time | D81: Rubber | E81: TEAM A: Gabriel Pace | H81: TEAM E: Aaron Micallef Piccione
C83: 6.30 pm | D83: Lad A | E83: Olivia Belli | F83: Kirsty Mercieca | G83: vs | H83: Natalya Abela | I83: Ruth Micallef (Pro Julia Barbara) | J83: 7 | K83: 5 | L83: =IF(AND(J83>K83,J84>K84),2,IF(J83>K83,1,IF(J84>K84,1,0))) -> 2 | M83: =IF(AND(K83>J83,K84>J84),2,IF(K83>J83,1,IF(K84>J84,1,0))) -> 0
J84: 6 | K84: 1
C86: 7.45 pm | D86: Men C | E86: Jean Paul Vella (Pro Maurice Borg) | F86: Darrell Pace | G86: vs | H86: Matthew Schembri | I86: Aaron Micallef Piccione | J86: 7 | K86: 6 | L86: =IF(AND(J86>K86,J87>K87),2,IF(J86>K86,1,IF(J87>K87,1,0))) -> 2 | M86: =IF(AND(K86>J86,K87>J87),2,IF(K86>J86,1,IF(K87>J87,1,0))) -> 0
J87: 6 | K87: 1
C89: 9.00 pm | D89: Men D | E89: Twanny Pule' | F89: Charles Micallef | G89: vs | H89: Adrian Duca | I89: Cory Greenland | J89: 6 | K89: 3 | L89: =IF(AND(J89>K89,J90>K90),2,IF(J89>K89,1,IF(J90>K90,1,0))) -> 2 | M89: =IF(AND(K89>J89,K90>J90),2,IF(K89>J89,1,IF(K90>J90,1,0))) -> 0
J90: 6 | K90: 4
C92: 9.00 pm | D92: Lad C | E92: Elisa Sacco | F92: Stephanie Herzegovac | G92: vs | H92: Christabelle Chetcuti | I92: Lillian Baldacchino | J92: 2 | K92: 6 | L92: =IF(AND(J92>K92,J93>K93),2,IF(J92>K92,1,IF(J93>K93,1,0))) -> 1 | M92: =IF(AND(K92>J92,K93>J93),2,IF(K92>J92,1,IF(K93>J93,1,0))) -> 1
J93: 6 | K93: 3
C95: Total Day 8 A | J95: =SUM(J83:J93) -> 46 | K95: =SUM(K83:K93) -> 29 | L95: =SUM(L83:L93) -> 7 | M95: =SUM(M83:M93) -> 1
C98: 3.30 pm | D98: Men A | E98: Marc Vella Bonnici | F98: Keith Micallef | G98: vs | H98: John Azzopardi | I98: Marco Mercieca | J98: 6 | K98: 1 | L98: =IF(AND(J98>K98,J99>K99),2,IF(J98>K98,1,IF(J99>K99,1,0))) -> 2 | M98: =IF(AND(K98>J98,K99>J99),2,IF(K98>J98,1,IF(K99>J99,1,0))) -> 0
J99: 6 | K99: 2
C101: 4.45 pm | D101: Lad B | E101: Deborah Farrugia | F101: Kelsey Gauci (Pro Nancy Wong) | G101: vs | H101: Marthese Camoin | I101: Jin Attard | J101: 3 | K101: 6 | L101: =IF(AND(J101>K101,J102>K102),2,IF(J101>K101,1,IF(J102>K102,1,0))) -> 1 | M101: =IF(AND(K101>J101,K102>J102),2,IF(K101>J101,1,IF(K102>J102,1,0))) -> 1
J102: 7 | K102: 6
C104: 6.00 pm | D104: Men B | E104: Gene Zammit | F104: Gabriel Pace | G104: vs | H104: George Grech | I104: Ivan Cachia | J104: 1 | K104: 6 | L104: =IF(AND(J104>K104,J105>K105),2,IF(J104>K104,1,IF(J105>K105,1,0))) -> 0 | M104: =IF(AND(K104>J104,K105>J105),2,IF(K104>J104,1,IF(K105>J105,1,0))) -> 2
J105: 2 | K105: 6
C107: 6.00pm | D107: MXD | E107: Earvin Grech Meli | F107: Silvana Portellli | G107: vs | H107: Manuel Mifsud | I107: Alexia Spiteri Willets | J107: 5 | K107: 7 | L107: =IF(AND(J107>K107,J108>K108),2,IF(J107>K107,1,IF(J108>K108,1,0))) -> 0 | M107: =IF(AND(K107>J107,K108>J108),2,IF(K107>J107,1,IF(K108>J108,1,0))) -> 2
J108: 3 | K108: 6
C110: Total Day 8 B | J110: =SUM(J98:J108) -> 33 | K110: =SUM(K98:K108) -> 40 | L110: =SUM(L98:L108) -> 3 | M110: =SUM(M98:M108) -> 5
C112: Total Day 8 | J112: =J110+J95 -> 79 | K112: =K110+K95 -> 69 | L112: =L110+L95 -> 10 | M112: =M110+M95 -> 6

Sheet Day 9
C1: SAN MICHEL TEAM TOURNAMENT 2023
C6: DAY 9 - 21/04/2023 & 22/04/2023
C9: Court 1
C11: Time | D11: Rubber | E11: Team D: Roberto Murdocco | G11: vs | H11: Team F: Lonia Carabott | J11: Games | L11: Sets
C13: 6.30 pm | D13: Lad A | E13: Pierina Holmin | F13: Alexia Gouder | G13: vs | H13: Martina Cuschieri | I13: Elaine Grech | J13: 0 | K13: 6 | L13: =IF(AND(J13>K13,J14>K14),2,IF(J13>K13,1,IF(J14>K14,1,0))) -> 0 | M13: =IF(AND(K13>J13,K14>J14),2,IF(K13>J13,1,IF(K14>J14,1,0))) -> 2
J14: 0 | K14: 6
B15: 1 | C15: 6
B16: 0 | C16: 6 | D16: MXD BA | E16: Roberto Murdocco | F16: Romina Gauci | G16: vs | H16: David Schembri | I16: Anthea Gauci | J16: 1 | K16: 6 | L16: =IF(AND(J16>K16,J17>K17),2,IF(J16>K16,1,IF(J17>K17,1,0))) -> 0 | M16: =IF(AND(K16>J16,K17>J17),2,IF(K16>J16,1,IF(K17>J17,1,0))) -> 2
J17: 0 | K17: 6
C19: 9.00 pm | D19: Lad B | E19: Anna Buhagiar | F19: Sarah Axiaq | G19: vs | H19: Diane Fenech | I19: Lonia Carabott | J19: 2 | K19: 6 | L19: =IF(AND(J19>K19,J20>K20),2,IF(J19>K19,1,IF(J20>K20,1,0))) -> 0 | M19: =IF(AND(K19>J19,K20>J20),2,IF(K19>J19,1,IF(K20>J20,1,0))) -> 2
J20: 0 | K20: 6
C22: 6.30 pm | D22: Lad C | E22: Anna Casingena | F22: Claire Genovese | G22: vs | H22: Julie Spiteri | I22: Anna Fenech (Pro Christine Scerri) | J22: 0 | K22: 6 | L22: =IF(AND(J22>K22,J23>K23),2,IF(J22>K22,1,IF(J23>K23,1,0))) -> 0 | M22: =IF(AND(K22>J22,K23>J23),2,IF(K22>J22,1,IF(K23>J23,1,0))) -> 2
J23: 2 | K23: 6
C25: Total Day 9 A | J25: =SUM(J13:J23) -> 5 | K25: =SUM(K13:K23) -> 48 | L25: =SUM(L13:L23) -> 0 | M25: =SUM(M13:M23) -> 8
C28: 3.30 pm | D28: Men B | E28: Fotios Evangelou | F28: Manuel Gatt | G28: vs | H28: Willem Steenkamer | I28: Jonathan Martinelli | J28: 6 | K28: 2 | L28: =IF(AND(J28>K28,J29>K29),2,IF(J28>K28,1,IF(J29>K29,1,0))) -> 2 | M28: =IF(AND(K28>J28,K29>J29),2,IF(K28>J28,1,IF(K29>J29,1,0))) -> 0
J29: 6 | K29: 2
C31: 4.45 pm | D31: Men A | E31: Duncan D'alessandro | F31: Luigi Porto | G31: vs | H31: Kurt Carabott | I31: Melchior Farrugia | J31: 2 | K31: 6 | L31: =IF(AND(J31>K31,J32>K32),2,IF(J31>K31,1,IF(J32>K32,1,0))) -> 0 | M31: =IF(AND(K31>J31,K32>J32),2,IF(K31>J31,1,IF(K32>J32,1,0))) -> 2
J32: 3 | K32: 6
C34: 6.00 pm | D34: Men C | E34: Sebastian Attard | F34: Kristen Cachia | G34: vs | H34: Max Anastasi | I34: Julian Esposito | J34: 2 | K34: 6 | L34: =IF(AND(J34>K34,J35>K35),2,IF(J34>K34,1,IF(J35>K35,1,0))) -> 0 | M34: =IF(AND(K34>J34,K35>J35),2,IF(K34>J34,1,IF(K35>J35,1,0))) -> 2
J35: 4 | K35: 6
C37: 3.30 pm | D37: Men D | E37: Simone Re | F37: David Camilleri | G37: vs | H37: Charles Borg Grech | I37: Mario Abdilla | J37: 6 | K37: 7 | L37: =IF(AND(J37>K37,J38>K38),2,IF(J37>K37,1,IF(J38>K38,1,0))) -> 1 | M37: =IF(AND(K37>J37,K38>J38),2,IF(K37>J37,1,IF(K38>J38,1,0))) -> 1
J38: 6 | K38: 4
C40: Total Day 9B | J40: =SUM(J28:J38) -> 35 | K40: =SUM(K28:K38) -> 39 | L40: =SUM(L28:L38) -> 3 | M40: =SUM(M28:M38) -> 5
C42: Total Day 9 | J42: =J40+J25 -> 40 | K42: =K40+K25 -> 87 | L42: =L40+L25 -> 3 | M42: =M40+M25 -> 13
C44: Court 2
C46: Time | D46: Rubber | E46: Team C: Lucienne Meli | H46: Team E: Aaron Micallef Piccione | J46: Games | L46: Sets
C48: 6.30 pm | D48: Lad B | E48: Annabel Borg | F48: Jennifer Roca | G48: vs | H48: Marthese Camoin | I48: Jin Attard | J48: 6 | K48: 7 | L48: =IF(AND(J48>K48,J49>K49),2,IF(J48>K48,1,IF(J49>K49,1,0))) -> 0 | M48: =IF(AND(K48>J48,K49>J49),2,IF(K48>J48,1,IF(K49>J49,1,0))) -> 2
J49: 4 | K49: 6
C51: 7.45 pm | D51: Lad A | E51: Mariska Steenkamer | F51: Annmarie Mangion | G51: vs | H51: Alexia Spiteri Willets | I51: Alison Muscat | J51: 7 | K51: 6 | L51: =IF(AND(J51>K51,J52>K52),2,IF(J51>K51,1,IF(J52>K52,1,0))) -> 2 | M51: =IF(AND(K51>J51,K52>J52),2,IF(K51>J51,1,IF(K52>J52,1,0))) -> 0
J52: 6 | K52: 4
C54: 9.00 pm | D54: Men B | E54: Richard Byrne | F54: Richard Curmi | G54: vs | H54: George Grech | I54: Stefan Holmin | J54: 6 | K54: 3 | L54: =IF(AND(J54>K54,J55>K55),2,IF(J54>K54,1,IF(J55>K55,1,0))) -> 2 | M54: =IF(AND(K54>J54,K55>J55),2,IF(K54>J54,1,IF(K55>J55,1,0))) -> 0
J55: 7 | K55: 6
C57: 7.45 pm | D57: Lad C | E57: Mary Borg | F57: Josette Cassar | G57: vs | H57: Christine Seychell | I57: Lillian Baldacchino | J57: 6 | K57: 3 | L57: =IF(AND(J57>K57,J58>K58),2,IF(J57>K57,1,IF(J58>K58,1,0))) -> 2 | M57: =IF(AND(K57>J57,K58>J58),2,IF(K57>J57,1,IF(K58>J58,1,0))) -> 0
J58: 6 | K58: 1
C60: Total Day 9 A | J60: =SUM(J48:J58) -> 48 | K60: =SUM(K48:K58) -> 36 | L60: =SUM(L48:L58) -> 6 | M60: =SUM(M48:M58) -> 2
C63: 3.30 pm | D63: Men A | E63: Trevor Rutter | F63: Massimo Giovannini | G63: vs | H63: Adrian Chetcuti | I63: John Azzopardi | J63: 6 | K63: 3 | L63: =IF(AND(J63>K63,J64>K64),2,IF(J63>K63,1,IF(J64>K64,1,0))) -> 1 | M63: =IF(AND(K63>J63,K64>J64),2,IF(K63>J63,1,IF(K64>J64,1,0))) -> 1
J64: 4 | K64: 6
C66: 4.45 pm | D66: MXD BA | E66: Jonathan Vella | F66: Annabelle Abela | G66: vs | H66: Ivan Cachia | I66: Julia Barbara | J66: 4 | K66: 6 | L66: =IF(AND(J66>K66,J67>K67),2,IF(J66>K66,1,IF(J67>K67,1,0))) -> 1 | M66: =IF(AND(K66>J66,K67>J67),2,IF(K66>J66,1,IF(K67>J67,1,0))) -> 1
J67: 6 | K67: 1
C69: 6.00 pm | D69: Men D | E69: Charles Grech | F69: Eman Meli | G69: vs | H69: Joseph Randich | I69: Cory Greenland | J69: 3 | K69: 6 | L69: =IF(AND(J69>K69,J70>K70),2,IF(J69>K69,1,IF(J70>K70,1,0))) -> 0 | M69: =IF(AND(K69>J69,K70>J70),2,IF(K69>J69,1,IF(K70>J70,1,0))) -> 2
J70: 2 | K70: 6
C72: 4.45 pm | D72: Men C | E72: Victor Rutter | F72: Joe Carabott | G72: vs | H72: Ivan Saliba | I72: Aaron Micallef Piccione | J72: 7 | K72: 5 | L72: =IF(AND(J72>K72,J73>K73),2,IF(J72>K72,1,IF(J73>K73,1,0))) -> 2 | M72: =IF(AND(K72>J72,K73>J73),2,IF(K72>J72,1,IF(K73>J73,1,0))) -> 0
J73: 6 | K73: 3
C75: Total Day 9B | J75: =SUM(J63:J73) -> 38 | K75: =SUM(K63:K73) -> 36 | L75: =SUM(L63:L73) -> 4 | M75: =SUM(M63:M73) -> 4
C77: Total Day 9 | J77: =J75+J60 -> 86 | K77: =K75+K60 -> 72 | L77: =L75+L60 -> 10 | M77: =M75+M60 -> 6
C79: Court 4
C81: Time | D81: Rubber | E81: Team A: Gabriel Pace | G81: vs | H81: Team B: Frans Ellul
C83: 6.30 pm | D83: Lad B | E83: Deborah Farrugia | F83: Kelsey Gauci | G83: vs | H83: Francesca Sciortino | I83: Diane Debono | J83: 6 | K83: 3 | L83: =IF(AND(J83>K83,J84>K84),2,IF(J83>K83,1,IF(J84>K84,1,0))) -> 2 | M83: =IF(AND(K83>J83,K84>J84),2,IF(K83>J83,1,IF(K84>J84,1,0))) -> 0
J84: 6 | K84: 1
C86: 7.45 pm | D86: Men C | E86: Jean Paul Vella | F86: Darrell Pace (Pro Maurice Borg) | G86: vs | H86: Alain Frendo (Pro Juan Debono) | I86: Max Anastasi Jr | J86: 3 | K86: 6 | L86: =IF(AND(J86>K86,J87>K87),2,IF(J86>K86,1,IF(J87>K87,1,0))) -> 1 | M86: =IF(AND(K86>J86,K87>J87),2,IF(K86>J86,1,IF(K87>J87,1,0))) -> 1
J87: 6 | K87: 4
C89: 9.00 pm | D89: Men A | E89: Marc Vella Bonnici | F89: Andrew Pule' | G89: vs | H89: Eric Roca | I89: Reuben Borg | J89: 6 | K89: 2 | L89: =IF(AND(J89>K89,J90>K90),2,IF(J89>K89,1,IF(J90>K90,1,0))) -> 2 | M89: =IF(AND(K89>J89,K90>J90),2,IF(K89>J89,1,IF(K90>J90,1,0))) -> 0
J90: 6 | K90: 1
C92: 9.00 pm | D92: Lad A | E92: Sharon Mizzi | F92: Silvana Portelli | G92: vs | H92: Christine Schembri | I92: Yasmin Hefny | J92: 1 | K92: 6 | L92: =IF(AND(J92>K92,J93>K93),2,IF(J92>K92,1,IF(J93>K93,1,0))) -> 0 | M92: =IF(AND(K92>J92,K93>J93),2,IF(K92>J92,1,IF(K93>J93,1,0))) -> 2
J93: 4 | K93: 6
C95: Total Day 9 A | J95: =SUM(J83:J93) -> 38 | K95: =SUM(K83:K93) -> 29 | L95: =SUM(L83:L93) -> 5 | M95: =SUM(M83:M93) -> 3
C98: 3.30 pm | D98: Men B | E98: Gene Zammit | F98: Gabriel Pace | G98: vs | H98: James Farrugia | I98: Clint Agius | J98: 3 | K98: 6 | L98: =IF(AND(J98>K98,J99>K99),2,IF(J98>K98,1,IF(J99>K99,1,0))) -> 1 | M98: =IF(AND(K98>J98,K99>J99),2,IF(K98>J98,1,IF(K99>J99,1,0))) -> 1
J99: 6 | K99: 4
C101: 4.45 pm | D101: MXD BA | E101: Charles Sacco | F101: Kirsty Mercieca | G101: vs | H101: Georges Meekers | I101: Brenda Baldacchino | J101: 6 | K101: 2 | L101: =IF(AND(J101>K101,J102>K102),2,IF(J101>K101,1,IF(J102>K102,1,0))) -> 2 | M101: =IF(AND(K101>J101,K102>J102),2,IF(K101>J101,1,IF(K102>J102,1,0))) -> 0
J102: 6 | K102: 4
C104: 6.00 pm | D104: Men D | E104: Charles Micallef | F104: Sean Cachia | G104: vs | H104: Denis Caruana | I104: Kenneth Farrugia | J104: 6 | K104: 3 | L104: =IF(AND(J104>K104,J105>K105),2,IF(J104>K104,1,IF(J105>K105,1,0))) -> 2 | M104: =IF(AND(K104>J104,K105>J105),2,IF(K104>J104,1,IF(K105>J105,1,0))) -> 0
J105: 7 | K105: 5
C107: 6.00 pm | D107: Lad C | E107: Elisa Sacco | F107: Jodie Stivala | G107: vs | H107: Stefania Camilleri (Anna Ancilleri) | I107: Rose Falzon | J107: 6 | K107: 1 | L107: =IF(AND(J107>K107,J108>K108),2,IF(J107>K107,1,IF(J108>K108,1,0))) -> 2 | M107: =IF(AND(K107>J107,K108>J108),2,IF(K107>J107,1,IF(K108>J108,1,0))) -> 0 | N107: Handicap rule applies instead of Anna Ancilleri
J108: 6 | K108: 2
C110: Total Day 9B | J110: =SUM(J98:J108) -> 46 | K110: =SUM(K98:K108) -> 27 | L110: =SUM(L98:L108) -> 7 | M110: =SUM(M98:M108) -> 1
C112: Total Day 9 | J112: =J110+J95 -> 84 | K112: =K110+K95 -> 56 | L112: =L110+L95 -> 12 | M112: =M110+M95 -> 4

Sheet Day 10
C1: SAN MICHEL TEAM TOURNAMENT 2023
C6: Day 10 - 24/04/2023 & 28/04/2023
C9: Court 1
C11: Time | D11: Rubber | E11: TEAM A: Gabriel Pace | G11: vs | H11: TEAM D: Roberto Murdocco | J11: Games | L11: Sets
C13: 6.30 pm | D13: Men D | E13: Sean Cachia | F13: Twanny Pule' | G13: vs | H13: Simone Re | I13: David Camilleri | J13: 6 | K13: 7 | L13: =IF(AND(J13>K13,J14>K14),2,IF(J13>K13,1,IF(J14>K14,1,0))) -> 1 | M13: =IF(AND(K13>J13,K14>J14),2,IF(K13>J13,1,IF(K14>J14,1,0))) -> 1
J14: 7 | K14: 5
C16: 7.45 pm | D16: Men A | E16: Marc Vella Bonnici | F16: Keith Micallef | G16: vs | H16: Jesmond Pule' | I16: Luigi Porto | J16: 6 | K16: 0 | L16: =IF(AND(J16>K16,J17>K17),2,IF(J16>K16,1,IF(J17>K17,1,0))) -> 2 | M16: =IF(AND(K16>J16,K17>J17),2,IF(K16>J16,1,IF(K17>J17,1,0))) -> 0
J17: 6 | K17: 1
C19: 9.00 pm | D19: Men B | E19: Earvin Grech Meli | F19: Gabriel Pace | G19: vs | H19: Fotios Evangelou | I19: Manuel Gatt | J19: 6 | K19: 4 | L19: =IF(AND(J19>K19,J20>K20),2,IF(J19>K19,1,IF(J20>K20,1,0))) -> 2 | M19: =IF(AND(K19>J19,K20>J20),2,IF(K19>J19,1,IF(K20>J20,1,0))) -> 0
J20: 6 | K20: 2
D22: MXD | E22: Gene Zammit | F22: Kirsty Mercieca | G22: vs | H22: Kevin Formosa | I22: Pierina Holmin (Pro Nicole Fava) | J22: 3 | K22: 6 | L22: =IF(AND(J22>K22,J23>K23),2,IF(J22>K22,1,IF(J23>K23,1,0))) -> 1 | M22: =IF(AND(K22>J22,K23>J23),2,IF(K22>J22,1,IF(K23>J23,1,0))) -> 1
J23: 6 | K23: 2
C25: Total Day 10 A | J25: =SUM(J13:J23) -> 46 | K25: =SUM(K13:K23) -> 27 | L25: =SUM(L13:L23) -> 6 | M25: =SUM(M13:M23) -> 2
C28: 3.00 pm | D28: Lad C | E28: Elisa Sacco | F28: Jodie Formosa (Stephanie Hercegovac) | G28: vs | H28: Anna Casingena | I28: Anna Napier | J28: 6 | K28: 4 | L28: =IF(AND(J28>K28,J29>K29),2,IF(J28>K28,1,IF(J29>K29,1,0))) -> 1 | M28: =IF(AND(K28>J28,K29>J29),2,IF(K28>J28,1,IF(K29>J29,1,0))) -> 1
J29: 2 | K29: 6 | N29: Handicap rule applies instead of Stephanie Hercegovac
C31: 6.30 pm | D31: Lad B | E31: Deborah Farrugia | F31: Kelsey Gauci | G31: vs | H31: Sarah Axiaq | I31: Ceridwen Scerri | J31: 6 | K31: 4 | L31: =IF(AND(J31>K31,J32>K32),2,IF(J31>K31,1,IF(J32>K32,1,0))) -> 2 | M31: =IF(AND(K31>J31,K32>J32),2,IF(K31>J31,1,IF(K32>J32,1,0))) -> 0
J32: 6 | K32: 4
C34: 7.45 pm | D34: Lad A | E34: Sharon Mizzi | F34: Olivia Belli | G34: vs | H34: Romina Gauci | I34: Alexia Gouder | J34: 6 | K34: 4 | L34: =IF(AND(J34>K34,J35>K35),2,IF(J34>K34,1,IF(J35>K35,1,0))) -> 2 | M34: =IF(AND(K34>J34,K35>J35),2,IF(K34>J34,1,IF(K35>J35,1,0))) -> 0
J35: 6 | K35: 0
C37: 9.00 pm | D37: Men C | E37: Jean Paul Vella | F37: Darrell Pace (Pro Maurice Borg) | G37: vs | H37: Sebastian Attard | I37: Kristen Cachia | J37: 6 | K37: 4 | L37: =IF(AND(J37>K37,J38>K38),2,IF(J37>K37,1,IF(J38>K38,1,0))) -> 1 | M37: =IF(AND(K37>J37,K38>J38),2,IF(K37>J37,1,IF(K38>J38,1,0))) -> 1
J38: 4 | K38: 6
C40: Total Day 10B | J40: =SUM(J28:J38) -> 42 | K40: =SUM(K28:K38) -> 32 | L40: =SUM(L28:L38) -> 6 | M40: =SUM(M28:M38) -> 2
C42: Total Day 10 | J42: =J40+J25 -> 88 | K42: =K40+K25 -> 59 | L42: =L40+L25 -> 12 | M42: =M40+M25 -> 4
C44: Court 2
C46: Time | D46: Rubber | E46: TEAM B: Frans Ellul | H46: TEAM C: Lucienne Meli | J46: Games | L46: Sets
C48: 6.30 pm | D48: Men B | E48: James Farrugia | F48: Clint Agius | G48: vs | H48: Stephen Belli | I48: Richard Byrne | J48: 3 | K48: 6 | L48: =IF(AND(J48>K48,J49>K49),2,IF(J48>K48,1,IF(J49>K49,1,0))) -> 1 | M48: =IF(AND(K48>J48,K49>J49),2,IF(K48>J48,1,IF(K49>J49,1,0))) -> 1
J49: 6 | K49: 2
C51: 7.45 pm | D51: Men D | E51: Denis Caruana | F51: Adam Green | G51: vs | H51: Charles Grech | I51: Ahmed Elnakroud | J51: 6 | K51: 2 | L51: =IF(AND(J51>K51,J52>K52),2,IF(J51>K51,1,IF(J52>K52,1,0))) -> 2 | M51: =IF(AND(K51>J51,K52>J52),2,IF(K51>J51,1,IF(K52>J52,1,0))) -> 0
J52: 6 | K52: 0 | N52: ret.
C54: 9.00 pm | D54: MXD BA | E54: Celeste Zammit Marquette | F54: Julian Esposito | G54: vs | H54: Jonathan Vella | I54: Lucienne Meli | J54: 5 | K54: 7 | L54: =IF(AND(J54>K54,J55>K55),2,IF(J54>K54,1,IF(J55>K55,1,0))) -> 0 | M54: =IF(AND(K54>J54,K55>J55),2,IF(K54>J54,1,IF(K55>J55,1,0))) -> 2
J55: 3 | K55: 6
C57: 9.00 pm | D57: Lad A | E57: Christine Schembri | F57: Yasmine Hefny | G57: vs | H57: Mariska Steenkamer | I57: Annabelle Abela | J57: 6 | K57: 1 | L57: =IF(AND(J57>K57,J58>K58),2,IF(J57>K57,1,IF(J58>K58,1,0))) -> 2 | M57: =IF(AND(K57>J57,K58>J58),2,IF(K57>J57,1,IF(K58>J58,1,0))) -> 0
J58: 6 | K58: 1
C60: Total Day 10 A | J60: =SUM(J48:J58) -> 41 | K60: =SUM(K48:K58) -> 25 | L60: =SUM(L48:L58) -> 5 | M60: =SUM(M48:M58) -> 3
C63: 6.30 pm | D63: Lad C | E63: Stefania Camilleri | F63: Rose Falzon (Pro Anna Ancilleri) | G63: vs | H63: Mary Borg | I63: Josette Cassar (Jean Frendo) | J63: 6 | K63: 2 | L63: =IF(AND(J63>K63,J64>K64),2,IF(J63>K63,1,IF(J64>K64,1,0))) -> 2 | M63: =IF(AND(K63>J63,K64>J64),2,IF(K63>J63,1,IF(K64>J64,1,0))) -> 0 | N63: Handicap rule applies instead of Jean Frendo
J64: 6 | K64: 1
C66: 7.45 pm | D66: Men A | E66: Marcelo Villanueva | F66: Eric Roca | G66: vs | H66: Matthew Mifsud | I66: Massimo Giovannini | J66: 7 | K66: 5 | L66: =IF(AND(J66>K66,J67>K67),2,IF(J66>K66,1,IF(J67>K67,1,0))) -> 2 | M66: =IF(AND(K66>J66,K67>J67),2,IF(K66>J66,1,IF(K67>J67,1,0))) -> 0
J67: 6 | K67: 4
C69: 8.15 pm | D69: Lad B | E69: Ann Marie Attard | F69: Diane Debono | G69: vs | H69: Anabel Borg | I69: Carmen Difesa | J69: 2 | K69: 6 | L69: =IF(AND(J69>K69,J70>K70),2,IF(J69>K69,1,IF(J70>K70,1,0))) -> 0 | M69: =IF(AND(K69>J69,K70>J70),2,IF(K69>J69,1,IF(K70>J70,1,0))) -> 2
J70: 3 | K70: 6
C72: 7.15 pm | D72: Men C | E72: Alain Frendo | F72: Max Anastasi Jr (Pro Juan Debono) | G72: vs | H72: Joe Carabott | I72: Victor Rutter | J72: 4 | K72: 6 | L72: =IF(AND(J72>K72,J73>K73),2,IF(J72>K72,1,IF(J73>K73,1,0))) -> 0 | M72: =IF(AND(K72>J72,K73>J73),2,IF(K72>J72,1,IF(K73>J73,1,0))) -> 2
J73: 2 | K73: 6
C75: Total Day 10B | J75: =SUM(J63:J73) -> 36 | K75: =SUM(K63:K73) -> 36 | L75: =SUM(L63:L73) -> 4 | M75: =SUM(M63:M73) -> 4
C77: Total Day 10 | J77: =J75+J60 -> 77 | K77: =K75+K60 -> 61 | L77: =L75+L60 -> 9 | M77: =M75+M60 -> 7
C79: Court 4
C81: Time | D81: Rubber | E81: TEAM E: Aaron Micallef Piccione | G81: vs | H81: TEAM F: Lonia Carabott
C83: 6.30 pm | D83: Lad B | E83: Marthese Camoin | F83: Ruth Micallef | G83: vs | H83: Kristina Briffa | I83: Diane Fenech | J83: 6 | K83: 4 | L83: =IF(AND(J83>K83,J84>K84),2,IF(J83>K83,1,IF(J84>K84,1,0))) -> 1 | M83: =IF(AND(K83>J83,K84>J84),2,IF(K83>J83,1,IF(K84>J84,1,0))) -> 1
J84: 2 | K84: 6
C86: 7.45 pm | D86: Men C | E86: Matthew Schembri | F86: Ivan Saliba | G86: vs | H86: Max Anastasi | I86: Artiom Kiricenko | J86: 3 | K86: 6 | L86: =IF(AND(J86>K86,J87>K87),2,IF(J86>K86,1,IF(J87>K87,1,0))) -> 0 | M86: =IF(AND(K86>J86,K87>J87),2,IF(K86>J86,1,IF(K87>J87,1,0))) -> 2
J87: 3 | K87: 6
C89: 9.00 pm | D89: MXD BA | E89: Ivan Cachia | F89: Julia Barbara | G89: vs | H89: Ryan Mizzi | I89: Anthea Gauci | J89: 1 | K89: 6 | L89: =IF(AND(J89>K89,J90>K90),2,IF(J89>K89,1,IF(J90>K90,1,0))) -> 0 | M89: =IF(AND(K89>J89,K90>J90),2,IF(K89>J89,1,IF(K90>J90,1,0))) -> 2
J90: 1 | K90: 6
C92: 9.00 pm | D92: Lad C | E92: Christine Seychell | F92: Lilian Baldacchino | G92: vs | H92: Julie Spiteri | I92: Anna Fenech | J92: 6 | K92: 0 | L92: =IF(AND(J92>K92,J93>K93),2,IF(J92>K92,1,IF(J93>K93,1,0))) -> 2 | M92: =IF(AND(K92>J92,K93>J93),2,IF(K92>J92,1,IF(K93>J93,1,0))) -> 0
J93: 6 | K93: 0 | N93: w/o
C95: Total Day 10 A | J95: =SUM(J83:J93) -> 28 | K95: =SUM(K83:K93) -> 34 | L95: =SUM(L83:L93) -> 3 | M95: =SUM(M83:M93) -> 5
C98: 6.30 pm | D98: Men D | E98: Joseph Randich | F98: Adrian Duca | G98: vs | H98: Kenneth Caruana | I98: Mario Abdilla | J98: 5 | K98: 7 | L98: =IF(AND(J98>K98,J99>K99),2,IF(J98>K98,1,IF(J99>K99,1,0))) -> 0 | M98: =IF(AND(K98>J98,K99>J99),2,IF(K98>J98,1,IF(K99>J99,1,0))) -> 2
J99: 2 | K99: 6
C101: 7.45 pm | D101: Men B | E101: Matthew Schembri (Pro Stefan Holmin) | F101: Manuel Mifsud | G101: vs | H101: Jonathan Martinelli | I101: Julian Esposito (Pro David Schembri) | J101: 3 | K101: 6 | L101: =IF(AND(J101>K101,J102>K102),2,IF(J101>K101,1,IF(J102>K102,1,0))) -> 1 | M101: =IF(AND(K101>J101,K102>J102),2,IF(K101>J101,1,IF(K102>J102,1,0))) -> 1
J102: 6 | K102: 4
C104: 9.00 pm | D104: Men A | E104: Adrian Chetcuti | F104: Marco Mercieca | G104: vs | H104: Nikolai Belli | I104: Melchior Farrugia | J104: 6 | K104: 4 | L104: =IF(AND(J104>K104,J105>K105),2,IF(J104>K104,1,IF(J105>K105,1,0))) -> 2 | M104: =IF(AND(K104>J104,K105>J105),2,IF(K104>J104,1,IF(K105>J105,1,0))) -> 0
J105: 6 | K105: 2
C107: 9.00 pm | D107: Lad A | E107: Alexia Spiteri Willets | F107: Alison Muscat | G107: vs | H107: Elaine Grech | I107: Diane Fenech (Pro Dorianne Buhagiar) | J107: 0 | K107: 6 | L107: =IF(AND(J107>K107,J108>K108),2,IF(J107>K107,1,IF(J108>K108,1,0))) -> 0 | M107: =IF(AND(K107>J107,K108>J108),2,IF(K107>J107,1,IF(K108>J108,1,0))) -> 2
J108: 0 | K108: 6
C110: Total Day 10B | J110: =SUM(J98:J108) -> 28 | K110: =SUM(K98:K108) -> 41 | L110: =SUM(L98:L108) -> 3 | M110: =SUM(M98:M108) -> 5
C112: Total Day 10 | J112: =J110+J95 -> 56 | K112: =K110+K95 -> 75 | L112: =L110+L95 -> 6 | M112: =M110+M95 -> 10

Sheet Semi Final
C1: SAN MICHEL TEAM TOURNAMENT 2023
C6: Semi Final - 06/05/2023 & 08/05/2023
C9: Court 1
C11: Time | D11: Rubber | E11: TEAM F: Lonia Carabott | G11: vs | H11: TEAM D: Lucienne Meli Bellizzi | J11: Games | L11: Sets
C12: 3.30pm | D12: Men C | E12: Max Anastasi | F12: Artiom Kiricenko | G12: vs | H12: Victor Rutter | I12: Joe Carabott | J12: 6 | K12: 2 | L12: =IF(AND(J12>K12,J13>K13),2,IF(J12>K12,1,IF(J13>K13,1,0))) -> 2 | M12: =IF(AND(K12>J12,K13>J13),2,IF(K12>J12,1,IF(K13>J13,1,0))) -> 0
J13: 6 | K13: 4
C15: 4.45pm | D15: Lad A | E15: Martina Cuschieri | F15: Elaine Grech | G15: vs | H15: Ann-Marie Mangion | I15: Anabel Borg (pro) Annabelle Abela | J15: 7 | K15: 6 | L15: =IF(AND(J15>K15,J16>K16),2,IF(J15>K15,1,IF(J16>K16,1,0))) -> 2 | M15: =IF(AND(K15>J15,K16>J16),2,IF(K15>J15,1,IF(K16>J16,1,0))) -> 0
J16: 6 | K16: 2
C18: 6.00pm | D18: Lad B | E18: Kristina Briffa | F18: Diane Fenech | G18: vs | H18: Anabel Borg | I18: Carmen Difesa | J18: 6 | K18: 0 | L18: =IF(AND(J18>K18,J19>K19),2,IF(J18>K18,1,IF(J19>K19,1,0))) -> 2 | M18: =IF(AND(K18>J18,K19>J19),2,IF(K18>J18,1,IF(K19>J19,1,0))) -> 0
J19: 7 | K19: 5
C21: 3.30pm | D21: Lad C | E21: Julie Spiteri | F21: Anna Fenech | G21: vs | H21: Mary Borg | I21: Josette Cassar | J21: 7 | K21: 5 | L21: =IF(AND(J21>K21,J22>K22),2,IF(J21>K21,1,IF(J22>K22,1,0))) -> 1 | M21: =IF(AND(K21>J21,K22>J22),2,IF(K21>J21,1,IF(K22>J22,1,0))) -> 1
J22: 5 | K22: 7
J24: =SUM(J12:J22) -> 50 | K24: =SUM(K12:K22) -> 31 | L24: =SUM(L12:L22) -> 7 | M24: =SUM(M12:M22) -> 1
C27: 6.30 pm | D27: Men D | E27: Kenneth Caruana | F27: Charles Borg Grech | G27: vs | H27: Charles Grech | I27: Ahmed Eln Akroud | J27: 6 | K27: 0 | L27: =IF(AND(J27>K27,J28>K28),2,IF(J27>K27,1,IF(J28>K28,1,0))) -> 1 | M27: =IF(AND(K27>J27,K28>J28),2,IF(K27>J27,1,IF(K28>J28,1,0))) -> 0
C30: 7.45 pm | D30: Men B | E30: David Schembri | F30: Jonathan Martinelli | G30: vs | H30: Richard Curmi | I30: Jonathan Vella (pro) Richard Byrne | J30: 6 | K30: 2 | L30: =IF(AND(J30>K30,J31>K31),2,IF(J30>K30,1,IF(J31>K31,1,0))) -> 1 | M30: =IF(AND(K30>J30,K31>J31),2,IF(K30>J30,1,IF(K31>J31,1,0))) -> 0
C33: 9.00pm | D33: Men A | E33: Kurt Carabott | F33: Nikolai Belli | G33: vs | H33: Matthew Mifsud | I33: Trevor Rutter | J33: 0 | K33: 0 | L33: =IF(AND(J33>K33,J34>K34),2,IF(J33>K33,1,IF(J34>K34,1,0))) -> 0 | M33: =IF(AND(K33>J33,K34>J34),2,IF(K33>J33,1,IF(K34>J34,1,0))) -> 0
J34: 0 | K34: 0
C36: 9.00pm | D36: Mixed BA | E36: Ryan Mizzi | F36: Anthea Gauci | G36: vs | H36: Jonathan Vella | I36: Lucienne Meli | L36: =IF(AND(J36>K36,J37>K37),2,IF(J36>K36,1,IF(J37>K37,1,0))) -> 0 | M36: =IF(AND(K36>J36,K37>J37),2,IF(K36>J36,1,IF(K37>J37,1,0))) -> 0
J39: =SUM(J24:J37) -> 62 | K39: =SUM(K24:K37) -> 33 | L39: =SUM(L24:L37) -> 9 | M39: =SUM(M24:M37) -> 1
C43: Court 2
C45: Time | D45: Rubber | E45: TEAM A: Gabriel Pace | H45: TEAM B: Frans Ellul | J45: Games | L45: Sets
C46: 4.45pm | D46: Men D | E46: Twanny Pule' | F46: Sean Cachia | G46: vs | H46: Denis Caruana | I46: Adam Green | J46: 3 | K46: 6 | L46: =IF(AND(J46>K46,J47>K47),2,IF(J46>K46,1,IF(J47>K47,1,0))) -> 0 | M46: =IF(AND(K46>J46,K47>J47),2,IF(K46>J46,1,IF(K47>J47,1,0))) -> 2
J47: 4 | K47: 6
C49: 6.00pm | D49: Men A | E49: Marc Vella Bonnici | F49: Keith Micallef | G49: vs | H49: Marcelo Villanueva | I49: Eric Roca | J49: 6 | K49: 2 | L49: =IF(AND(J49>K49,J50>K50),2,IF(J49>K49,1,IF(J50>K50,1,0))) -> 2 | M49: =IF(AND(K49>J49,K50>J50),2,IF(K49>J49,1,IF(K50>J50,1,0))) -> 0 | N49: TB 7-4
J50: 6 | K50: 3
C52: 9.00pm | D52: Lad B | E52: Deborah Farrugia | F52: Kelsey Gauci | G52: vs | H52: Francesca Sciortino | I52: Ann-Marie Attard | L52: =IF(AND(J52>K52,J53>K53),2,IF(J52>K52,1,IF(J53>K53,1,0))) -> 0 | M52: =IF(AND(K52>J52,K53>J53),2,IF(K52>J52,1,IF(K53>J53,1,0))) -> 0
C55: 8.30pm | D55: Lad C | E55: Sharon Mizzi | F55: Olivia Belli | G55: vs | H55: Christine Schembri | I55: Yasmine Hefney | J55: 2 | K55: 6 | L55: =IF(AND(J55>K55,J56>K56),2,IF(J55>K55,1,IF(J56>K56,1,0))) -> 0 | M55: =IF(AND(K55>J55,K56>J56),2,IF(K55>J55,1,IF(K56>J56,1,0))) -> 2
J56: 3 | K56: 6
J58: =SUM(J46:J56) -> 24 | K58: =SUM(K46:K56) -> 29 | L58: =SUM(L46:L56) -> 2 | M58: =SUM(M46:M56) -> 4
C61: 6.30pm | D61: Men B | E61: Gabriel Pace | F61: Earvin Grech Meli | G61: vs | H61: James Farrugia | I61: Clint Agius | J61: 6 | K61: 2 | L61: =IF(AND(J61>K61,J62>K62),2,IF(J61>K61,1,IF(J62>K62,1,0))) -> 1 | M61: =IF(AND(K61>J61,K62>J62),2,IF(K61>J61,1,IF(K62>J62,1,0))) -> 1
J62: 0 | K62: 6
C64: 6.30pm | D64: Mxd BA | E64: Gene Zammit | F64: Kirsty Mercieca | G64: vs | H64: Julian Bilocca | I64: Celeste Zammit Marquette | J64: 6 | K64: 7 | L64: =IF(AND(J64>K64,J65>K65),2,IF(J64>K64,1,IF(J65>K65,1,0))) -> 1 | M64: =IF(AND(K64>J64,K65>J65),2,IF(K64>J64,1,IF(K65>J65,1,0))) -> 1
J65: 7 | K65: 5
C67: 7.45pm | D67: Lad C | E67: Jodie Stivala | F67: Elisa Sacco | G67: vs | H67: Stefania Camilleri | I67: Rose Falzon | J67: 6 | K67: 3 | L67: =IF(AND(J67>K67,J68>K68),2,IF(J67>K67,1,IF(J68>K68,1,0))) -> 2 | M67: =IF(AND(K67>J67,K68>J68),2,IF(K67>J67,1,IF(K68>J68,1,0))) -> 0
J68: 7 | K68: 5
C70: 7.45pm | D70: Men C | E70: Darrell Pace | F70: Jean Paul Vella | G70: vs | H70: Juan Debono | I70: Alain Frendo | J70: 4 | K70: 6 | L70: =IF(AND(J70>K70,J71>K71),2,IF(J70>K70,1,IF(J71>K71,1,0))) -> 0 | M70: =IF(AND(K70>J70,K71>J71),2,IF(K70>J70,1,IF(K71>J71,1,0))) -> 2
J71: 6 | K71: 7
J73: =SUM(J58:J71) -> 66 | K73: =SUM(K58:K71) -> 70 | L73: =SUM(L58:L71) -> 6 | M73: =SUM(M58:M71) -> 8

Sheet Final
A1: SAN MICHEL TEAM TOURNAMENT 2023
A6: Final - 12/05/2023
A9: Court 1/2/4
A11: Time | B11: Rubber | C11: TEAM B: Lonia Carabott | F11: TEAM F: Frans Ellul | H11: Games | J11: Sets
A12: 6.30 pm | B12: Men D | C12: Kenneth Caruana | D12: Charles Borg Grech | E12: vs | F12: Denis Caruana | G12: Adam Green | H12: 6 | I12: 4 | J12: =IF(AND(H12>I12,H13>I13),2,IF(H12>I12,1,IF(H13>I13,1,0))) -> 1 | K12: =IF(AND(I12>H12,I13>H13),2,IF(I12>H12,1,IF(I13>H13,1,0))) -> 1
H13: 2 | I13: 6
A15: 6.30 pm | B15: Men C | C15: Max Anastasi | D15: Artiom Kiricenko | E15: vs | F15: Juan Debono | G15: Alain Frendo | H15: 6 | I15: 2 | J15: =IF(AND(H15>I15,H16>I16),2,IF(H15>I15,1,IF(H16>I16,1,0))) -> 2 | K15: =IF(AND(I15>H15,I16>H16),2,IF(I15>H15,1,IF(I16>H16,1,0))) -> 0
H16: 6 | I16: 1
A18: 6.30 pm | B18: Men B | C18: David Schembri | D18: Joathan Martinelli | E18: vs | F18: James Farrugia | G18: Clint Agius | H18: 6 | I18: 7 | J18: =IF(AND(H18>I18,H19>I19),2,IF(H18>I18,1,IF(H19>I19,1,0))) -> 1 | K18: =IF(AND(I18>H18,I19>H19),2,IF(I18>H18,1,IF(I19>H19,1,0))) -> 1
H19: 6 | I19: 1
A21: 6.45 pm | B21: Lad C | C21: Julie Spiteri | D21: Anna Fenech | E21: vs | F21: Stefania Camilleri | G21: Rose Falzon | H21: 6 | I21: 4 | J21: =IF(AND(H21>I21,H22>I22),2,IF(H21>I21,1,IF(H22>I22,1,0))) -> 2 | K21: =IF(AND(I21>H21,I22>H22),2,IF(I21>H21,1,IF(I22>H22,1,0))) -> 0
H22: 6 | I22: 3
A24: 7.45 pm | B24: Lad B | C24: Diane Fenech | D24: Lonia Carabott | E24: vs | F24: Francesca Sciortino | G24: Ann Marie Attard | H24: 4 | I24: 6 | J24: =IF(AND(H24>I24,H25>I25),2,IF(H24>I24,1,IF(H25>I25,1,0))) -> 1 | K24: =IF(AND(I24>H24,I25>H25),2,IF(I24>H24,1,IF(I25>H25,1,0))) -> 1
H25: 6 | I25: 3 | L25: T?B 7-9
A27: 7.45 pm | B27: Men A | C27: Kurt Carabott | D27: Nikolai Belli | E27: vs | F27: Marcelo Villanueva | G27: Eric Roca | H27: 7 | I27: 5 | J27: =IF(AND(H27>I27,H28>I28),2,IF(H27>I27,1,IF(H28>I28,1,0))) -> 1 | K27: =IF(AND(I27>H27,I28>H28),2,IF(I27>H27,1,IF(I28>H28,1,0))) -> 0
H28: / | I28: /
A30: 7.45 pm | B30: MXD BA | C30: Ryan Mizzi | D30: Anthea Gauci | E30: vs | F30: Julian Bilocca | G30: Celeste Zammit Marquette | H30: 2 | I30: 6 | J30: =IF(AND(H30>I30,H31>I31),2,IF(H30>I30,1,IF(H31>I31,1,0))) -> 1 | K30: =IF(AND(I30>H30,I31>H31),2,IF(I30>H30,1,IF(I31>H31,1,0))) -> 1
H31: 6 | I31: 3
A32: 7.45 pm | B32: Lad A | C32: Martina Cuschieri | D32: Elaine Grech | E32: vs | F32: Yasmine Hefny | G32: Celeste Zammit Marquette (pro Christine Schembri) | H32: 7 | I32: 5 | J32: 1 | K32: 0
H33: / | I33: /
H35: =SUM(H9:H33) -> 76 | I35: =SUM(I9:I33) -> 56 | J35: =SUM(J9:J33) -> 10 | K35: =SUM(K9:K33) -> 4
